country,port,period,case,slack_hours,delay_hours,speed,n,safe_rate,late_rate,mean_consumed_synthetic_units,paired_safe_n,adaptive_consumed_change_pct
Canada,Vancouver,2025-08,no_anchor_delay,0,0.0,fixed,200,1,0,159.34246275823037,200,0.0
Canada,Vancouver,2025-08,no_anchor_delay,0,0.0,adaptive,200,1,0,159.34246275823037,200,0.0
Canada,Vancouver,2025-08,no_anchor_delay,12,0.0,fixed,200,1,0,159.34246275823037,200,0.0
Canada,Vancouver,2025-08,no_anchor_delay,12,0.0,adaptive,200,1,0,159.34246275823037,200,0.0
Canada,Vancouver,2025-08,no_anchor_delay,24,0.0,fixed,200,1,0,159.34246275823037,200,0.0
Canada,Vancouver,2025-08,no_anchor_delay,24,0.0,adaptive,200,1,0,159.34246275823037,200,0.0
Canada,Vancouver,2025-08,no_anchor_delay,48,0.0,fixed,200,1,0,159.34246275823037,200,0.0
Canada,Vancouver,2025-08,no_anchor_delay,48,0.0,adaptive,200,1,0,159.34246275823037,200,0.0
Canada,Vancouver,2025-08,no_anchor_delay,96,0.0,fixed,200,1,0,159.34246275823037,200,0.0
Canada,Vancouver,2025-08,no_anchor_delay,96,0.0,adaptive,200,1,0,159.34246275823037,200,0.0
Canada,Vancouver,2025-08,no_anchor_delay,144,0.0,fixed,200,1,0,159.34246275823037,200,0.0
Canada,Vancouver,2025-08,no_anchor_delay,144,0.0,adaptive,200,1,0,159.34246275823037,200,0.0
Canada,Vancouver,2025-08,all_calls_mean_proxy,0,3.764705882352941,fixed,200,1,1,159.34246275823037,200,16.508677303991746
Canada,Vancouver,2025-08,all_calls_mean_proxy,0,3.764705882352941,adaptive,200,1,0,185.64779574321986,200,16.508677303991746
Canada,Vancouver,2025-08,all_calls_mean_proxy,12,3.764705882352941,fixed,200,1,0,159.34246275823037,200,0.0
Canada,Vancouver,2025-08,all_calls_mean_proxy,12,3.764705882352941,adaptive,200,1,0,159.34246275823037,200,0.0
Canada,Vancouver,2025-08,all_calls_mean_proxy,24,3.764705882352941,fixed,200,1,0,159.34246275823037,200,0.0
Canada,Vancouver,2025-08,all_calls_mean_proxy,24,3.764705882352941,adaptive,200,1,0,159.34246275823037,200,0.0
Canada,Vancouver,2025-08,all_calls_mean_proxy,48,3.764705882352941,fixed,200,1,0,159.34246275823037,200,0.0
Canada,Vancouver,2025-08,all_calls_mean_proxy,48,3.764705882352941,adaptive,200,1,0,159.34246275823037,200,0.0
Canada,Vancouver,2025-08,all_calls_mean_proxy,96,3.764705882352941,fixed,200,1,0,159.34246275823037,200,0.0
Canada,Vancouver,2025-08,all_calls_mean_proxy,96,3.764705882352941,adaptive,200,1,0,159.34246275823037,200,0.0
Canada,Vancouver,2025-08,all_calls_mean_proxy,144,3.764705882352941,fixed,200,1,0,159.34246275823037,200,0.0
Canada,Vancouver,2025-08,all_calls_mean_proxy,144,3.764705882352941,adaptive,200,1,0,159.34246275823037,200,0.0
Canada,Vancouver,2025-08,anchored_call_mean_stress,0,38.4,fixed,200,1,1,159.34246275823037,200,44.000000000000014
Canada,Vancouver,2025-08,anchored_call_mean_stress,0,38.4,adaptive,200,1,1,229.45314637185174,200,44.000000000000014
Canada,Vancouver,2025-08,anchored_call_mean_stress,12,38.4,fixed,200,1,1,159.34246275823037,200,44.000000000000014
Canada,Vancouver,2025-08,anchored_call_mean_stress,12,38.4,adaptive,200,1,1,229.45314637185174,200,44.000000000000014
Canada,Vancouver,2025-08,anchored_call_mean_stress,24,38.4,fixed,200,1,1,159.34246275823037,200,44.000000000000014
Canada,Vancouver,2025-08,anchored_call_mean_stress,24,38.4,adaptive,200,1,1,229.45314637185174,200,44.000000000000014
Canada,Vancouver,2025-08,anchored_call_mean_stress,48,38.4,fixed,200,1,0,159.34246275823037,200,0.0
Canada,Vancouver,2025-08,anchored_call_mean_stress,48,38.4,adaptive,200,1,0,159.34246275823037,200,0.0
Canada,Vancouver,2025-08,anchored_call_mean_stress,96,38.4,fixed,200,1,0,159.34246275823037,200,0.0
Canada,Vancouver,2025-08,anchored_call_mean_stress,96,38.4,adaptive,200,1,0,159.34246275823037,200,0.0
Canada,Vancouver,2025-08,anchored_call_mean_stress,144,38.4,fixed,200,1,0,159.34246275823037,200,0.0
Canada,Vancouver,2025-08,anchored_call_mean_stress,144,38.4,adaptive,200,1,0,159.34246275823037,200,0.0
Canada,Vancouver,2025-09,no_anchor_delay,0,0.0,fixed,200,1,0,159.34246275823037,200,0.0
Canada,Vancouver,2025-09,no_anchor_delay,0,0.0,adaptive,200,1,0,159.34246275823037,200,0.0
Canada,Vancouver,2025-09,no_anchor_delay,12,0.0,fixed,200,1,0,159.34246275823037,200,0.0
Canada,Vancouver,2025-09,no_anchor_delay,12,0.0,adaptive,200,1,0,159.34246275823037,200,0.0
Canada,Vancouver,2025-09,no_anchor_delay,24,0.0,fixed,200,1,0,159.34246275823037,200,0.0
Canada,Vancouver,2025-09,no_anchor_delay,24,0.0,adaptive,200,1,0,159.34246275823037,200,0.0
Canada,Vancouver,2025-09,no_anchor_delay,48,0.0,fixed,200,1,0,159.34246275823037,200,0.0
Canada,Vancouver,2025-09,no_anchor_delay,48,0.0,adaptive,200,1,0,159.34246275823037,200,0.0
Canada,Vancouver,2025-09,no_anchor_delay,96,0.0,fixed,200,1,0,159.34246275823037,200,0.0
Canada,Vancouver,2025-09,no_anchor_delay,96,0.0,adaptive,200,1,0,159.34246275823037,200,0.0
Canada,Vancouver,2025-09,no_anchor_delay,144,0.0,fixed,200,1,0,159.34246275823037,200,0.0
Canada,Vancouver,2025-09,no_anchor_delay,144,0.0,adaptive,200,1,0,159.34246275823037,200,0.0
Canada,Vancouver,2025-09,all_calls_mean_proxy,0,3.066666666666667,fixed,200,1,1,159.34246275823037,200,11.06604802203619
Canada,Vancouver,2025-09,all_calls_mean_proxy,0,3.066666666666667,adaptive,200,1,0,176.9753762065513,200,11.06604802203619
Canada,Vancouver,2025-09,all_calls_mean_proxy,12,3.066666666666667,fixed,200,1,0,159.34246275823037,200,0.0
Canada,Vancouver,2025-09,all_calls_mean_proxy,12,3.066666666666667,adaptive,200,1,0,159.34246275823037,200,0.0
Canada,Vancouver,2025-09,all_calls_mean_proxy,24,3.066666666666667,fixed,200,1,0,159.34246275823037,200,0.0
Canada,Vancouver,2025-09,all_calls_mean_proxy,24,3.066666666666667,adaptive,200,1,0,159.34246275823037,200,0.0
Canada,Vancouver,2025-09,all_calls_mean_proxy,48,3.066666666666667,fixed,200,1,0,159.34246275823037,200,0.0
Canada,Vancouver,2025-09,all_calls_mean_proxy,48,3.066666666666667,adaptive,200,1,0,159.34246275823037,200,0.0
Canada,Vancouver,2025-09,all_calls_mean_proxy,96,3.066666666666667,fixed,200,1,0,159.34246275823037,200,0.0
Canada,Vancouver,2025-09,all_calls_mean_proxy,96,3.066666666666667,adaptive,200,1,0,159.34246275823037,200,0.0
Canada,Vancouver,2025-09,all_calls_mean_proxy,144,3.066666666666667,fixed,200,1,0,159.34246275823037,200,0.0
Canada,Vancouver,2025-09,all_calls_mean_proxy,144,3.066666666666667,adaptive,200,1,0,159.34246275823037,200,0.0
Canada,Vancouver,2025-09,anchored_call_mean_stress,0,55.2,fixed,200,1,1,159.34246275823037,200,44.000000000000014
Canada,Vancouver,2025-09,anchored_call_mean_stress,0,55.2,adaptive,200,1,1,229.45314637185174,200,44.000000000000014
Canada,Vancouver,2025-09,anchored_call_mean_stress,12,55.2,fixed,200,1,1,159.34246275823037,200,44.000000000000014
Canada,Vancouver,2025-09,anchored_call_mean_stress,12,55.2,adaptive,200,1,1,229.45314637185174,200,44.000000000000014
Canada,Vancouver,2025-09,anchored_call_mean_stress,24,55.2,fixed,200,1,1,159.34246275823037,200,44.000000000000014
Canada,Vancouver,2025-09,anchored_call_mean_stress,24,55.2,adaptive,200,1,1,229.45314637185174,200,44.000000000000014
Canada,Vancouver,2025-09,anchored_call_mean_stress,48,55.2,fixed,200,1,1,159.34246275823037,200,27.434265500145226
Canada,Vancouver,2025-09,anchored_call_mean_stress,48,55.2,adaptive,200,1,0,203.05689704579333,200,27.434265500145226
Canada,Vancouver,2025-09,anchored_call_mean_stress,96,55.2,fixed,200,1,0,159.34246275823037,200,0.0
Canada,Vancouver,2025-09,anchored_call_mean_stress,96,55.2,adaptive,200,1,0,159.34246275823037,200,0.0
Canada,Vancouver,2025-09,anchored_call_mean_stress,144,55.2,fixed,200,1,0,159.34246275823037,200,0.0
Canada,Vancouver,2025-09,anchored_call_mean_stress,144,55.2,adaptive,200,1,0,159.34246275823037,200,0.0
Canada,Vancouver,2025-10,no_anchor_delay,0,0.0,fixed,200,1,0,159.34246275823037,200,0.0
Canada,Vancouver,2025-10,no_anchor_delay,0,0.0,adaptive,200,1,0,159.34246275823037,200,0.0
Canada,Vancouver,2025-10,no_anchor_delay,12,0.0,fixed,200,1,0,159.34246275823037,200,0.0
Canada,Vancouver,2025-10,no_anchor_delay,12,0.0,adaptive,200,1,0,159.34246275823037,200,0.0
Canada,Vancouver,2025-10,no_anchor_delay,24,0.0,fixed,200,1,0,159.34246275823037,200,0.0
Canada,Vancouver,2025-10,no_anchor_delay,24,0.0,adaptive,200,1,0,159.34246275823037,200,0.0
Canada,Vancouver,2025-10,no_anchor_delay,48,0.0,fixed,200,1,0,159.34246275823037,200,0.0
Canada,Vancouver,2025-10,no_anchor_delay,48,0.0,adaptive,200,1,0,159.34246275823037,200,0.0
Canada,Vancouver,2025-10,no_anchor_delay,96,0.0,fixed,200,1,0,159.34246275823037,200,0.0
Canada,Vancouver,2025-10,no_anchor_delay,96,0.0,adaptive,200,1,0,159.34246275823037,200,0.0
Canada,Vancouver,2025-10,no_anchor_delay,144,0.0,fixed,200,1,0,159.34246275823037,200,0.0
Canada,Vancouver,2025-10,no_anchor_delay,144,0.0,adaptive,200,1,0,159.34246275823037,200,0.0
Canada,Vancouver,2025-10,all_calls_mean_proxy,0,11.781818181818181,fixed,200,1,1,159.34246275823037,200,44.000000000000014
Canada,Vancouver,2025-10,all_calls_mean_proxy,0,11.781818181818181,adaptive,200,1,0,229.45314637185174,200,44.000000000000014
Canada,Vancouver,2025-10,all_calls_mean_proxy,12,11.781818181818181,fixed,200,1,0,159.34246275823037,200,0.0
Canada,Vancouver,2025-10,all_calls_mean_proxy,12,11.781818181818181,adaptive,200,1,0,159.34246275823037,200,0.0
Canada,Vancouver,2025-10,all_calls_mean_proxy,24,11.781818181818181,fixed,200,1,0,159.34246275823037,200,0.0
Canada,Vancouver,2025-10,all_calls_mean_proxy,24,11.781818181818181,adaptive,200,1,0,159.34246275823037,200,0.0
Canada,Vancouver,2025-10,all_calls_mean_proxy,48,11.781818181818181,fixed,200,1,0,159.34246275823037,200,0.0
Canada,Vancouver,2025-10,all_calls_mean_proxy,48,11.781818181818181,adaptive,200,1,0,159.34246275823037,200,0.0
Canada,Vancouver,2025-10,all_calls_mean_proxy,96,11.781818181818181,fixed,200,1,0,159.34246275823037,200,0.0
Canada,Vancouver,2025-10,all_calls_mean_proxy,96,11.781818181818181,adaptive,200,1,0,159.34246275823037,200,0.0
Canada,Vancouver,2025-10,all_calls_mean_proxy,144,11.781818181818181,fixed,200,1,0,159.34246275823037,200,0.0
Canada,Vancouver,2025-10,all_calls_mean_proxy,144,11.781818181818181,adaptive,200,1,0,159.34246275823037,200,0.0
Canada,Vancouver,2025-10,anchored_call_mean_stress,0,72.0,fixed,200,1,1,159.34246275823037,200,44.000000000000014
Canada,Vancouver,2025-10,anchored_call_mean_stress,0,72.0,adaptive,200,1,1,229.45314637185174,200,44.000000000000014
Canada,Vancouver,2025-10,anchored_call_mean_stress,12,72.0,fixed,200,1,1,159.34246275823037,200,44.000000000000014
Canada,Vancouver,2025-10,anchored_call_mean_stress,12,72.0,adaptive,200,1,1,229.45314637185174,200,44.000000000000014
Canada,Vancouver,2025-10,anchored_call_mean_stress,24,72.0,fixed,200,1,1,159.34246275823037,200,44.000000000000014
Canada,Vancouver,2025-10,anchored_call_mean_stress,24,72.0,adaptive,200,1,1,229.45314637185174,200,44.000000000000014
Canada,Vancouver,2025-10,anchored_call_mean_stress,48,72.0,fixed,200,1,1,159.34246275823037,200,44.000000000000014
Canada,Vancouver,2025-10,anchored_call_mean_stress,48,72.0,adaptive,200,1,1,229.45314637185174,200,44.000000000000014
Canada,Vancouver,2025-10,anchored_call_mean_stress,96,72.0,fixed,200,1,0,159.34246275823037,200,0.0
Canada,Vancouver,2025-10,anchored_call_mean_stress,96,72.0,adaptive,200,1,0,159.34246275823037,200,0.0
Canada,Vancouver,2025-10,anchored_call_mean_stress,144,72.0,fixed,200,1,0,159.34246275823037,200,0.0
Canada,Vancouver,2025-10,anchored_call_mean_stress,144,72.0,adaptive,200,1,0,159.34246275823037,200,0.0
Canada,Vancouver,2025-11,no_anchor_delay,0,0.0,fixed,200,1,0,159.34246275823037,200,0.0
Canada,Vancouver,2025-11,no_anchor_delay,0,0.0,adaptive,200,1,0,159.34246275823037,200,0.0
Canada,Vancouver,2025-11,no_anchor_delay,12,0.0,fixed,200,1,0,159.34246275823037,200,0.0
Canada,Vancouver,2025-11,no_anchor_delay,12,0.0,adaptive,200,1,0,159.34246275823037,200,0.0
Canada,Vancouver,2025-11,no_anchor_delay,24,0.0,fixed,200,1,0,159.34246275823037,200,0.0
Canada,Vancouver,2025-11,no_anchor_delay,24,0.0,adaptive,200,1,0,159.34246275823037,200,0.0
Canada,Vancouver,2025-11,no_anchor_delay,48,0.0,fixed,200,1,0,159.34246275823037,200,0.0
Canada,Vancouver,2025-11,no_anchor_delay,48,0.0,adaptive,200,1,0,159.34246275823037,200,0.0
Canada,Vancouver,2025-11,no_anchor_delay,96,0.0,fixed,200,1,0,159.34246275823037,200,0.0
Canada,Vancouver,2025-11,no_anchor_delay,96,0.0,adaptive,200,1,0,159.34246275823037,200,0.0
Canada,Vancouver,2025-11,no_anchor_delay,144,0.0,fixed,200,1,0,159.34246275823037,200,0.0
Canada,Vancouver,2025-11,no_anchor_delay,144,0.0,adaptive,200,1,0,159.34246275823037,200,0.0
Canada,Vancouver,2025-11,all_calls_mean_proxy,0,2.8,fixed,200,1,1,159.34246275823037,200,11.06604802203619
Canada,Vancouver,2025-11,all_calls_mean_proxy,0,2.8,adaptive,200,1,0,176.9753762065513,200,11.06604802203619
Canada,Vancouver,2025-11,all_calls_mean_proxy,12,2.8,fixed,200,1,0,159.34246275823037,200,0.0
Canada,Vancouver,2025-11,all_calls_mean_proxy,12,2.8,adaptive,200,1,0,159.34246275823037,200,0.0
Canada,Vancouver,2025-11,all_calls_mean_proxy,24,2.8,fixed,200,1,0,159.34246275823037,200,0.0
Canada,Vancouver,2025-11,all_calls_mean_proxy,24,2.8,adaptive,200,1,0,159.34246275823037,200,0.0
Canada,Vancouver,2025-11,all_calls_mean_proxy,48,2.8,fixed,200,1,0,159.34246275823037,200,0.0
Canada,Vancouver,2025-11,all_calls_mean_proxy,48,2.8,adaptive,200,1,0,159.34246275823037,200,0.0
Canada,Vancouver,2025-11,all_calls_mean_proxy,96,2.8,fixed,200,1,0,159.34246275823037,200,0.0
Canada,Vancouver,2025-11,all_calls_mean_proxy,96,2.8,adaptive,200,1,0,159.34246275823037,200,0.0
Canada,Vancouver,2025-11,all_calls_mean_proxy,144,2.8,fixed,200,1,0,159.34246275823037,200,0.0
Canada,Vancouver,2025-11,all_calls_mean_proxy,144,2.8,adaptive,200,1,0,159.34246275823037,200,0.0
Canada,Vancouver,2025-11,anchored_call_mean_stress,0,33.6,fixed,200,1,1,159.34246275823037,200,44.000000000000014
Canada,Vancouver,2025-11,anchored_call_mean_stress,0,33.6,adaptive,200,1,1,229.45314637185174,200,44.000000000000014
Canada,Vancouver,2025-11,anchored_call_mean_stress,12,33.6,fixed,200,1,1,159.34246275823037,200,44.000000000000014
Canada,Vancouver,2025-11,anchored_call_mean_stress,12,33.6,adaptive,200,1,1,229.45314637185174,200,44.000000000000014
Canada,Vancouver,2025-11,anchored_call_mean_stress,24,33.6,fixed,200,1,1,159.34246275823037,200,32.907236992619325
Canada,Vancouver,2025-11,anchored_call_mean_stress,24,33.6,adaptive,200,1,0,211.77766460795743,200,32.907236992619325
Canada,Vancouver,2025-11,anchored_call_mean_stress,48,33.6,fixed,200,1,0,159.34246275823037,200,0.0
Canada,Vancouver,2025-11,anchored_call_mean_stress,48,33.6,adaptive,200,1,0,159.34246275823037,200,0.0
Canada,Vancouver,2025-11,anchored_call_mean_stress,96,33.6,fixed,200,1,0,159.34246275823037,200,0.0
Canada,Vancouver,2025-11,anchored_call_mean_stress,96,33.6,adaptive,200,1,0,159.34246275823037,200,0.0
Canada,Vancouver,2025-11,anchored_call_mean_stress,144,33.6,fixed,200,1,0,159.34246275823037,200,0.0
Canada,Vancouver,2025-11,anchored_call_mean_stress,144,33.6,adaptive,200,1,0,159.34246275823037,200,0.0
Canada,Vancouver,2025-12,no_anchor_delay,0,0.0,fixed,200,1,0,159.34246275823037,200,0.0
Canada,Vancouver,2025-12,no_anchor_delay,0,0.0,adaptive,200,1,0,159.34246275823037,200,0.0
Canada,Vancouver,2025-12,no_anchor_delay,12,0.0,fixed,200,1,0,159.34246275823037,200,0.0
Canada,Vancouver,2025-12,no_anchor_delay,12,0.0,adaptive,200,1,0,159.34246275823037,200,0.0
Canada,Vancouver,2025-12,no_anchor_delay,24,0.0,fixed,200,1,0,159.34246275823037,200,0.0
Canada,Vancouver,2025-12,no_anchor_delay,24,0.0,adaptive,200,1,0,159.34246275823037,200,0.0
Canada,Vancouver,2025-12,no_anchor_delay,48,0.0,fixed,200,1,0,159.34246275823037,200,0.0
Canada,Vancouver,2025-12,no_anchor_delay,48,0.0,adaptive,200,1,0,159.34246275823037,200,0.0
Canada,Vancouver,2025-12,no_anchor_delay,96,0.0,fixed,200,1,0,159.34246275823037,200,0.0
Canada,Vancouver,2025-12,no_anchor_delay,96,0.0,adaptive,200,1,0,159.34246275823037,200,0.0
Canada,Vancouver,2025-12,no_anchor_delay,144,0.0,fixed,200,1,0,159.34246275823037,200,0.0
Canada,Vancouver,2025-12,no_anchor_delay,144,0.0,adaptive,200,1,0,159.34246275823037,200,0.0
Canada,Vancouver,2025-12,all_calls_mean_proxy,0,6.138461538461538,fixed,200,1,1,159.34246275823037,200,21.978501061142765
Canada,Vancouver,2025-12,all_calls_mean_proxy,0,6.138461538461538,adaptive,200,1,0,194.36354762639905,200,21.978501061142765
Canada,Vancouver,2025-12,all_calls_mean_proxy,12,6.138461538461538,fixed,200,1,0,159.34246275823037,200,0.0
Canada,Vancouver,2025-12,all_calls_mean_proxy,12,6.138461538461538,adaptive,200,1,0,159.34246275823037,200,0.0
Canada,Vancouver,2025-12,all_calls_mean_proxy,24,6.138461538461538,fixed,200,1,0,159.34246275823037,200,0.0
Canada,Vancouver,2025-12,all_calls_mean_proxy,24,6.138461538461538,adaptive,200,1,0,159.34246275823037,200,0.0
Canada,Vancouver,2025-12,all_calls_mean_proxy,48,6.138461538461538,fixed,200,1,0,159.34246275823037,200,0.0
Canada,Vancouver,2025-12,all_calls_mean_proxy,48,6.138461538461538,adaptive,200,1,0,159.34246275823037,200,0.0
Canada,Vancouver,2025-12,all_calls_mean_proxy,96,6.138461538461538,fixed,200,1,0,159.34246275823037,200,0.0
Canada,Vancouver,2025-12,all_calls_mean_proxy,96,6.138461538461538,adaptive,200,1,0,159.34246275823037,200,0.0
Canada,Vancouver,2025-12,all_calls_mean_proxy,144,6.138461538461538,fixed,200,1,0,159.34246275823037,200,0.0
Canada,Vancouver,2025-12,all_calls_mean_proxy,144,6.138461538461538,adaptive,200,1,0,159.34246275823037,200,0.0
Canada,Vancouver,2025-12,anchored_call_mean_stress,0,45.6,fixed,200,1,1,159.34246275823037,200,44.000000000000014
Canada,Vancouver,2025-12,anchored_call_mean_stress,0,45.6,adaptive,200,1,1,229.45314637185174,200,44.000000000000014
Canada,Vancouver,2025-12,anchored_call_mean_stress,12,45.6,fixed,200,1,1,159.34246275823037,200,44.000000000000014
Canada,Vancouver,2025-12,anchored_call_mean_stress,12,45.6,adaptive,200,1,1,229.45314637185174,200,44.000000000000014
Canada,Vancouver,2025-12,anchored_call_mean_stress,24,45.6,fixed,200,1,1,159.34246275823037,200,44.000000000000014
Canada,Vancouver,2025-12,anchored_call_mean_stress,24,45.6,adaptive,200,1,1,229.45314637185174,200,44.000000000000014
Canada,Vancouver,2025-12,anchored_call_mean_stress,48,45.6,fixed,200,1,0,159.34246275823037,200,0.0
Canada,Vancouver,2025-12,anchored_call_mean_stress,48,45.6,adaptive,200,1,0,159.34246275823037,200,0.0
Canada,Vancouver,2025-12,anchored_call_mean_stress,96,45.6,fixed,200,1,0,159.34246275823037,200,0.0
Canada,Vancouver,2025-12,anchored_call_mean_stress,96,45.6,adaptive,200,1,0,159.34246275823037,200,0.0
Canada,Vancouver,2025-12,anchored_call_mean_stress,144,45.6,fixed,200,1,0,159.34246275823037,200,0.0
Canada,Vancouver,2025-12,anchored_call_mean_stress,144,45.6,adaptive,200,1,0,159.34246275823037,200,0.0
Canada,Vancouver,2026-01,no_anchor_delay,0,0.0,fixed,200,1,0,159.34246275823037,200,0.0
Canada,Vancouver,2026-01,no_anchor_delay,0,0.0,adaptive,200,1,0,159.34246275823037,200,0.0
Canada,Vancouver,2026-01,no_anchor_delay,12,0.0,fixed,200,1,0,159.34246275823037,200,0.0
Canada,Vancouver,2026-01,no_anchor_delay,12,0.0,adaptive,200,1,0,159.34246275823037,200,0.0
Canada,Vancouver,2026-01,no_anchor_delay,24,0.0,fixed,200,1,0,159.34246275823037,200,0.0
Canada,Vancouver,2026-01,no_anchor_delay,24,0.0,adaptive,200,1,0,159.34246275823037,200,0.0
Canada,Vancouver,2026-01,no_anchor_delay,48,0.0,fixed,200,1,0,159.34246275823037,200,0.0
Canada,Vancouver,2026-01,no_anchor_delay,48,0.0,adaptive,200,1,0,159.34246275823037,200,0.0
Canada,Vancouver,2026-01,no_anchor_delay,96,0.0,fixed,200,1,0,159.34246275823037,200,0.0
Canada,Vancouver,2026-01,no_anchor_delay,96,0.0,adaptive,200,1,0,159.34246275823037,200,0.0
Canada,Vancouver,2026-01,no_anchor_delay,144,0.0,fixed,200,1,0,159.34246275823037,200,0.0
Canada,Vancouver,2026-01,no_anchor_delay,144,0.0,adaptive,200,1,0,159.34246275823037,200,0.0
Canada,Vancouver,2026-01,all_calls_mean_proxy,0,8.7,fixed,200,1,1,159.34246275823037,200,32.907236992619325
Canada,Vancouver,2026-01,all_calls_mean_proxy,0,8.7,adaptive,200,1,0,211.77766460795743,200,32.907236992619325
Canada,Vancouver,2026-01,all_calls_mean_proxy,12,8.7,fixed,200,1,0,159.34246275823037,200,0.0
Canada,Vancouver,2026-01,all_calls_mean_proxy,12,8.7,adaptive,200,1,0,159.34246275823037,200,0.0
Canada,Vancouver,2026-01,all_calls_mean_proxy,24,8.7,fixed,200,1,0,159.34246275823037,200,0.0
Canada,Vancouver,2026-01,all_calls_mean_proxy,24,8.7,adaptive,200,1,0,159.34246275823037,200,0.0
Canada,Vancouver,2026-01,all_calls_mean_proxy,48,8.7,fixed,200,1,0,159.34246275823037,200,0.0
Canada,Vancouver,2026-01,all_calls_mean_proxy,48,8.7,adaptive,200,1,0,159.34246275823037,200,0.0
Canada,Vancouver,2026-01,all_calls_mean_proxy,96,8.7,fixed,200,1,0,159.34246275823037,200,0.0
Canada,Vancouver,2026-01,all_calls_mean_proxy,96,8.7,adaptive,200,1,0,159.34246275823037,200,0.0
Canada,Vancouver,2026-01,all_calls_mean_proxy,144,8.7,fixed,200,1,0,159.34246275823037,200,0.0
Canada,Vancouver,2026-01,all_calls_mean_proxy,144,8.7,adaptive,200,1,0,159.34246275823037,200,0.0
Canada,Vancouver,2026-01,anchored_call_mean_stress,0,69.6,fixed,200,1,1,159.34246275823037,200,44.000000000000014
Canada,Vancouver,2026-01,anchored_call_mean_stress,0,69.6,adaptive,200,1,1,229.45314637185174,200,44.000000000000014
Canada,Vancouver,2026-01,anchored_call_mean_stress,12,69.6,fixed,200,1,1,159.34246275823037,200,44.000000000000014
Canada,Vancouver,2026-01,anchored_call_mean_stress,12,69.6,adaptive,200,1,1,229.45314637185174,200,44.000000000000014
Canada,Vancouver,2026-01,anchored_call_mean_stress,24,69.6,fixed,200,1,1,159.34246275823037,200,44.000000000000014
Canada,Vancouver,2026-01,anchored_call_mean_stress,24,69.6,adaptive,200,1,1,229.45314637185174,200,44.000000000000014
Canada,Vancouver,2026-01,anchored_call_mean_stress,48,69.6,fixed,200,1,1,159.34246275823037,200,44.000000000000014
Canada,Vancouver,2026-01,anchored_call_mean_stress,48,69.6,adaptive,200,1,1,229.45314637185174,200,44.000000000000014
Canada,Vancouver,2026-01,anchored_call_mean_stress,96,69.6,fixed,200,1,0,159.34246275823037,200,0.0
Canada,Vancouver,2026-01,anchored_call_mean_stress,96,69.6,adaptive,200,1,0,159.34246275823037,200,0.0
Canada,Vancouver,2026-01,anchored_call_mean_stress,144,69.6,fixed,200,1,0,159.34246275823037,200,0.0
Canada,Vancouver,2026-01,anchored_call_mean_stress,144,69.6,adaptive,200,1,0,159.34246275823037,200,0.0
Canada,Vancouver,2026-02,no_anchor_delay,0,0.0,fixed,200,1,0,159.34246275823037,200,0.0
Canada,Vancouver,2026-02,no_anchor_delay,0,0.0,adaptive,200,1,0,159.34246275823037,200,0.0
Canada,Vancouver,2026-02,no_anchor_delay,12,0.0,fixed,200,1,0,159.34246275823037,200,0.0
Canada,Vancouver,2026-02,no_anchor_delay,12,0.0,adaptive,200,1,0,159.34246275823037,200,0.0
Canada,Vancouver,2026-02,no_anchor_delay,24,0.0,fixed,200,1,0,159.34246275823037,200,0.0
Canada,Vancouver,2026-02,no_anchor_delay,24,0.0,adaptive,200,1,0,159.34246275823037,200,0.0
Canada,Vancouver,2026-02,no_anchor_delay,48,0.0,fixed,200,1,0,159.34246275823037,200,0.0
Canada,Vancouver,2026-02,no_anchor_delay,48,0.0,adaptive,200,1,0,159.34246275823037,200,0.0
Canada,Vancouver,2026-02,no_anchor_delay,96,0.0,fixed,200,1,0,159.34246275823037,200,0.0
Canada,Vancouver,2026-02,no_anchor_delay,96,0.0,adaptive,200,1,0,159.34246275823037,200,0.0
Canada,Vancouver,2026-02,no_anchor_delay,144,0.0,fixed,200,1,0,159.34246275823037,200,0.0
Canada,Vancouver,2026-02,no_anchor_delay,144,0.0,adaptive,200,1,0,159.34246275823037,200,0.0
Canada,Vancouver,2026-02,all_calls_mean_proxy,0,0.5106382978723404,fixed,200,1,1,159.34246275823037,200,5.527592523054503
Canada,Vancouver,2026-02,all_calls_mean_proxy,0,0.5106382978723404,adaptive,200,1,0,168.1502648157052,200,5.527592523054503
Canada,Vancouver,2026-02,all_calls_mean_proxy,12,0.5106382978723404,fixed,200,1,0,159.34246275823037,200,0.0
Canada,Vancouver,2026-02,all_calls_mean_proxy,12,0.5106382978723404,adaptive,200,1,0,159.34246275823037,200,0.0
Canada,Vancouver,2026-02,all_calls_mean_proxy,24,0.5106382978723404,fixed,200,1,0,159.34246275823037,200,0.0
Canada,Vancouver,2026-02,all_calls_mean_proxy,24,0.5106382978723404,adaptive,200,1,0,159.34246275823037,200,0.0
Canada,Vancouver,2026-02,all_calls_mean_proxy,48,0.5106382978723404,fixed,200,1,0,159.34246275823037,200,0.0
Canada,Vancouver,2026-02,all_calls_mean_proxy,48,0.5106382978723404,adaptive,200,1,0,159.34246275823037,200,0.0
Canada,Vancouver,2026-02,all_calls_mean_proxy,96,0.5106382978723404,fixed,200,1,0,159.34246275823037,200,0.0
Canada,Vancouver,2026-02,all_calls_mean_proxy,96,0.5106382978723404,adaptive,200,1,0,159.34246275823037,200,0.0
Canada,Vancouver,2026-02,all_calls_mean_proxy,144,0.5106382978723404,fixed,200,1,0,159.34246275823037,200,0.0
Canada,Vancouver,2026-02,all_calls_mean_proxy,144,0.5106382978723404,adaptive,200,1,0,159.34246275823037,200,0.0
Canada,Vancouver,2026-02,anchored_call_mean_stress,0,24.0,fixed,200,1,1,159.34246275823037,200,44.000000000000014
Canada,Vancouver,2026-02,anchored_call_mean_stress,0,24.0,adaptive,200,1,1,229.45314637185174,200,44.000000000000014
Canada,Vancouver,2026-02,anchored_call_mean_stress,12,24.0,fixed,200,1,1,159.34246275823037,200,44.000000000000014
Canada,Vancouver,2026-02,anchored_call_mean_stress,12,24.0,adaptive,200,1,0,229.45314637185174,200,44.000000000000014
Canada,Vancouver,2026-02,anchored_call_mean_stress,24,24.0,fixed,200,1,0,159.34246275823037,200,0.0
Canada,Vancouver,2026-02,anchored_call_mean_stress,24,24.0,adaptive,200,1,0,159.34246275823037,200,0.0
Canada,Vancouver,2026-02,anchored_call_mean_stress,48,24.0,fixed,200,1,0,159.34246275823037,200,0.0
Canada,Vancouver,2026-02,anchored_call_mean_stress,48,24.0,adaptive,200,1,0,159.34246275823037,200,0.0
Canada,Vancouver,2026-02,anchored_call_mean_stress,96,24.0,fixed,200,1,0,159.34246275823037,200,0.0
Canada,Vancouver,2026-02,anchored_call_mean_stress,96,24.0,adaptive,200,1,0,159.34246275823037,200,0.0
Canada,Vancouver,2026-02,anchored_call_mean_stress,144,24.0,fixed,200,1,0,159.34246275823037,200,0.0
Canada,Vancouver,2026-02,anchored_call_mean_stress,144,24.0,adaptive,200,1,0,159.34246275823037,200,0.0
Canada,Vancouver,2026-03,no_anchor_delay,0,0.0,fixed,200,1,0,159.34246275823037,200,0.0
Canada,Vancouver,2026-03,no_anchor_delay,0,0.0,adaptive,200,1,0,159.34246275823037,200,0.0
Canada,Vancouver,2026-03,no_anchor_delay,12,0.0,fixed,200,1,0,159.34246275823037,200,0.0
Canada,Vancouver,2026-03,no_anchor_delay,12,0.0,adaptive,200,1,0,159.34246275823037,200,0.0
Canada,Vancouver,2026-03,no_anchor_delay,24,0.0,fixed,200,1,0,159.34246275823037,200,0.0
Canada,Vancouver,2026-03,no_anchor_delay,24,0.0,adaptive,200,1,0,159.34246275823037,200,0.0
Canada,Vancouver,2026-03,no_anchor_delay,48,0.0,fixed,200,1,0,159.34246275823037,200,0.0
Canada,Vancouver,2026-03,no_anchor_delay,48,0.0,adaptive,200,1,0,159.34246275823037,200,0.0
Canada,Vancouver,2026-03,no_anchor_delay,96,0.0,fixed,200,1,0,159.34246275823037,200,0.0
Canada,Vancouver,2026-03,no_anchor_delay,96,0.0,adaptive,200,1,0,159.34246275823037,200,0.0
Canada,Vancouver,2026-03,no_anchor_delay,144,0.0,fixed,200,1,0,159.34246275823037,200,0.0
Canada,Vancouver,2026-03,no_anchor_delay,144,0.0,adaptive,200,1,0,159.34246275823037,200,0.0
Canada,Vancouver,2026-03,all_calls_mean_proxy,0,3.507692307692308,fixed,200,1,1,159.34246275823037,200,16.508677303991746
Canada,Vancouver,2026-03,all_calls_mean_proxy,0,3.507692307692308,adaptive,200,1,0,185.64779574321986,200,16.508677303991746
Canada,Vancouver,2026-03,all_calls_mean_proxy,12,3.507692307692308,fixed,200,1,0,159.34246275823037,200,0.0
Canada,Vancouver,2026-03,all_calls_mean_proxy,12,3.507692307692308,adaptive,200,1,0,159.34246275823037,200,0.0
Canada,Vancouver,2026-03,all_calls_mean_proxy,24,3.507692307692308,fixed,200,1,0,159.34246275823037,200,0.0
Canada,Vancouver,2026-03,all_calls_mean_proxy,24,3.507692307692308,adaptive,200,1,0,159.34246275823037,200,0.0
Canada,Vancouver,2026-03,all_calls_mean_proxy,48,3.507692307692308,fixed,200,1,0,159.34246275823037,200,0.0
Canada,Vancouver,2026-03,all_calls_mean_proxy,48,3.507692307692308,adaptive,200,1,0,159.34246275823037,200,0.0
Canada,Vancouver,2026-03,all_calls_mean_proxy,96,3.507692307692308,fixed,200,1,0,159.34246275823037,200,0.0
Canada,Vancouver,2026-03,all_calls_mean_proxy,96,3.507692307692308,adaptive,200,1,0,159.34246275823037,200,0.0
Canada,Vancouver,2026-03,all_calls_mean_proxy,144,3.507692307692308,fixed,200,1,0,159.34246275823037,200,0.0
Canada,Vancouver,2026-03,all_calls_mean_proxy,144,3.507692307692308,adaptive,200,1,0,159.34246275823037,200,0.0
Canada,Vancouver,2026-03,anchored_call_mean_stress,0,45.6,fixed,200,1,1,159.34246275823037,200,44.000000000000014
Canada,Vancouver,2026-03,anchored_call_mean_stress,0,45.6,adaptive,200,1,1,229.45314637185174,200,44.000000000000014
Canada,Vancouver,2026-03,anchored_call_mean_stress,12,45.6,fixed,200,1,1,159.34246275823037,200,44.000000000000014
Canada,Vancouver,2026-03,anchored_call_mean_stress,12,45.6,adaptive,200,1,1,229.45314637185174,200,44.000000000000014
Canada,Vancouver,2026-03,anchored_call_mean_stress,24,45.6,fixed,200,1,1,159.34246275823037,200,44.000000000000014
Canada,Vancouver,2026-03,anchored_call_mean_stress,24,45.6,adaptive,200,1,1,229.45314637185174,200,44.000000000000014
Canada,Vancouver,2026-03,anchored_call_mean_stress,48,45.6,fixed,200,1,0,159.34246275823037,200,0.0
Canada,Vancouver,2026-03,anchored_call_mean_stress,48,45.6,adaptive,200,1,0,159.34246275823037,200,0.0
Canada,Vancouver,2026-03,anchored_call_mean_stress,96,45.6,fixed,200,1,0,159.34246275823037,200,0.0
Canada,Vancouver,2026-03,anchored_call_mean_stress,96,45.6,adaptive,200,1,0,159.34246275823037,200,0.0
Canada,Vancouver,2026-03,anchored_call_mean_stress,144,45.6,fixed,200,1,0,159.34246275823037,200,0.0
Canada,Vancouver,2026-03,anchored_call_mean_stress,144,45.6,adaptive,200,1,0,159.34246275823037,200,0.0
Canada,Vancouver,2026-04,no_anchor_delay,0,0.0,fixed,200,1,0,159.34246275823037,200,0.0
Canada,Vancouver,2026-04,no_anchor_delay,0,0.0,adaptive,200,1,0,159.34246275823037,200,0.0
Canada,Vancouver,2026-04,no_anchor_delay,12,0.0,fixed,200,1,0,159.34246275823037,200,0.0
Canada,Vancouver,2026-04,no_anchor_delay,12,0.0,adaptive,200,1,0,159.34246275823037,200,0.0
Canada,Vancouver,2026-04,no_anchor_delay,24,0.0,fixed,200,1,0,159.34246275823037,200,0.0
Canada,Vancouver,2026-04,no_anchor_delay,24,0.0,adaptive,200,1,0,159.34246275823037,200,0.0
Canada,Vancouver,2026-04,no_anchor_delay,48,0.0,fixed,200,1,0,159.34246275823037,200,0.0
Canada,Vancouver,2026-04,no_anchor_delay,48,0.0,adaptive,200,1,0,159.34246275823037,200,0.0
Canada,Vancouver,2026-04,no_anchor_delay,96,0.0,fixed,200,1,0,159.34246275823037,200,0.0
Canada,Vancouver,2026-04,no_anchor_delay,96,0.0,adaptive,200,1,0,159.34246275823037,200,0.0
Canada,Vancouver,2026-04,no_anchor_delay,144,0.0,fixed,200,1,0,159.34246275823037,200,0.0
Canada,Vancouver,2026-04,no_anchor_delay,144,0.0,adaptive,200,1,0,159.34246275823037,200,0.0
Canada,Vancouver,2026-04,all_calls_mean_proxy,0,4.984615384615386,fixed,200,1,1,159.34246275823037,200,16.508677303991746
Canada,Vancouver,2026-04,all_calls_mean_proxy,0,4.984615384615386,adaptive,200,1,0,185.64779574321986,200,16.508677303991746
Canada,Vancouver,2026-04,all_calls_mean_proxy,12,4.984615384615386,fixed,200,1,0,159.34246275823037,200,0.0
Canada,Vancouver,2026-04,all_calls_mean_proxy,12,4.984615384615386,adaptive,200,1,0,159.34246275823037,200,0.0
Canada,Vancouver,2026-04,all_calls_mean_proxy,24,4.984615384615386,fixed,200,1,0,159.34246275823037,200,0.0
Canada,Vancouver,2026-04,all_calls_mean_proxy,24,4.984615384615386,adaptive,200,1,0,159.34246275823037,200,0.0
Canada,Vancouver,2026-04,all_calls_mean_proxy,48,4.984615384615386,fixed,200,1,0,159.34246275823037,200,0.0
Canada,Vancouver,2026-04,all_calls_mean_proxy,48,4.984615384615386,adaptive,200,1,0,159.34246275823037,200,0.0
Canada,Vancouver,2026-04,all_calls_mean_proxy,96,4.984615384615386,fixed,200,1,0,159.34246275823037,200,0.0
Canada,Vancouver,2026-04,all_calls_mean_proxy,96,4.984615384615386,adaptive,200,1,0,159.34246275823037,200,0.0
Canada,Vancouver,2026-04,all_calls_mean_proxy,144,4.984615384615386,fixed,200,1,0,159.34246275823037,200,0.0
Canada,Vancouver,2026-04,all_calls_mean_proxy,144,4.984615384615386,adaptive,200,1,0,159.34246275823037,200,0.0
Canada,Vancouver,2026-04,anchored_call_mean_stress,0,43.2,fixed,200,1,1,159.34246275823037,200,44.000000000000014
Canada,Vancouver,2026-04,anchored_call_mean_stress,0,43.2,adaptive,200,1,1,229.45314637185174,200,44.000000000000014
Canada,Vancouver,2026-04,anchored_call_mean_stress,12,43.2,fixed,200,1,1,159.34246275823037,200,44.000000000000014
Canada,Vancouver,2026-04,anchored_call_mean_stress,12,43.2,adaptive,200,1,1,229.45314637185174,200,44.000000000000014
Canada,Vancouver,2026-04,anchored_call_mean_stress,24,43.2,fixed,200,1,1,159.34246275823037,200,44.000000000000014
Canada,Vancouver,2026-04,anchored_call_mean_stress,24,43.2,adaptive,200,1,1,229.45314637185174,200,44.000000000000014
Canada,Vancouver,2026-04,anchored_call_mean_stress,48,43.2,fixed,200,1,0,159.34246275823037,200,0.0
Canada,Vancouver,2026-04,anchored_call_mean_stress,48,43.2,adaptive,200,1,0,159.34246275823037,200,0.0
Canada,Vancouver,2026-04,anchored_call_mean_stress,96,43.2,fixed,200,1,0,159.34246275823037,200,0.0
Canada,Vancouver,2026-04,anchored_call_mean_stress,96,43.2,adaptive,200,1,0,159.34246275823037,200,0.0
Canada,Vancouver,2026-04,anchored_call_mean_stress,144,43.2,fixed,200,1,0,159.34246275823037,200,0.0
Canada,Vancouver,2026-04,anchored_call_mean_stress,144,43.2,adaptive,200,1,0,159.34246275823037,200,0.0
Canada,Vancouver,2026-05,no_anchor_delay,0,0.0,fixed,200,1,0,159.34246275823037,200,0.0
Canada,Vancouver,2026-05,no_anchor_delay,0,0.0,adaptive,200,1,0,159.34246275823037,200,0.0
Canada,Vancouver,2026-05,no_anchor_delay,12,0.0,fixed,200,1,0,159.34246275823037,200,0.0
Canada,Vancouver,2026-05,no_anchor_delay,12,0.0,adaptive,200,1,0,159.34246275823037,200,0.0
Canada,Vancouver,2026-05,no_anchor_delay,24,0.0,fixed,200,1,0,159.34246275823037,200,0.0
Canada,Vancouver,2026-05,no_anchor_delay,24,0.0,adaptive,200,1,0,159.34246275823037,200,0.0
Canada,Vancouver,2026-05,no_anchor_delay,48,0.0,fixed,200,1,0,159.34246275823037,200,0.0
Canada,Vancouver,2026-05,no_anchor_delay,48,0.0,adaptive,200,1,0,159.34246275823037,200,0.0
Canada,Vancouver,2026-05,no_anchor_delay,96,0.0,fixed,200,1,0,159.34246275823037,200,0.0
Canada,Vancouver,2026-05,no_anchor_delay,96,0.0,adaptive,200,1,0,159.34246275823037,200,0.0
Canada,Vancouver,2026-05,no_anchor_delay,144,0.0,fixed,200,1,0,159.34246275823037,200,0.0
Canada,Vancouver,2026-05,no_anchor_delay,144,0.0,adaptive,200,1,0,159.34246275823037,200,0.0
Canada,Vancouver,2026-05,all_calls_mean_proxy,0,4.088888888888889,fixed,200,1,1,159.34246275823037,200,16.508677303991746
Canada,Vancouver,2026-05,all_calls_mean_proxy,0,4.088888888888889,adaptive,200,1,0,185.64779574321986,200,16.508677303991746
Canada,Vancouver,2026-05,all_calls_mean_proxy,12,4.088888888888889,fixed,200,1,0,159.34246275823037,200,0.0
Canada,Vancouver,2026-05,all_calls_mean_proxy,12,4.088888888888889,adaptive,200,1,0,159.34246275823037,200,0.0
Canada,Vancouver,2026-05,all_calls_mean_proxy,24,4.088888888888889,fixed,200,1,0,159.34246275823037,200,0.0
Canada,Vancouver,2026-05,all_calls_mean_proxy,24,4.088888888888889,adaptive,200,1,0,159.34246275823037,200,0.0
Canada,Vancouver,2026-05,all_calls_mean_proxy,48,4.088888888888889,fixed,200,1,0,159.34246275823037,200,0.0
Canada,Vancouver,2026-05,all_calls_mean_proxy,48,4.088888888888889,adaptive,200,1,0,159.34246275823037,200,0.0
Canada,Vancouver,2026-05,all_calls_mean_proxy,96,4.088888888888889,fixed,200,1,0,159.34246275823037,200,0.0
Canada,Vancouver,2026-05,all_calls_mean_proxy,96,4.088888888888889,adaptive,200,1,0,159.34246275823037,200,0.0
Canada,Vancouver,2026-05,all_calls_mean_proxy,144,4.088888888888889,fixed,200,1,0,159.34246275823037,200,0.0
Canada,Vancouver,2026-05,all_calls_mean_proxy,144,4.088888888888889,adaptive,200,1,0,159.34246275823037,200,0.0
Canada,Vancouver,2026-05,anchored_call_mean_stress,0,55.2,fixed,200,1,1,159.34246275823037,200,44.000000000000014
Canada,Vancouver,2026-05,anchored_call_mean_stress,0,55.2,adaptive,200,1,1,229.45314637185174,200,44.000000000000014
Canada,Vancouver,2026-05,anchored_call_mean_stress,12,55.2,fixed,200,1,1,159.34246275823037,200,44.000000000000014
Canada,Vancouver,2026-05,anchored_call_mean_stress,12,55.2,adaptive,200,1,1,229.45314637185174,200,44.000000000000014
Canada,Vancouver,2026-05,anchored_call_mean_stress,24,55.2,fixed,200,1,1,159.34246275823037,200,44.000000000000014
Canada,Vancouver,2026-05,anchored_call_mean_stress,24,55.2,adaptive,200,1,1,229.45314637185174,200,44.000000000000014
Canada,Vancouver,2026-05,anchored_call_mean_stress,48,55.2,fixed,200,1,1,159.34246275823037,200,27.434265500145226
Canada,Vancouver,2026-05,anchored_call_mean_stress,48,55.2,adaptive,200,1,0,203.05689704579333,200,27.434265500145226
Canada,Vancouver,2026-05,anchored_call_mean_stress,96,55.2,fixed,200,1,0,159.34246275823037,200,0.0
Canada,Vancouver,2026-05,anchored_call_mean_stress,96,55.2,adaptive,200,1,0,159.34246275823037,200,0.0
Canada,Vancouver,2026-05,anchored_call_mean_stress,144,55.2,fixed,200,1,0,159.34246275823037,200,0.0
Canada,Vancouver,2026-05,anchored_call_mean_stress,144,55.2,adaptive,200,1,0,159.34246275823037,200,0.0
Canada,Vancouver,2026-06,no_anchor_delay,0,0.0,fixed,200,1,0,159.34246275823037,200,0.0
Canada,Vancouver,2026-06,no_anchor_delay,0,0.0,adaptive,200,1,0,159.34246275823037,200,0.0
Canada,Vancouver,2026-06,no_anchor_delay,12,0.0,fixed,200,1,0,159.34246275823037,200,0.0
Canada,Vancouver,2026-06,no_anchor_delay,12,0.0,adaptive,200,1,0,159.34246275823037,200,0.0
Canada,Vancouver,2026-06,no_anchor_delay,24,0.0,fixed,200,1,0,159.34246275823037,200,0.0
Canada,Vancouver,2026-06,no_anchor_delay,24,0.0,adaptive,200,1,0,159.34246275823037,200,0.0
Canada,Vancouver,2026-06,no_anchor_delay,48,0.0,fixed,200,1,0,159.34246275823037,200,0.0
Canada,Vancouver,2026-06,no_anchor_delay,48,0.0,adaptive,200,1,0,159.34246275823037,200,0.0
Canada,Vancouver,2026-06,no_anchor_delay,96,0.0,fixed,200,1,0,159.34246275823037,200,0.0
Canada,Vancouver,2026-06,no_anchor_delay,96,0.0,adaptive,200,1,0,159.34246275823037,200,0.0
Canada,Vancouver,2026-06,no_anchor_delay,144,0.0,fixed,200,1,0,159.34246275823037,200,0.0
Canada,Vancouver,2026-06,no_anchor_delay,144,0.0,adaptive,200,1,0,159.34246275823037,200,0.0
Canada,Vancouver,2026-06,all_calls_mean_proxy,0,1.9914893617021274,fixed,200,1,1,159.34246275823037,200,11.06604802203619
Canada,Vancouver,2026-06,all_calls_mean_proxy,0,1.9914893617021274,adaptive,200,1,0,176.9753762065513,200,11.06604802203619
Canada,Vancouver,2026-06,all_calls_mean_proxy,12,1.9914893617021274,fixed,200,1,0,159.34246275823037,200,0.0
Canada,Vancouver,2026-06,all_calls_mean_proxy,12,1.9914893617021274,adaptive,200,1,0,159.34246275823037,200,0.0
Canada,Vancouver,2026-06,all_calls_mean_proxy,24,1.9914893617021274,fixed,200,1,0,159.34246275823037,200,0.0
Canada,Vancouver,2026-06,all_calls_mean_proxy,24,1.9914893617021274,adaptive,200,1,0,159.34246275823037,200,0.0
Canada,Vancouver,2026-06,all_calls_mean_proxy,48,1.9914893617021274,fixed,200,1,0,159.34246275823037,200,0.0
Canada,Vancouver,2026-06,all_calls_mean_proxy,48,1.9914893617021274,adaptive,200,1,0,159.34246275823037,200,0.0
Canada,Vancouver,2026-06,all_calls_mean_proxy,96,1.9914893617021274,fixed,200,1,0,159.34246275823037,200,0.0
Canada,Vancouver,2026-06,all_calls_mean_proxy,96,1.9914893617021274,adaptive,200,1,0,159.34246275823037,200,0.0
Canada,Vancouver,2026-06,all_calls_mean_proxy,144,1.9914893617021274,fixed,200,1,0,159.34246275823037,200,0.0
Canada,Vancouver,2026-06,all_calls_mean_proxy,144,1.9914893617021274,adaptive,200,1,0,159.34246275823037,200,0.0
Canada,Vancouver,2026-06,anchored_call_mean_stress,0,31.2,fixed,200,1,1,159.34246275823037,200,44.000000000000014
Canada,Vancouver,2026-06,anchored_call_mean_stress,0,31.2,adaptive,200,1,1,229.45314637185174,200,44.000000000000014
Canada,Vancouver,2026-06,anchored_call_mean_stress,12,31.2,fixed,200,1,1,159.34246275823037,200,44.000000000000014
Canada,Vancouver,2026-06,anchored_call_mean_stress,12,31.2,adaptive,200,1,1,229.45314637185174,200,44.000000000000014
Canada,Vancouver,2026-06,anchored_call_mean_stress,24,31.2,fixed,200,1,1,159.34246275823037,200,27.434265500145226
Canada,Vancouver,2026-06,anchored_call_mean_stress,24,31.2,adaptive,200,1,0,203.05689704579333,200,27.434265500145226
Canada,Vancouver,2026-06,anchored_call_mean_stress,48,31.2,fixed,200,1,0,159.34246275823037,200,0.0
Canada,Vancouver,2026-06,anchored_call_mean_stress,48,31.2,adaptive,200,1,0,159.34246275823037,200,0.0
Canada,Vancouver,2026-06,anchored_call_mean_stress,96,31.2,fixed,200,1,0,159.34246275823037,200,0.0
Canada,Vancouver,2026-06,anchored_call_mean_stress,96,31.2,adaptive,200,1,0,159.34246275823037,200,0.0
Canada,Vancouver,2026-06,anchored_call_mean_stress,144,31.2,fixed,200,1,0,159.34246275823037,200,0.0
Canada,Vancouver,2026-06,anchored_call_mean_stress,144,31.2,adaptive,200,1,0,159.34246275823037,200,0.0
Canada,Vancouver,2026-07,no_anchor_delay,0,0.0,fixed,200,1,0,159.34246275823037,200,0.0
Canada,Vancouver,2026-07,no_anchor_delay,0,0.0,adaptive,200,1,0,159.34246275823037,200,0.0
Canada,Vancouver,2026-07,no_anchor_delay,12,0.0,fixed,200,1,0,159.34246275823037,200,0.0
Canada,Vancouver,2026-07,no_anchor_delay,12,0.0,adaptive,200,1,0,159.34246275823037,200,0.0
Canada,Vancouver,2026-07,no_anchor_delay,24,0.0,fixed,200,1,0,159.34246275823037,200,0.0
Canada,Vancouver,2026-07,no_anchor_delay,24,0.0,adaptive,200,1,0,159.34246275823037,200,0.0
Canada,Vancouver,2026-07,no_anchor_delay,48,0.0,fixed,200,1,0,159.34246275823037,200,0.0
Canada,Vancouver,2026-07,no_anchor_delay,48,0.0,adaptive,200,1,0,159.34246275823037,200,0.0
Canada,Vancouver,2026-07,no_anchor_delay,96,0.0,fixed,200,1,0,159.34246275823037,200,0.0
Canada,Vancouver,2026-07,no_anchor_delay,96,0.0,adaptive,200,1,0,159.34246275823037,200,0.0
Canada,Vancouver,2026-07,no_anchor_delay,144,0.0,fixed,200,1,0,159.34246275823037,200,0.0
Canada,Vancouver,2026-07,no_anchor_delay,144,0.0,adaptive,200,1,0,159.34246275823037,200,0.0
Canada,Vancouver,2026-07,all_calls_mean_proxy,0,7.5,fixed,200,1,1,159.34246275823037,200,27.434265500145226
Canada,Vancouver,2026-07,all_calls_mean_proxy,0,7.5,adaptive,200,1,0,203.05689704579333,200,27.434265500145226
Canada,Vancouver,2026-07,all_calls_mean_proxy,12,7.5,fixed,200,1,0,159.34246275823037,200,0.0
Canada,Vancouver,2026-07,all_calls_mean_proxy,12,7.5,adaptive,200,1,0,159.34246275823037,200,0.0
Canada,Vancouver,2026-07,all_calls_mean_proxy,24,7.5,fixed,200,1,0,159.34246275823037,200,0.0
Canada,Vancouver,2026-07,all_calls_mean_proxy,24,7.5,adaptive,200,1,0,159.34246275823037,200,0.0
Canada,Vancouver,2026-07,all_calls_mean_proxy,48,7.5,fixed,200,1,0,159.34246275823037,200,0.0
Canada,Vancouver,2026-07,all_calls_mean_proxy,48,7.5,adaptive,200,1,0,159.34246275823037,200,0.0
Canada,Vancouver,2026-07,all_calls_mean_proxy,96,7.5,fixed,200,1,0,159.34246275823037,200,0.0
Canada,Vancouver,2026-07,all_calls_mean_proxy,96,7.5,adaptive,200,1,0,159.34246275823037,200,0.0
Canada,Vancouver,2026-07,all_calls_mean_proxy,144,7.5,fixed,200,1,0,159.34246275823037,200,0.0
Canada,Vancouver,2026-07,all_calls_mean_proxy,144,7.5,adaptive,200,1,0,159.34246275823037,200,0.0
Canada,Vancouver,2026-07,anchored_call_mean_stress,0,84.0,fixed,200,1,1,159.34246275823037,200,44.000000000000014
Canada,Vancouver,2026-07,anchored_call_mean_stress,0,84.0,adaptive,200,1,1,229.45314637185174,200,44.000000000000014
Canada,Vancouver,2026-07,anchored_call_mean_stress,12,84.0,fixed,200,1,1,159.34246275823037,200,44.000000000000014
Canada,Vancouver,2026-07,anchored_call_mean_stress,12,84.0,adaptive,200,1,1,229.45314637185174,200,44.000000000000014
Canada,Vancouver,2026-07,anchored_call_mean_stress,24,84.0,fixed,200,1,1,159.34246275823037,200,44.000000000000014
Canada,Vancouver,2026-07,anchored_call_mean_stress,24,84.0,adaptive,200,1,1,229.45314637185174,200,44.000000000000014
Canada,Vancouver,2026-07,anchored_call_mean_stress,48,84.0,fixed,200,1,1,159.34246275823037,200,44.000000000000014
Canada,Vancouver,2026-07,anchored_call_mean_stress,48,84.0,adaptive,200,1,1,229.45314637185174,200,44.000000000000014
Canada,Vancouver,2026-07,anchored_call_mean_stress,96,84.0,fixed,200,1,0,159.34246275823037,200,0.0
Canada,Vancouver,2026-07,anchored_call_mean_stress,96,84.0,adaptive,200,1,0,159.34246275823037,200,0.0
Canada,Vancouver,2026-07,anchored_call_mean_stress,144,84.0,fixed,200,1,0,159.34246275823037,200,0.0
Canada,Vancouver,2026-07,anchored_call_mean_stress,144,84.0,adaptive,200,1,0,159.34246275823037,200,0.0
Canada,Vancouver,2026-08,no_anchor_delay,0,0.0,fixed,200,1,0,159.34246275823037,200,0.0
Canada,Vancouver,2026-08,no_anchor_delay,0,0.0,adaptive,200,1,0,159.34246275823037,200,0.0
Canada,Vancouver,2026-08,no_anchor_delay,12,0.0,fixed,200,1,0,159.34246275823037,200,0.0
Canada,Vancouver,2026-08,no_anchor_delay,12,0.0,adaptive,200,1,0,159.34246275823037,200,0.0
Canada,Vancouver,2026-08,no_anchor_delay,24,0.0,fixed,200,1,0,159.34246275823037,200,0.0
Canada,Vancouver,2026-08,no_anchor_delay,24,0.0,adaptive,200,1,0,159.34246275823037,200,0.0
Canada,Vancouver,2026-08,no_anchor_delay,48,0.0,fixed,200,1,0,159.34246275823037,200,0.0
Canada,Vancouver,2026-08,no_anchor_delay,48,0.0,adaptive,200,1,0,159.34246275823037,200,0.0
Canada,Vancouver,2026-08,no_anchor_delay,96,0.0,fixed,200,1,0,159.34246275823037,200,0.0
Canada,Vancouver,2026-08,no_anchor_delay,96,0.0,adaptive,200,1,0,159.34246275823037,200,0.0
Canada,Vancouver,2026-08,no_anchor_delay,144,0.0,fixed,200,1,0,159.34246275823037,200,0.0
Canada,Vancouver,2026-08,no_anchor_delay,144,0.0,adaptive,200,1,0,159.34246275823037,200,0.0
Canada,Vancouver,2026-08,all_calls_mean_proxy,0,2.8235294117647056,fixed,200,1,1,159.34246275823037,200,11.06604802203619
Canada,Vancouver,2026-08,all_calls_mean_proxy,0,2.8235294117647056,adaptive,200,1,0,176.9753762065513,200,11.06604802203619
Canada,Vancouver,2026-08,all_calls_mean_proxy,12,2.8235294117647056,fixed,200,1,0,159.34246275823037,200,0.0
Canada,Vancouver,2026-08,all_calls_mean_proxy,12,2.8235294117647056,adaptive,200,1,0,159.34246275823037,200,0.0
Canada,Vancouver,2026-08,all_calls_mean_proxy,24,2.8235294117647056,fixed,200,1,0,159.34246275823037,200,0.0
Canada,Vancouver,2026-08,all_calls_mean_proxy,24,2.8235294117647056,adaptive,200,1,0,159.34246275823037,200,0.0
Canada,Vancouver,2026-08,all_calls_mean_proxy,48,2.8235294117647056,fixed,200,1,0,159.34246275823037,200,0.0
Canada,Vancouver,2026-08,all_calls_mean_proxy,48,2.8235294117647056,adaptive,200,1,0,159.34246275823037,200,0.0
Canada,Vancouver,2026-08,all_calls_mean_proxy,96,2.8235294117647056,fixed,200,1,0,159.34246275823037,200,0.0
Canada,Vancouver,2026-08,all_calls_mean_proxy,96,2.8235294117647056,adaptive,200,1,0,159.34246275823037,200,0.0
Canada,Vancouver,2026-08,all_calls_mean_proxy,144,2.8235294117647056,fixed,200,1,0,159.34246275823037,200,0.0
Canada,Vancouver,2026-08,all_calls_mean_proxy,144,2.8235294117647056,adaptive,200,1,0,159.34246275823037,200,0.0
Canada,Vancouver,2026-08,anchored_call_mean_stress,0,48.0,fixed,200,1,1,159.34246275823037,200,44.000000000000014
Canada,Vancouver,2026-08,anchored_call_mean_stress,0,48.0,adaptive,200,1,1,229.45314637185174,200,44.000000000000014
Canada,Vancouver,2026-08,anchored_call_mean_stress,12,48.0,fixed,200,1,1,159.34246275823037,200,44.000000000000014
Canada,Vancouver,2026-08,anchored_call_mean_stress,12,48.0,adaptive,200,1,1,229.45314637185174,200,44.000000000000014
Canada,Vancouver,2026-08,anchored_call_mean_stress,24,48.0,fixed,200,1,1,159.34246275823037,200,44.000000000000014
Canada,Vancouver,2026-08,anchored_call_mean_stress,24,48.0,adaptive,200,1,1,229.45314637185174,200,44.000000000000014
Canada,Vancouver,2026-08,anchored_call_mean_stress,48,48.0,fixed,200,1,0,159.34246275823037,200,0.0
Canada,Vancouver,2026-08,anchored_call_mean_stress,48,48.0,adaptive,200,1,0,159.34246275823037,200,0.0
Canada,Vancouver,2026-08,anchored_call_mean_stress,96,48.0,fixed,200,1,0,159.34246275823037,200,0.0
Canada,Vancouver,2026-08,anchored_call_mean_stress,96,48.0,adaptive,200,1,0,159.34246275823037,200,0.0
Canada,Vancouver,2026-08,anchored_call_mean_stress,144,48.0,fixed,200,1,0,159.34246275823037,200,0.0
Canada,Vancouver,2026-08,anchored_call_mean_stress,144,48.0,adaptive,200,1,0,159.34246275823037,200,0.0
Australia,Brisbane,2023 Mar Qtr,no_anchor_delay,0,0.0,fixed,200,1,0,159.34246275823037,200,0.0
Australia,Brisbane,2023 Mar Qtr,no_anchor_delay,0,0.0,adaptive,200,1,0,159.34246275823037,200,0.0
Australia,Brisbane,2023 Mar Qtr,no_anchor_delay,12,0.0,fixed,200,1,0,159.34246275823037,200,0.0
Australia,Brisbane,2023 Mar Qtr,no_anchor_delay,12,0.0,adaptive,200,1,0,159.34246275823037,200,0.0
Australia,Brisbane,2023 Mar Qtr,no_anchor_delay,24,0.0,fixed,200,1,0,159.34246275823037,200,0.0
Australia,Brisbane,2023 Mar Qtr,no_anchor_delay,24,0.0,adaptive,200,1,0,159.34246275823037,200,0.0
Australia,Brisbane,2023 Mar Qtr,no_anchor_delay,48,0.0,fixed,200,1,0,159.34246275823037,200,0.0
Australia,Brisbane,2023 Mar Qtr,no_anchor_delay,48,0.0,adaptive,200,1,0,159.34246275823037,200,0.0
Australia,Brisbane,2023 Mar Qtr,no_anchor_delay,96,0.0,fixed,200,1,0,159.34246275823037,200,0.0
Australia,Brisbane,2023 Mar Qtr,no_anchor_delay,96,0.0,adaptive,200,1,0,159.34246275823037,200,0.0
Australia,Brisbane,2023 Mar Qtr,no_anchor_delay,144,0.0,fixed,200,1,0,159.34246275823037,200,0.0
Australia,Brisbane,2023 Mar Qtr,no_anchor_delay,144,0.0,adaptive,200,1,0,159.34246275823037,200,0.0
Australia,Brisbane,2023 Mar Qtr,all_calls_mean_proxy,0,6.183243464052286,fixed,200,1,1,159.34246275823037,200,21.978501061142765
Australia,Brisbane,2023 Mar Qtr,all_calls_mean_proxy,0,6.183243464052286,adaptive,200,1,0,194.36354762639905,200,21.978501061142765
Australia,Brisbane,2023 Mar Qtr,all_calls_mean_proxy,12,6.183243464052286,fixed,200,1,0,159.34246275823037,200,0.0
Australia,Brisbane,2023 Mar Qtr,all_calls_mean_proxy,12,6.183243464052286,adaptive,200,1,0,159.34246275823037,200,0.0
Australia,Brisbane,2023 Mar Qtr,all_calls_mean_proxy,24,6.183243464052286,fixed,200,1,0,159.34246275823037,200,0.0
Australia,Brisbane,2023 Mar Qtr,all_calls_mean_proxy,24,6.183243464052286,adaptive,200,1,0,159.34246275823037,200,0.0
Australia,Brisbane,2023 Mar Qtr,all_calls_mean_proxy,48,6.183243464052286,fixed,200,1,0,159.34246275823037,200,0.0
Australia,Brisbane,2023 Mar Qtr,all_calls_mean_proxy,48,6.183243464052286,adaptive,200,1,0,159.34246275823037,200,0.0
Australia,Brisbane,2023 Mar Qtr,all_calls_mean_proxy,96,6.183243464052286,fixed,200,1,0,159.34246275823037,200,0.0
Australia,Brisbane,2023 Mar Qtr,all_calls_mean_proxy,96,6.183243464052286,adaptive,200,1,0,159.34246275823037,200,0.0
Australia,Brisbane,2023 Mar Qtr,all_calls_mean_proxy,144,6.183243464052286,fixed,200,1,0,159.34246275823037,200,0.0
Australia,Brisbane,2023 Mar Qtr,all_calls_mean_proxy,144,6.183243464052286,adaptive,200,1,0,159.34246275823037,200,0.0
Australia,Brisbane,2023 Mar Qtr,anchored_call_mean_stress,0,44.59430134680134,fixed,200,1,1,159.34246275823037,200,44.000000000000014
Australia,Brisbane,2023 Mar Qtr,anchored_call_mean_stress,0,44.59430134680134,adaptive,200,1,1,229.45314637185174,200,44.000000000000014
Australia,Brisbane,2023 Mar Qtr,anchored_call_mean_stress,12,44.59430134680134,fixed,200,1,1,159.34246275823037,200,44.000000000000014
Australia,Brisbane,2023 Mar Qtr,anchored_call_mean_stress,12,44.59430134680134,adaptive,200,1,1,229.45314637185174,200,44.000000000000014
Australia,Brisbane,2023 Mar Qtr,anchored_call_mean_stress,24,44.59430134680134,fixed,200,1,1,159.34246275823037,200,44.000000000000014
Australia,Brisbane,2023 Mar Qtr,anchored_call_mean_stress,24,44.59430134680134,adaptive,200,1,1,229.45314637185174,200,44.000000000000014
Australia,Brisbane,2023 Mar Qtr,anchored_call_mean_stress,48,44.59430134680134,fixed,200,1,0,159.34246275823037,200,0.0
Australia,Brisbane,2023 Mar Qtr,anchored_call_mean_stress,48,44.59430134680134,adaptive,200,1,0,159.34246275823037,200,0.0
Australia,Brisbane,2023 Mar Qtr,anchored_call_mean_stress,96,44.59430134680134,fixed,200,1,0,159.34246275823037,200,0.0
Australia,Brisbane,2023 Mar Qtr,anchored_call_mean_stress,96,44.59430134680134,adaptive,200,1,0,159.34246275823037,200,0.0
Australia,Brisbane,2023 Mar Qtr,anchored_call_mean_stress,144,44.59430134680134,fixed,200,1,0,159.34246275823037,200,0.0
Australia,Brisbane,2023 Mar Qtr,anchored_call_mean_stress,144,44.59430134680134,adaptive,200,1,0,159.34246275823037,200,0.0
Australia,Brisbane,2023 Jun Qtr,no_anchor_delay,0,0.0,fixed,200,1,0,159.34246275823037,200,0.0
Australia,Brisbane,2023 Jun Qtr,no_anchor_delay,0,0.0,adaptive,200,1,0,159.34246275823037,200,0.0
Australia,Brisbane,2023 Jun Qtr,no_anchor_delay,12,0.0,fixed,200,1,0,159.34246275823037,200,0.0
Australia,Brisbane,2023 Jun Qtr,no_anchor_delay,12,0.0,adaptive,200,1,0,159.34246275823037,200,0.0
Australia,Brisbane,2023 Jun Qtr,no_anchor_delay,24,0.0,fixed,200,1,0,159.34246275823037,200,0.0
Australia,Brisbane,2023 Jun Qtr,no_anchor_delay,24,0.0,adaptive,200,1,0,159.34246275823037,200,0.0
Australia,Brisbane,2023 Jun Qtr,no_anchor_delay,48,0.0,fixed,200,1,0,159.34246275823037,200,0.0
Australia,Brisbane,2023 Jun Qtr,no_anchor_delay,48,0.0,adaptive,200,1,0,159.34246275823037,200,0.0
Australia,Brisbane,2023 Jun Qtr,no_anchor_delay,96,0.0,fixed,200,1,0,159.34246275823037,200,0.0
Australia,Brisbane,2023 Jun Qtr,no_anchor_delay,96,0.0,adaptive,200,1,0,159.34246275823037,200,0.0
Australia,Brisbane,2023 Jun Qtr,no_anchor_delay,144,0.0,fixed,200,1,0,159.34246275823037,200,0.0
Australia,Brisbane,2023 Jun Qtr,no_anchor_delay,144,0.0,adaptive,200,1,0,159.34246275823037,200,0.0
Australia,Brisbane,2023 Jun Qtr,all_calls_mean_proxy,0,3.5375677777777774,fixed,200,1,1,159.34246275823037,200,16.508677303991746
Australia,Brisbane,2023 Jun Qtr,all_calls_mean_proxy,0,3.5375677777777774,adaptive,200,1,0,185.64779574321986,200,16.508677303991746
Australia,Brisbane,2023 Jun Qtr,all_calls_mean_proxy,12,3.5375677777777774,fixed,200,1,0,159.34246275823037,200,0.0
Australia,Brisbane,2023 Jun Qtr,all_calls_mean_proxy,12,3.5375677777777774,adaptive,200,1,0,159.34246275823037,200,0.0
Australia,Brisbane,2023 Jun Qtr,all_calls_mean_proxy,24,3.5375677777777774,fixed,200,1,0,159.34246275823037,200,0.0
Australia,Brisbane,2023 Jun Qtr,all_calls_mean_proxy,24,3.5375677777777774,adaptive,200,1,0,159.34246275823037,200,0.0
Australia,Brisbane,2023 Jun Qtr,all_calls_mean_proxy,48,3.5375677777777774,fixed,200,1,0,159.34246275823037,200,0.0
Australia,Brisbane,2023 Jun Qtr,all_calls_mean_proxy,48,3.5375677777777774,adaptive,200,1,0,159.34246275823037,200,0.0
Australia,Brisbane,2023 Jun Qtr,all_calls_mean_proxy,96,3.5375677777777774,fixed,200,1,0,159.34246275823037,200,0.0
Australia,Brisbane,2023 Jun Qtr,all_calls_mean_proxy,96,3.5375677777777774,adaptive,200,1,0,159.34246275823037,200,0.0
Australia,Brisbane,2023 Jun Qtr,all_calls_mean_proxy,144,3.5375677777777774,fixed,200,1,0,159.34246275823037,200,0.0
Australia,Brisbane,2023 Jun Qtr,all_calls_mean_proxy,144,3.5375677777777774,adaptive,200,1,0,159.34246275823037,200,0.0
Australia,Brisbane,2023 Jun Qtr,anchored_call_mean_stress,0,22.10979861111111,fixed,200,1,1,159.34246275823037,200,44.000000000000014
Australia,Brisbane,2023 Jun Qtr,anchored_call_mean_stress,0,22.10979861111111,adaptive,200,1,1,229.45314637185174,200,44.000000000000014
Australia,Brisbane,2023 Jun Qtr,anchored_call_mean_stress,12,22.10979861111111,fixed,200,1,1,159.34246275823037,200,38.461571974808706
Australia,Brisbane,2023 Jun Qtr,anchored_call_mean_stress,12,22.10979861111111,adaptive,200,1,0,220.6280787584199,200,38.461571974808706
Australia,Brisbane,2023 Jun Qtr,anchored_call_mean_stress,24,22.10979861111111,fixed,200,1,0,159.34246275823037,200,0.0
Australia,Brisbane,2023 Jun Qtr,anchored_call_mean_stress,24,22.10979861111111,adaptive,200,1,0,159.34246275823037,200,0.0
Australia,Brisbane,2023 Jun Qtr,anchored_call_mean_stress,48,22.10979861111111,fixed,200,1,0,159.34246275823037,200,0.0
Australia,Brisbane,2023 Jun Qtr,anchored_call_mean_stress,48,22.10979861111111,adaptive,200,1,0,159.34246275823037,200,0.0
Australia,Brisbane,2023 Jun Qtr,anchored_call_mean_stress,96,22.10979861111111,fixed,200,1,0,159.34246275823037,200,0.0
Australia,Brisbane,2023 Jun Qtr,anchored_call_mean_stress,96,22.10979861111111,adaptive,200,1,0,159.34246275823037,200,0.0
Australia,Brisbane,2023 Jun Qtr,anchored_call_mean_stress,144,22.10979861111111,fixed,200,1,0,159.34246275823037,200,0.0
Australia,Brisbane,2023 Jun Qtr,anchored_call_mean_stress,144,22.10979861111111,adaptive,200,1,0,159.34246275823037,200,0.0
Australia,Brisbane,2023 Sep Qtr,no_anchor_delay,0,0.0,fixed,200,1,0,159.34246275823037,200,0.0
Australia,Brisbane,2023 Sep Qtr,no_anchor_delay,0,0.0,adaptive,200,1,0,159.34246275823037,200,0.0
Australia,Brisbane,2023 Sep Qtr,no_anchor_delay,12,0.0,fixed,200,1,0,159.34246275823037,200,0.0
Australia,Brisbane,2023 Sep Qtr,no_anchor_delay,12,0.0,adaptive,200,1,0,159.34246275823037,200,0.0
Australia,Brisbane,2023 Sep Qtr,no_anchor_delay,24,0.0,fixed,200,1,0,159.34246275823037,200,0.0
Australia,Brisbane,2023 Sep Qtr,no_anchor_delay,24,0.0,adaptive,200,1,0,159.34246275823037,200,0.0
Australia,Brisbane,2023 Sep Qtr,no_anchor_delay,48,0.0,fixed,200,1,0,159.34246275823037,200,0.0
Australia,Brisbane,2023 Sep Qtr,no_anchor_delay,48,0.0,adaptive,200,1,0,159.34246275823037,200,0.0
Australia,Brisbane,2023 Sep Qtr,no_anchor_delay,96,0.0,fixed,200,1,0,159.34246275823037,200,0.0
Australia,Brisbane,2023 Sep Qtr,no_anchor_delay,96,0.0,adaptive,200,1,0,159.34246275823037,200,0.0
Australia,Brisbane,2023 Sep Qtr,no_anchor_delay,144,0.0,fixed,200,1,0,159.34246275823037,200,0.0
Australia,Brisbane,2023 Sep Qtr,no_anchor_delay,144,0.0,adaptive,200,1,0,159.34246275823037,200,0.0
Australia,Brisbane,2023 Sep Qtr,all_calls_mean_proxy,0,4.266462418300652,fixed,200,1,1,159.34246275823037,200,16.508677303991746
Australia,Brisbane,2023 Sep Qtr,all_calls_mean_proxy,0,4.266462418300652,adaptive,200,1,0,185.64779574321986,200,16.508677303991746
Australia,Brisbane,2023 Sep Qtr,all_calls_mean_proxy,12,4.266462418300652,fixed,200,1,0,159.34246275823037,200,0.0
Australia,Brisbane,2023 Sep Qtr,all_calls_mean_proxy,12,4.266462418300652,adaptive,200,1,0,159.34246275823037,200,0.0
Australia,Brisbane,2023 Sep Qtr,all_calls_mean_proxy,24,4.266462418300652,fixed,200,1,0,159.34246275823037,200,0.0
Australia,Brisbane,2023 Sep Qtr,all_calls_mean_proxy,24,4.266462418300652,adaptive,200,1,0,159.34246275823037,200,0.0
Australia,Brisbane,2023 Sep Qtr,all_calls_mean_proxy,48,4.266462418300652,fixed,200,1,0,159.34246275823037,200,0.0
Australia,Brisbane,2023 Sep Qtr,all_calls_mean_proxy,48,4.266462418300652,adaptive,200,1,0,159.34246275823037,200,0.0
Australia,Brisbane,2023 Sep Qtr,all_calls_mean_proxy,96,4.266462418300652,fixed,200,1,0,159.34246275823037,200,0.0
Australia,Brisbane,2023 Sep Qtr,all_calls_mean_proxy,96,4.266462418300652,adaptive,200,1,0,159.34246275823037,200,0.0
Australia,Brisbane,2023 Sep Qtr,all_calls_mean_proxy,144,4.266462418300652,fixed,200,1,0,159.34246275823037,200,0.0
Australia,Brisbane,2023 Sep Qtr,all_calls_mean_proxy,144,4.266462418300652,adaptive,200,1,0,159.34246275823037,200,0.0
Australia,Brisbane,2023 Sep Qtr,anchored_call_mean_stress,0,24.691016548463352,fixed,200,1,1,159.34246275823037,200,44.000000000000014
Australia,Brisbane,2023 Sep Qtr,anchored_call_mean_stress,0,24.691016548463352,adaptive,200,1,1,229.45314637185174,200,44.000000000000014
Australia,Brisbane,2023 Sep Qtr,anchored_call_mean_stress,12,24.691016548463352,fixed,200,1,1,159.34246275823037,200,44.000000000000014
Australia,Brisbane,2023 Sep Qtr,anchored_call_mean_stress,12,24.691016548463352,adaptive,200,1,0,229.45314637185174,200,44.000000000000014
Australia,Brisbane,2023 Sep Qtr,anchored_call_mean_stress,24,24.691016548463352,fixed,200,1,1,159.34246275823037,200,5.527592523054503
Australia,Brisbane,2023 Sep Qtr,anchored_call_mean_stress,24,24.691016548463352,adaptive,200,1,0,168.1502648157052,200,5.527592523054503
Australia,Brisbane,2023 Sep Qtr,anchored_call_mean_stress,48,24.691016548463352,fixed,200,1,0,159.34246275823037,200,0.0
Australia,Brisbane,2023 Sep Qtr,anchored_call_mean_stress,48,24.691016548463352,adaptive,200,1,0,159.34246275823037,200,0.0
Australia,Brisbane,2023 Sep Qtr,anchored_call_mean_stress,96,24.691016548463352,fixed,200,1,0,159.34246275823037,200,0.0
Australia,Brisbane,2023 Sep Qtr,anchored_call_mean_stress,96,24.691016548463352,adaptive,200,1,0,159.34246275823037,200,0.0
Australia,Brisbane,2023 Sep Qtr,anchored_call_mean_stress,144,24.691016548463352,fixed,200,1,0,159.34246275823037,200,0.0
Australia,Brisbane,2023 Sep Qtr,anchored_call_mean_stress,144,24.691016548463352,adaptive,200,1,0,159.34246275823037,200,0.0
Australia,Brisbane,2023 Dec Qtr,no_anchor_delay,0,0.0,fixed,200,1,0,159.34246275823037,200,0.0
Australia,Brisbane,2023 Dec Qtr,no_anchor_delay,0,0.0,adaptive,200,1,0,159.34246275823037,200,0.0
Australia,Brisbane,2023 Dec Qtr,no_anchor_delay,12,0.0,fixed,200,1,0,159.34246275823037,200,0.0
Australia,Brisbane,2023 Dec Qtr,no_anchor_delay,12,0.0,adaptive,200,1,0,159.34246275823037,200,0.0
Australia,Brisbane,2023 Dec Qtr,no_anchor_delay,24,0.0,fixed,200,1,0,159.34246275823037,200,0.0
Australia,Brisbane,2023 Dec Qtr,no_anchor_delay,24,0.0,adaptive,200,1,0,159.34246275823037,200,0.0
Australia,Brisbane,2023 Dec Qtr,no_anchor_delay,48,0.0,fixed,200,1,0,159.34246275823037,200,0.0
Australia,Brisbane,2023 Dec Qtr,no_anchor_delay,48,0.0,adaptive,200,1,0,159.34246275823037,200,0.0
Australia,Brisbane,2023 Dec Qtr,no_anchor_delay,96,0.0,fixed,200,1,0,159.34246275823037,200,0.0
Australia,Brisbane,2023 Dec Qtr,no_anchor_delay,96,0.0,adaptive,200,1,0,159.34246275823037,200,0.0
Australia,Brisbane,2023 Dec Qtr,no_anchor_delay,144,0.0,fixed,200,1,0,159.34246275823037,200,0.0
Australia,Brisbane,2023 Dec Qtr,no_anchor_delay,144,0.0,adaptive,200,1,0,159.34246275823037,200,0.0
Australia,Brisbane,2023 Dec Qtr,all_calls_mean_proxy,0,8.714132575757576,fixed,200,1,1,159.34246275823037,200,32.907236992619325
Australia,Brisbane,2023 Dec Qtr,all_calls_mean_proxy,0,8.714132575757576,adaptive,200,1,0,211.77766460795743,200,32.907236992619325
Australia,Brisbane,2023 Dec Qtr,all_calls_mean_proxy,12,8.714132575757576,fixed,200,1,0,159.34246275823037,200,0.0
Australia,Brisbane,2023 Dec Qtr,all_calls_mean_proxy,12,8.714132575757576,adaptive,200,1,0,159.34246275823037,200,0.0
Australia,Brisbane,2023 Dec Qtr,all_calls_mean_proxy,24,8.714132575757576,fixed,200,1,0,159.34246275823037,200,0.0
Australia,Brisbane,2023 Dec Qtr,all_calls_mean_proxy,24,8.714132575757576,adaptive,200,1,0,159.34246275823037,200,0.0
Australia,Brisbane,2023 Dec Qtr,all_calls_mean_proxy,48,8.714132575757576,fixed,200,1,0,159.34246275823037,200,0.0
Australia,Brisbane,2023 Dec Qtr,all_calls_mean_proxy,48,8.714132575757576,adaptive,200,1,0,159.34246275823037,200,0.0
Australia,Brisbane,2023 Dec Qtr,all_calls_mean_proxy,96,8.714132575757576,fixed,200,1,0,159.34246275823037,200,0.0
Australia,Brisbane,2023 Dec Qtr,all_calls_mean_proxy,96,8.714132575757576,adaptive,200,1,0,159.34246275823037,200,0.0
Australia,Brisbane,2023 Dec Qtr,all_calls_mean_proxy,144,8.714132575757576,fixed,200,1,0,159.34246275823037,200,0.0
Australia,Brisbane,2023 Dec Qtr,all_calls_mean_proxy,144,8.714132575757576,adaptive,200,1,0,159.34246275823037,200,0.0
Australia,Brisbane,2023 Dec Qtr,anchored_call_mean_stress,0,42.60242592592593,fixed,200,1,1,159.34246275823037,200,44.000000000000014
Australia,Brisbane,2023 Dec Qtr,anchored_call_mean_stress,0,42.60242592592593,adaptive,200,1,1,229.45314637185174,200,44.000000000000014
Australia,Brisbane,2023 Dec Qtr,anchored_call_mean_stress,12,42.60242592592593,fixed,200,1,1,159.34246275823037,200,44.000000000000014
Australia,Brisbane,2023 Dec Qtr,anchored_call_mean_stress,12,42.60242592592593,adaptive,200,1,1,229.45314637185174,200,44.000000000000014
Australia,Brisbane,2023 Dec Qtr,anchored_call_mean_stress,24,42.60242592592593,fixed,200,1,1,159.34246275823037,200,44.000000000000014
Australia,Brisbane,2023 Dec Qtr,anchored_call_mean_stress,24,42.60242592592593,adaptive,200,1,1,229.45314637185174,200,44.000000000000014
Australia,Brisbane,2023 Dec Qtr,anchored_call_mean_stress,48,42.60242592592593,fixed,200,1,0,159.34246275823037,200,0.0
Australia,Brisbane,2023 Dec Qtr,anchored_call_mean_stress,48,42.60242592592593,adaptive,200,1,0,159.34246275823037,200,0.0
Australia,Brisbane,2023 Dec Qtr,anchored_call_mean_stress,96,42.60242592592593,fixed,200,1,0,159.34246275823037,200,0.0
Australia,Brisbane,2023 Dec Qtr,anchored_call_mean_stress,96,42.60242592592593,adaptive,200,1,0,159.34246275823037,200,0.0
Australia,Brisbane,2023 Dec Qtr,anchored_call_mean_stress,144,42.60242592592593,fixed,200,1,0,159.34246275823037,200,0.0
Australia,Brisbane,2023 Dec Qtr,anchored_call_mean_stress,144,42.60242592592593,adaptive,200,1,0,159.34246275823037,200,0.0
Australia,Brisbane,2024 Mar Qtr,no_anchor_delay,0,0.0,fixed,200,1,0,159.34246275823037,200,0.0
Australia,Brisbane,2024 Mar Qtr,no_anchor_delay,0,0.0,adaptive,200,1,0,159.34246275823037,200,0.0
Australia,Brisbane,2024 Mar Qtr,no_anchor_delay,12,0.0,fixed,200,1,0,159.34246275823037,200,0.0
Australia,Brisbane,2024 Mar Qtr,no_anchor_delay,12,0.0,adaptive,200,1,0,159.34246275823037,200,0.0
Australia,Brisbane,2024 Mar Qtr,no_anchor_delay,24,0.0,fixed,200,1,0,159.34246275823037,200,0.0
Australia,Brisbane,2024 Mar Qtr,no_anchor_delay,24,0.0,adaptive,200,1,0,159.34246275823037,200,0.0
Australia,Brisbane,2024 Mar Qtr,no_anchor_delay,48,0.0,fixed,200,1,0,159.34246275823037,200,0.0
Australia,Brisbane,2024 Mar Qtr,no_anchor_delay,48,0.0,adaptive,200,1,0,159.34246275823037,200,0.0
Australia,Brisbane,2024 Mar Qtr,no_anchor_delay,96,0.0,fixed,200,1,0,159.34246275823037,200,0.0
Australia,Brisbane,2024 Mar Qtr,no_anchor_delay,96,0.0,adaptive,200,1,0,159.34246275823037,200,0.0
Australia,Brisbane,2024 Mar Qtr,no_anchor_delay,144,0.0,fixed,200,1,0,159.34246275823037,200,0.0
Australia,Brisbane,2024 Mar Qtr,no_anchor_delay,144,0.0,adaptive,200,1,0,159.34246275823037,200,0.0
Australia,Brisbane,2024 Mar Qtr,all_calls_mean_proxy,0,9.120434343434344,fixed,200,1,1,159.34246275823037,200,32.907236992619325
Australia,Brisbane,2024 Mar Qtr,all_calls_mean_proxy,0,9.120434343434344,adaptive,200,1,0,211.77766460795743,200,32.907236992619325
Australia,Brisbane,2024 Mar Qtr,all_calls_mean_proxy,12,9.120434343434344,fixed,200,1,0,159.34246275823037,200,0.0
Australia,Brisbane,2024 Mar Qtr,all_calls_mean_proxy,12,9.120434343434344,adaptive,200,1,0,159.34246275823037,200,0.0
Australia,Brisbane,2024 Mar Qtr,all_calls_mean_proxy,24,9.120434343434344,fixed,200,1,0,159.34246275823037,200,0.0
Australia,Brisbane,2024 Mar Qtr,all_calls_mean_proxy,24,9.120434343434344,adaptive,200,1,0,159.34246275823037,200,0.0
Australia,Brisbane,2024 Mar Qtr,all_calls_mean_proxy,48,9.120434343434344,fixed,200,1,0,159.34246275823037,200,0.0
Australia,Brisbane,2024 Mar Qtr,all_calls_mean_proxy,48,9.120434343434344,adaptive,200,1,0,159.34246275823037,200,0.0
Australia,Brisbane,2024 Mar Qtr,all_calls_mean_proxy,96,9.120434343434344,fixed,200,1,0,159.34246275823037,200,0.0
Australia,Brisbane,2024 Mar Qtr,all_calls_mean_proxy,96,9.120434343434344,adaptive,200,1,0,159.34246275823037,200,0.0
Australia,Brisbane,2024 Mar Qtr,all_calls_mean_proxy,144,9.120434343434344,fixed,200,1,0,159.34246275823037,200,0.0
Australia,Brisbane,2024 Mar Qtr,all_calls_mean_proxy,144,9.120434343434344,adaptive,200,1,0,159.34246275823037,200,0.0
Australia,Brisbane,2024 Mar Qtr,anchored_call_mean_stress,0,29.94769485903814,fixed,200,1,1,159.34246275823037,200,44.000000000000014
Australia,Brisbane,2024 Mar Qtr,anchored_call_mean_stress,0,29.94769485903814,adaptive,200,1,1,229.45314637185174,200,44.000000000000014
Australia,Brisbane,2024 Mar Qtr,anchored_call_mean_stress,12,29.94769485903814,fixed,200,1,1,159.34246275823037,200,44.000000000000014
Australia,Brisbane,2024 Mar Qtr,anchored_call_mean_stress,12,29.94769485903814,adaptive,200,1,1,229.45314637185174,200,44.000000000000014
Australia,Brisbane,2024 Mar Qtr,anchored_call_mean_stress,24,29.94769485903814,fixed,200,1,1,159.34246275823037,200,21.978501061142765
Australia,Brisbane,2024 Mar Qtr,anchored_call_mean_stress,24,29.94769485903814,adaptive,200,1,0,194.36354762639905,200,21.978501061142765
Australia,Brisbane,2024 Mar Qtr,anchored_call_mean_stress,48,29.94769485903814,fixed,200,1,0,159.34246275823037,200,0.0
Australia,Brisbane,2024 Mar Qtr,anchored_call_mean_stress,48,29.94769485903814,adaptive,200,1,0,159.34246275823037,200,0.0
Australia,Brisbane,2024 Mar Qtr,anchored_call_mean_stress,96,29.94769485903814,fixed,200,1,0,159.34246275823037,200,0.0
Australia,Brisbane,2024 Mar Qtr,anchored_call_mean_stress,96,29.94769485903814,adaptive,200,1,0,159.34246275823037,200,0.0
Australia,Brisbane,2024 Mar Qtr,anchored_call_mean_stress,144,29.94769485903814,fixed,200,1,0,159.34246275823037,200,0.0
Australia,Brisbane,2024 Mar Qtr,anchored_call_mean_stress,144,29.94769485903814,adaptive,200,1,0,159.34246275823037,200,0.0
Australia,Brisbane,2024 Jun Qtr,no_anchor_delay,0,0.0,fixed,200,1,0,159.34246275823037,200,0.0
Australia,Brisbane,2024 Jun Qtr,no_anchor_delay,0,0.0,adaptive,200,1,0,159.34246275823037,200,0.0
Australia,Brisbane,2024 Jun Qtr,no_anchor_delay,12,0.0,fixed,200,1,0,159.34246275823037,200,0.0
Australia,Brisbane,2024 Jun Qtr,no_anchor_delay,12,0.0,adaptive,200,1,0,159.34246275823037,200,0.0
Australia,Brisbane,2024 Jun Qtr,no_anchor_delay,24,0.0,fixed,200,1,0,159.34246275823037,200,0.0
Australia,Brisbane,2024 Jun Qtr,no_anchor_delay,24,0.0,adaptive,200,1,0,159.34246275823037,200,0.0
Australia,Brisbane,2024 Jun Qtr,no_anchor_delay,48,0.0,fixed,200,1,0,159.34246275823037,200,0.0
Australia,Brisbane,2024 Jun Qtr,no_anchor_delay,48,0.0,adaptive,200,1,0,159.34246275823037,200,0.0
Australia,Brisbane,2024 Jun Qtr,no_anchor_delay,96,0.0,fixed,200,1,0,159.34246275823037,200,0.0
Australia,Brisbane,2024 Jun Qtr,no_anchor_delay,96,0.0,adaptive,200,1,0,159.34246275823037,200,0.0
Australia,Brisbane,2024 Jun Qtr,no_anchor_delay,144,0.0,fixed,200,1,0,159.34246275823037,200,0.0
Australia,Brisbane,2024 Jun Qtr,no_anchor_delay,144,0.0,adaptive,200,1,0,159.34246275823037,200,0.0
Australia,Brisbane,2024 Jun Qtr,all_calls_mean_proxy,0,5.223315894369707,fixed,200,1,1,159.34246275823037,200,21.978501061142765
Australia,Brisbane,2024 Jun Qtr,all_calls_mean_proxy,0,5.223315894369707,adaptive,200,1,0,194.36354762639905,200,21.978501061142765
Australia,Brisbane,2024 Jun Qtr,all_calls_mean_proxy,12,5.223315894369707,fixed,200,1,0,159.34246275823037,200,0.0
Australia,Brisbane,2024 Jun Qtr,all_calls_mean_proxy,12,5.223315894369707,adaptive,200,1,0,159.34246275823037,200,0.0
Australia,Brisbane,2024 Jun Qtr,all_calls_mean_proxy,24,5.223315894369707,fixed,200,1,0,159.34246275823037,200,0.0
Australia,Brisbane,2024 Jun Qtr,all_calls_mean_proxy,24,5.223315894369707,adaptive,200,1,0,159.34246275823037,200,0.0
Australia,Brisbane,2024 Jun Qtr,all_calls_mean_proxy,48,5.223315894369707,fixed,200,1,0,159.34246275823037,200,0.0
Australia,Brisbane,2024 Jun Qtr,all_calls_mean_proxy,48,5.223315894369707,adaptive,200,1,0,159.34246275823037,200,0.0
Australia,Brisbane,2024 Jun Qtr,all_calls_mean_proxy,96,5.223315894369707,fixed,200,1,0,159.34246275823037,200,0.0
Australia,Brisbane,2024 Jun Qtr,all_calls_mean_proxy,96,5.223315894369707,adaptive,200,1,0,159.34246275823037,200,0.0
Australia,Brisbane,2024 Jun Qtr,all_calls_mean_proxy,144,5.223315894369707,fixed,200,1,0,159.34246275823037,200,0.0
Australia,Brisbane,2024 Jun Qtr,all_calls_mean_proxy,144,5.223315894369707,adaptive,200,1,0,159.34246275823037,200,0.0
Australia,Brisbane,2024 Jun Qtr,anchored_call_mean_stress,0,23.771417233560094,fixed,200,1,1,159.34246275823037,200,44.000000000000014
Australia,Brisbane,2024 Jun Qtr,anchored_call_mean_stress,0,23.771417233560094,adaptive,200,1,1,229.45314637185174,200,44.000000000000014
Australia,Brisbane,2024 Jun Qtr,anchored_call_mean_stress,12,23.771417233560094,fixed,200,1,1,159.34246275823037,200,44.000000000000014
Australia,Brisbane,2024 Jun Qtr,anchored_call_mean_stress,12,23.771417233560094,adaptive,200,1,0,229.45314637185174,200,44.000000000000014
Australia,Brisbane,2024 Jun Qtr,anchored_call_mean_stress,24,23.771417233560094,fixed,200,1,0,159.34246275823037,200,0.0
Australia,Brisbane,2024 Jun Qtr,anchored_call_mean_stress,24,23.771417233560094,adaptive,200,1,0,159.34246275823037,200,0.0
Australia,Brisbane,2024 Jun Qtr,anchored_call_mean_stress,48,23.771417233560094,fixed,200,1,0,159.34246275823037,200,0.0
Australia,Brisbane,2024 Jun Qtr,anchored_call_mean_stress,48,23.771417233560094,adaptive,200,1,0,159.34246275823037,200,0.0
Australia,Brisbane,2024 Jun Qtr,anchored_call_mean_stress,96,23.771417233560094,fixed,200,1,0,159.34246275823037,200,0.0
Australia,Brisbane,2024 Jun Qtr,anchored_call_mean_stress,96,23.771417233560094,adaptive,200,1,0,159.34246275823037,200,0.0
Australia,Brisbane,2024 Jun Qtr,anchored_call_mean_stress,144,23.771417233560094,fixed,200,1,0,159.34246275823037,200,0.0
Australia,Brisbane,2024 Jun Qtr,anchored_call_mean_stress,144,23.771417233560094,adaptive,200,1,0,159.34246275823037,200,0.0
Australia,Brisbane,2024 Sep Qtr,no_anchor_delay,0,0.0,fixed,200,1,0,159.34246275823037,200,0.0
Australia,Brisbane,2024 Sep Qtr,no_anchor_delay,0,0.0,adaptive,200,1,0,159.34246275823037,200,0.0
Australia,Brisbane,2024 Sep Qtr,no_anchor_delay,12,0.0,fixed,200,1,0,159.34246275823037,200,0.0
Australia,Brisbane,2024 Sep Qtr,no_anchor_delay,12,0.0,adaptive,200,1,0,159.34246275823037,200,0.0
Australia,Brisbane,2024 Sep Qtr,no_anchor_delay,24,0.0,fixed,200,1,0,159.34246275823037,200,0.0
Australia,Brisbane,2024 Sep Qtr,no_anchor_delay,24,0.0,adaptive,200,1,0,159.34246275823037,200,0.0
Australia,Brisbane,2024 Sep Qtr,no_anchor_delay,48,0.0,fixed,200,1,0,159.34246275823037,200,0.0
Australia,Brisbane,2024 Sep Qtr,no_anchor_delay,48,0.0,adaptive,200,1,0,159.34246275823037,200,0.0
Australia,Brisbane,2024 Sep Qtr,no_anchor_delay,96,0.0,fixed,200,1,0,159.34246275823037,200,0.0
Australia,Brisbane,2024 Sep Qtr,no_anchor_delay,96,0.0,adaptive,200,1,0,159.34246275823037,200,0.0
Australia,Brisbane,2024 Sep Qtr,no_anchor_delay,144,0.0,fixed,200,1,0,159.34246275823037,200,0.0
Australia,Brisbane,2024 Sep Qtr,no_anchor_delay,144,0.0,adaptive,200,1,0,159.34246275823037,200,0.0
Australia,Brisbane,2024 Sep Qtr,all_calls_mean_proxy,0,3.5805039331366766,fixed,200,1,1,159.34246275823037,200,16.508677303991746
Australia,Brisbane,2024 Sep Qtr,all_calls_mean_proxy,0,3.5805039331366766,adaptive,200,1,0,185.64779574321986,200,16.508677303991746
Australia,Brisbane,2024 Sep Qtr,all_calls_mean_proxy,12,3.5805039331366766,fixed,200,1,0,159.34246275823037,200,0.0
Australia,Brisbane,2024 Sep Qtr,all_calls_mean_proxy,12,3.5805039331366766,adaptive,200,1,0,159.34246275823037,200,0.0
Australia,Brisbane,2024 Sep Qtr,all_calls_mean_proxy,24,3.5805039331366766,fixed,200,1,0,159.34246275823037,200,0.0
Australia,Brisbane,2024 Sep Qtr,all_calls_mean_proxy,24,3.5805039331366766,adaptive,200,1,0,159.34246275823037,200,0.0
Australia,Brisbane,2024 Sep Qtr,all_calls_mean_proxy,48,3.5805039331366766,fixed,200,1,0,159.34246275823037,200,0.0
Australia,Brisbane,2024 Sep Qtr,all_calls_mean_proxy,48,3.5805039331366766,adaptive,200,1,0,159.34246275823037,200,0.0
Australia,Brisbane,2024 Sep Qtr,all_calls_mean_proxy,96,3.5805039331366766,fixed,200,1,0,159.34246275823037,200,0.0
Australia,Brisbane,2024 Sep Qtr,all_calls_mean_proxy,96,3.5805039331366766,adaptive,200,1,0,159.34246275823037,200,0.0
Australia,Brisbane,2024 Sep Qtr,all_calls_mean_proxy,144,3.5805039331366766,fixed,200,1,0,159.34246275823037,200,0.0
Australia,Brisbane,2024 Sep Qtr,all_calls_mean_proxy,144,3.5805039331366766,adaptive,200,1,0,159.34246275823037,200,0.0
Australia,Brisbane,2024 Sep Qtr,anchored_call_mean_stress,0,22.47760802469136,fixed,200,1,1,159.34246275823037,200,44.000000000000014
Australia,Brisbane,2024 Sep Qtr,anchored_call_mean_stress,0,22.47760802469136,adaptive,200,1,1,229.45314637185174,200,44.000000000000014
Australia,Brisbane,2024 Sep Qtr,anchored_call_mean_stress,12,22.47760802469136,fixed,200,1,1,159.34246275823037,200,38.461571974808706
Australia,Brisbane,2024 Sep Qtr,anchored_call_mean_stress,12,22.47760802469136,adaptive,200,1,0,220.6280787584199,200,38.461571974808706
Australia,Brisbane,2024 Sep Qtr,anchored_call_mean_stress,24,22.47760802469136,fixed,200,1,0,159.34246275823037,200,0.0
Australia,Brisbane,2024 Sep Qtr,anchored_call_mean_stress,24,22.47760802469136,adaptive,200,1,0,159.34246275823037,200,0.0
Australia,Brisbane,2024 Sep Qtr,anchored_call_mean_stress,48,22.47760802469136,fixed,200,1,0,159.34246275823037,200,0.0
Australia,Brisbane,2024 Sep Qtr,anchored_call_mean_stress,48,22.47760802469136,adaptive,200,1,0,159.34246275823037,200,0.0
Australia,Brisbane,2024 Sep Qtr,anchored_call_mean_stress,96,22.47760802469136,fixed,200,1,0,159.34246275823037,200,0.0
Australia,Brisbane,2024 Sep Qtr,anchored_call_mean_stress,96,22.47760802469136,adaptive,200,1,0,159.34246275823037,200,0.0
Australia,Brisbane,2024 Sep Qtr,anchored_call_mean_stress,144,22.47760802469136,fixed,200,1,0,159.34246275823037,200,0.0
Australia,Brisbane,2024 Sep Qtr,anchored_call_mean_stress,144,22.47760802469136,adaptive,200,1,0,159.34246275823037,200,0.0
Australia,Brisbane,2024 Dec Qtr,no_anchor_delay,0,0.0,fixed,200,1,0,159.34246275823037,200,0.0
Australia,Brisbane,2024 Dec Qtr,no_anchor_delay,0,0.0,adaptive,200,1,0,159.34246275823037,200,0.0
Australia,Brisbane,2024 Dec Qtr,no_anchor_delay,12,0.0,fixed,200,1,0,159.34246275823037,200,0.0
Australia,Brisbane,2024 Dec Qtr,no_anchor_delay,12,0.0,adaptive,200,1,0,159.34246275823037,200,0.0
Australia,Brisbane,2024 Dec Qtr,no_anchor_delay,24,0.0,fixed,200,1,0,159.34246275823037,200,0.0
Australia,Brisbane,2024 Dec Qtr,no_anchor_delay,24,0.0,adaptive,200,1,0,159.34246275823037,200,0.0
Australia,Brisbane,2024 Dec Qtr,no_anchor_delay,48,0.0,fixed,200,1,0,159.34246275823037,200,0.0
Australia,Brisbane,2024 Dec Qtr,no_anchor_delay,48,0.0,adaptive,200,1,0,159.34246275823037,200,0.0
Australia,Brisbane,2024 Dec Qtr,no_anchor_delay,96,0.0,fixed,200,1,0,159.34246275823037,200,0.0
Australia,Brisbane,2024 Dec Qtr,no_anchor_delay,96,0.0,adaptive,200,1,0,159.34246275823037,200,0.0
Australia,Brisbane,2024 Dec Qtr,no_anchor_delay,144,0.0,fixed,200,1,0,159.34246275823037,200,0.0
Australia,Brisbane,2024 Dec Qtr,no_anchor_delay,144,0.0,adaptive,200,1,0,159.34246275823037,200,0.0
Australia,Brisbane,2024 Dec Qtr,all_calls_mean_proxy,0,6.187306172839507,fixed,200,1,1,159.34246275823037,200,21.978501061142765
Australia,Brisbane,2024 Dec Qtr,all_calls_mean_proxy,0,6.187306172839507,adaptive,200,1,0,194.36354762639905,200,21.978501061142765
Australia,Brisbane,2024 Dec Qtr,all_calls_mean_proxy,12,6.187306172839507,fixed,200,1,0,159.34246275823037,200,0.0
Australia,Brisbane,2024 Dec Qtr,all_calls_mean_proxy,12,6.187306172839507,adaptive,200,1,0,159.34246275823037,200,0.0
Australia,Brisbane,2024 Dec Qtr,all_calls_mean_proxy,24,6.187306172839507,fixed,200,1,0,159.34246275823037,200,0.0
Australia,Brisbane,2024 Dec Qtr,all_calls_mean_proxy,24,6.187306172839507,adaptive,200,1,0,159.34246275823037,200,0.0
Australia,Brisbane,2024 Dec Qtr,all_calls_mean_proxy,48,6.187306172839507,fixed,200,1,0,159.34246275823037,200,0.0
Australia,Brisbane,2024 Dec Qtr,all_calls_mean_proxy,48,6.187306172839507,adaptive,200,1,0,159.34246275823037,200,0.0
Australia,Brisbane,2024 Dec Qtr,all_calls_mean_proxy,96,6.187306172839507,fixed,200,1,0,159.34246275823037,200,0.0
Australia,Brisbane,2024 Dec Qtr,all_calls_mean_proxy,96,6.187306172839507,adaptive,200,1,0,159.34246275823037,200,0.0
Australia,Brisbane,2024 Dec Qtr,all_calls_mean_proxy,144,6.187306172839507,fixed,200,1,0,159.34246275823037,200,0.0
Australia,Brisbane,2024 Dec Qtr,all_calls_mean_proxy,144,6.187306172839507,adaptive,200,1,0,159.34246275823037,200,0.0
Australia,Brisbane,2024 Dec Qtr,anchored_call_mean_stress,0,29.002997685185186,fixed,200,1,1,159.34246275823037,200,44.000000000000014
Australia,Brisbane,2024 Dec Qtr,anchored_call_mean_stress,0,29.002997685185186,adaptive,200,1,1,229.45314637185174,200,44.000000000000014
Australia,Brisbane,2024 Dec Qtr,anchored_call_mean_stress,12,29.002997685185186,fixed,200,1,1,159.34246275823037,200,44.000000000000014
Australia,Brisbane,2024 Dec Qtr,anchored_call_mean_stress,12,29.002997685185186,adaptive,200,1,1,229.45314637185174,200,44.000000000000014
Australia,Brisbane,2024 Dec Qtr,anchored_call_mean_stress,24,29.002997685185186,fixed,200,1,1,159.34246275823037,200,21.978501061142765
Australia,Brisbane,2024 Dec Qtr,anchored_call_mean_stress,24,29.002997685185186,adaptive,200,1,0,194.36354762639905,200,21.978501061142765
Australia,Brisbane,2024 Dec Qtr,anchored_call_mean_stress,48,29.002997685185186,fixed,200,1,0,159.34246275823037,200,0.0
Australia,Brisbane,2024 Dec Qtr,anchored_call_mean_stress,48,29.002997685185186,adaptive,200,1,0,159.34246275823037,200,0.0
Australia,Brisbane,2024 Dec Qtr,anchored_call_mean_stress,96,29.002997685185186,fixed,200,1,0,159.34246275823037,200,0.0
Australia,Brisbane,2024 Dec Qtr,anchored_call_mean_stress,96,29.002997685185186,adaptive,200,1,0,159.34246275823037,200,0.0
Australia,Brisbane,2024 Dec Qtr,anchored_call_mean_stress,144,29.002997685185186,fixed,200,1,0,159.34246275823037,200,0.0
Australia,Brisbane,2024 Dec Qtr,anchored_call_mean_stress,144,29.002997685185186,adaptive,200,1,0,159.34246275823037,200,0.0
Australia,Brisbane,2025 Mar Qtr,no_anchor_delay,0,0.0,fixed,200,1,0,159.34246275823037,200,0.0
Australia,Brisbane,2025 Mar Qtr,no_anchor_delay,0,0.0,adaptive,200,1,0,159.34246275823037,200,0.0
Australia,Brisbane,2025 Mar Qtr,no_anchor_delay,12,0.0,fixed,200,1,0,159.34246275823037,200,0.0
Australia,Brisbane,2025 Mar Qtr,no_anchor_delay,12,0.0,adaptive,200,1,0,159.34246275823037,200,0.0
Australia,Brisbane,2025 Mar Qtr,no_anchor_delay,24,0.0,fixed,200,1,0,159.34246275823037,200,0.0
Australia,Brisbane,2025 Mar Qtr,no_anchor_delay,24,0.0,adaptive,200,1,0,159.34246275823037,200,0.0
Australia,Brisbane,2025 Mar Qtr,no_anchor_delay,48,0.0,fixed,200,1,0,159.34246275823037,200,0.0
Australia,Brisbane,2025 Mar Qtr,no_anchor_delay,48,0.0,adaptive,200,1,0,159.34246275823037,200,0.0
Australia,Brisbane,2025 Mar Qtr,no_anchor_delay,96,0.0,fixed,200,1,0,159.34246275823037,200,0.0
Australia,Brisbane,2025 Mar Qtr,no_anchor_delay,96,0.0,adaptive,200,1,0,159.34246275823037,200,0.0
Australia,Brisbane,2025 Mar Qtr,no_anchor_delay,144,0.0,fixed,200,1,0,159.34246275823037,200,0.0
Australia,Brisbane,2025 Mar Qtr,no_anchor_delay,144,0.0,adaptive,200,1,0,159.34246275823037,200,0.0
Australia,Brisbane,2025 Mar Qtr,all_calls_mean_proxy,0,5.850335429769392,fixed,200,1,1,159.34246275823037,200,21.978501061142765
Australia,Brisbane,2025 Mar Qtr,all_calls_mean_proxy,0,5.850335429769392,adaptive,200,1,0,194.36354762639905,200,21.978501061142765
Australia,Brisbane,2025 Mar Qtr,all_calls_mean_proxy,12,5.850335429769392,fixed,200,1,0,159.34246275823037,200,0.0
Australia,Brisbane,2025 Mar Qtr,all_calls_mean_proxy,12,5.850335429769392,adaptive,200,1,0,159.34246275823037,200,0.0
Australia,Brisbane,2025 Mar Qtr,all_calls_mean_proxy,24,5.850335429769392,fixed,200,1,0,159.34246275823037,200,0.0
Australia,Brisbane,2025 Mar Qtr,all_calls_mean_proxy,24,5.850335429769392,adaptive,200,1,0,159.34246275823037,200,0.0
Australia,Brisbane,2025 Mar Qtr,all_calls_mean_proxy,48,5.850335429769392,fixed,200,1,0,159.34246275823037,200,0.0
Australia,Brisbane,2025 Mar Qtr,all_calls_mean_proxy,48,5.850335429769392,adaptive,200,1,0,159.34246275823037,200,0.0
Australia,Brisbane,2025 Mar Qtr,all_calls_mean_proxy,96,5.850335429769392,fixed,200,1,0,159.34246275823037,200,0.0
Australia,Brisbane,2025 Mar Qtr,all_calls_mean_proxy,96,5.850335429769392,adaptive,200,1,0,159.34246275823037,200,0.0
Australia,Brisbane,2025 Mar Qtr,all_calls_mean_proxy,144,5.850335429769392,fixed,200,1,0,159.34246275823037,200,0.0
Australia,Brisbane,2025 Mar Qtr,all_calls_mean_proxy,144,5.850335429769392,adaptive,200,1,0,159.34246275823037,200,0.0
Australia,Brisbane,2025 Mar Qtr,anchored_call_mean_stress,0,28.8435142118863,fixed,200,1,1,159.34246275823037,200,44.000000000000014
Australia,Brisbane,2025 Mar Qtr,anchored_call_mean_stress,0,28.8435142118863,adaptive,200,1,1,229.45314637185174,200,44.000000000000014
Australia,Brisbane,2025 Mar Qtr,anchored_call_mean_stress,12,28.8435142118863,fixed,200,1,1,159.34246275823037,200,44.000000000000014
Australia,Brisbane,2025 Mar Qtr,anchored_call_mean_stress,12,28.8435142118863,adaptive,200,1,1,229.45314637185174,200,44.000000000000014
Australia,Brisbane,2025 Mar Qtr,anchored_call_mean_stress,24,28.8435142118863,fixed,200,1,1,159.34246275823037,200,16.508677303991746
Australia,Brisbane,2025 Mar Qtr,anchored_call_mean_stress,24,28.8435142118863,adaptive,200,1,0,185.64779574321986,200,16.508677303991746
Australia,Brisbane,2025 Mar Qtr,anchored_call_mean_stress,48,28.8435142118863,fixed,200,1,0,159.34246275823037,200,0.0
Australia,Brisbane,2025 Mar Qtr,anchored_call_mean_stress,48,28.8435142118863,adaptive,200,1,0,159.34246275823037,200,0.0
Australia,Brisbane,2025 Mar Qtr,anchored_call_mean_stress,96,28.8435142118863,fixed,200,1,0,159.34246275823037,200,0.0
Australia,Brisbane,2025 Mar Qtr,anchored_call_mean_stress,96,28.8435142118863,adaptive,200,1,0,159.34246275823037,200,0.0
Australia,Brisbane,2025 Mar Qtr,anchored_call_mean_stress,144,28.8435142118863,fixed,200,1,0,159.34246275823037,200,0.0
Australia,Brisbane,2025 Mar Qtr,anchored_call_mean_stress,144,28.8435142118863,adaptive,200,1,0,159.34246275823037,200,0.0
Australia,Brisbane,2025 Jun Qtr,no_anchor_delay,0,0.0,fixed,200,1,0,159.34246275823037,200,0.0
Australia,Brisbane,2025 Jun Qtr,no_anchor_delay,0,0.0,adaptive,200,1,0,159.34246275823037,200,0.0
Australia,Brisbane,2025 Jun Qtr,no_anchor_delay,12,0.0,fixed,200,1,0,159.34246275823037,200,0.0
Australia,Brisbane,2025 Jun Qtr,no_anchor_delay,12,0.0,adaptive,200,1,0,159.34246275823037,200,0.0
Australia,Brisbane,2025 Jun Qtr,no_anchor_delay,24,0.0,fixed,200,1,0,159.34246275823037,200,0.0
Australia,Brisbane,2025 Jun Qtr,no_anchor_delay,24,0.0,adaptive,200,1,0,159.34246275823037,200,0.0
Australia,Brisbane,2025 Jun Qtr,no_anchor_delay,48,0.0,fixed,200,1,0,159.34246275823037,200,0.0
Australia,Brisbane,2025 Jun Qtr,no_anchor_delay,48,0.0,adaptive,200,1,0,159.34246275823037,200,0.0
Australia,Brisbane,2025 Jun Qtr,no_anchor_delay,96,0.0,fixed,200,1,0,159.34246275823037,200,0.0
Australia,Brisbane,2025 Jun Qtr,no_anchor_delay,96,0.0,adaptive,200,1,0,159.34246275823037,200,0.0
Australia,Brisbane,2025 Jun Qtr,no_anchor_delay,144,0.0,fixed,200,1,0,159.34246275823037,200,0.0
Australia,Brisbane,2025 Jun Qtr,no_anchor_delay,144,0.0,adaptive,200,1,0,159.34246275823037,200,0.0
Australia,Brisbane,2025 Jun Qtr,all_calls_mean_proxy,0,2.142137345679012,fixed,200,1,1,159.34246275823037,200,11.06604802203619
Australia,Brisbane,2025 Jun Qtr,all_calls_mean_proxy,0,2.142137345679012,adaptive,200,1,0,176.9753762065513,200,11.06604802203619
Australia,Brisbane,2025 Jun Qtr,all_calls_mean_proxy,12,2.142137345679012,fixed,200,1,0,159.34246275823037,200,0.0
Australia,Brisbane,2025 Jun Qtr,all_calls_mean_proxy,12,2.142137345679012,adaptive,200,1,0,159.34246275823037,200,0.0
Australia,Brisbane,2025 Jun Qtr,all_calls_mean_proxy,24,2.142137345679012,fixed,200,1,0,159.34246275823037,200,0.0
Australia,Brisbane,2025 Jun Qtr,all_calls_mean_proxy,24,2.142137345679012,adaptive,200,1,0,159.34246275823037,200,0.0
Australia,Brisbane,2025 Jun Qtr,all_calls_mean_proxy,48,2.142137345679012,fixed,200,1,0,159.34246275823037,200,0.0
Australia,Brisbane,2025 Jun Qtr,all_calls_mean_proxy,48,2.142137345679012,adaptive,200,1,0,159.34246275823037,200,0.0
Australia,Brisbane,2025 Jun Qtr,all_calls_mean_proxy,96,2.142137345679012,fixed,200,1,0,159.34246275823037,200,0.0
Australia,Brisbane,2025 Jun Qtr,all_calls_mean_proxy,96,2.142137345679012,adaptive,200,1,0,159.34246275823037,200,0.0
Australia,Brisbane,2025 Jun Qtr,all_calls_mean_proxy,144,2.142137345679012,fixed,200,1,0,159.34246275823037,200,0.0
Australia,Brisbane,2025 Jun Qtr,all_calls_mean_proxy,144,2.142137345679012,adaptive,200,1,0,159.34246275823037,200,0.0
Australia,Brisbane,2025 Jun Qtr,anchored_call_mean_stress,0,19.27923611111111,fixed,200,1,1,159.34246275823037,200,44.000000000000014
Australia,Brisbane,2025 Jun Qtr,anchored_call_mean_stress,0,19.27923611111111,adaptive,200,1,1,229.45314637185174,200,44.000000000000014
Australia,Brisbane,2025 Jun Qtr,anchored_call_mean_stress,12,19.27923611111111,fixed,200,1,1,159.34246275823037,200,27.434265500145226
Australia,Brisbane,2025 Jun Qtr,anchored_call_mean_stress,12,19.27923611111111,adaptive,200,1,0,203.05689704579333,200,27.434265500145226
Australia,Brisbane,2025 Jun Qtr,anchored_call_mean_stress,24,19.27923611111111,fixed,200,1,0,159.34246275823037,200,0.0
Australia,Brisbane,2025 Jun Qtr,anchored_call_mean_stress,24,19.27923611111111,adaptive,200,1,0,159.34246275823037,200,0.0
Australia,Brisbane,2025 Jun Qtr,anchored_call_mean_stress,48,19.27923611111111,fixed,200,1,0,159.34246275823037,200,0.0
Australia,Brisbane,2025 Jun Qtr,anchored_call_mean_stress,48,19.27923611111111,adaptive,200,1,0,159.34246275823037,200,0.0
Australia,Brisbane,2025 Jun Qtr,anchored_call_mean_stress,96,19.27923611111111,fixed,200,1,0,159.34246275823037,200,0.0
Australia,Brisbane,2025 Jun Qtr,anchored_call_mean_stress,96,19.27923611111111,adaptive,200,1,0,159.34246275823037,200,0.0
Australia,Brisbane,2025 Jun Qtr,anchored_call_mean_stress,144,19.27923611111111,fixed,200,1,0,159.34246275823037,200,0.0
Australia,Brisbane,2025 Jun Qtr,anchored_call_mean_stress,144,19.27923611111111,adaptive,200,1,0,159.34246275823037,200,0.0
Australia,Sydney,2023 Mar Qtr,no_anchor_delay,0,0.0,fixed,200,1,0,159.34246275823037,200,0.0
Australia,Sydney,2023 Mar Qtr,no_anchor_delay,0,0.0,adaptive,200,1,0,159.34246275823037,200,0.0
Australia,Sydney,2023 Mar Qtr,no_anchor_delay,12,0.0,fixed,200,1,0,159.34246275823037,200,0.0
Australia,Sydney,2023 Mar Qtr,no_anchor_delay,12,0.0,adaptive,200,1,0,159.34246275823037,200,0.0
Australia,Sydney,2023 Mar Qtr,no_anchor_delay,24,0.0,fixed,200,1,0,159.34246275823037,200,0.0
Australia,Sydney,2023 Mar Qtr,no_anchor_delay,24,0.0,adaptive,200,1,0,159.34246275823037,200,0.0
Australia,Sydney,2023 Mar Qtr,no_anchor_delay,48,0.0,fixed,200,1,0,159.34246275823037,200,0.0
Australia,Sydney,2023 Mar Qtr,no_anchor_delay,48,0.0,adaptive,200,1,0,159.34246275823037,200,0.0
Australia,Sydney,2023 Mar Qtr,no_anchor_delay,96,0.0,fixed,200,1,0,159.34246275823037,200,0.0
Australia,Sydney,2023 Mar Qtr,no_anchor_delay,96,0.0,adaptive,200,1,0,159.34246275823037,200,0.0
Australia,Sydney,2023 Mar Qtr,no_anchor_delay,144,0.0,fixed,200,1,0,159.34246275823037,200,0.0
Australia,Sydney,2023 Mar Qtr,no_anchor_delay,144,0.0,adaptive,200,1,0,159.34246275823037,200,0.0
Australia,Sydney,2023 Mar Qtr,all_calls_mean_proxy,0,36.13589306029578,fixed,200,1,1,159.34246275823037,200,44.000000000000014
Australia,Sydney,2023 Mar Qtr,all_calls_mean_proxy,0,36.13589306029578,adaptive,200,1,1,229.45314637185174,200,44.000000000000014
Australia,Sydney,2023 Mar Qtr,all_calls_mean_proxy,12,36.13589306029578,fixed,200,1,1,159.34246275823037,200,44.000000000000014
Australia,Sydney,2023 Mar Qtr,all_calls_mean_proxy,12,36.13589306029578,adaptive,200,1,1,229.45314637185174,200,44.000000000000014
Australia,Sydney,2023 Mar Qtr,all_calls_mean_proxy,24,36.13589306029578,fixed,200,1,1,159.34246275823037,200,44.000000000000014
Australia,Sydney,2023 Mar Qtr,all_calls_mean_proxy,24,36.13589306029578,adaptive,200,1,0,229.45314637185174,200,44.000000000000014
Australia,Sydney,2023 Mar Qtr,all_calls_mean_proxy,48,36.13589306029578,fixed,200,1,0,159.34246275823037,200,0.0
Australia,Sydney,2023 Mar Qtr,all_calls_mean_proxy,48,36.13589306029578,adaptive,200,1,0,159.34246275823037,200,0.0
Australia,Sydney,2023 Mar Qtr,all_calls_mean_proxy,96,36.13589306029578,fixed,200,1,0,159.34246275823037,200,0.0
Australia,Sydney,2023 Mar Qtr,all_calls_mean_proxy,96,36.13589306029578,adaptive,200,1,0,159.34246275823037,200,0.0
Australia,Sydney,2023 Mar Qtr,all_calls_mean_proxy,144,36.13589306029578,fixed,200,1,0,159.34246275823037,200,0.0
Australia,Sydney,2023 Mar Qtr,all_calls_mean_proxy,144,36.13589306029578,adaptive,200,1,0,159.34246275823037,200,0.0
Australia,Sydney,2023 Mar Qtr,anchored_call_mean_stress,0,132.3477083333333,fixed,200,1,1,159.34246275823037,200,44.000000000000014
Australia,Sydney,2023 Mar Qtr,anchored_call_mean_stress,0,132.3477083333333,adaptive,200,1,1,229.45314637185174,200,44.000000000000014
Australia,Sydney,2023 Mar Qtr,anchored_call_mean_stress,12,132.3477083333333,fixed,200,1,1,159.34246275823037,200,44.000000000000014
Australia,Sydney,2023 Mar Qtr,anchored_call_mean_stress,12,132.3477083333333,adaptive,200,1,1,229.45314637185174,200,44.000000000000014
Australia,Sydney,2023 Mar Qtr,anchored_call_mean_stress,24,132.3477083333333,fixed,200,1,1,159.34246275823037,200,44.000000000000014
Australia,Sydney,2023 Mar Qtr,anchored_call_mean_stress,24,132.3477083333333,adaptive,200,1,1,229.45314637185174,200,44.000000000000014
Australia,Sydney,2023 Mar Qtr,anchored_call_mean_stress,48,132.3477083333333,fixed,200,1,1,159.34246275823037,200,44.000000000000014
Australia,Sydney,2023 Mar Qtr,anchored_call_mean_stress,48,132.3477083333333,adaptive,200,1,1,229.45314637185174,200,44.000000000000014
Australia,Sydney,2023 Mar Qtr,anchored_call_mean_stress,96,132.3477083333333,fixed,200,1,1,159.34246275823037,200,44.000000000000014
Australia,Sydney,2023 Mar Qtr,anchored_call_mean_stress,96,132.3477083333333,adaptive,200,1,1,229.45314637185174,200,44.000000000000014
Australia,Sydney,2023 Mar Qtr,anchored_call_mean_stress,144,132.3477083333333,fixed,200,1,0,159.34246275823037,200,0.0
Australia,Sydney,2023 Mar Qtr,anchored_call_mean_stress,144,132.3477083333333,adaptive,200,1,0,159.34246275823037,200,0.0
Australia,Sydney,2023 Jun Qtr,no_anchor_delay,0,0.0,fixed,200,1,0,159.34246275823037,200,0.0
Australia,Sydney,2023 Jun Qtr,no_anchor_delay,0,0.0,adaptive,200,1,0,159.34246275823037,200,0.0
Australia,Sydney,2023 Jun Qtr,no_anchor_delay,12,0.0,fixed,200,1,0,159.34246275823037,200,0.0
Australia,Sydney,2023 Jun Qtr,no_anchor_delay,12,0.0,adaptive,200,1,0,159.34246275823037,200,0.0
Australia,Sydney,2023 Jun Qtr,no_anchor_delay,24,0.0,fixed,200,1,0,159.34246275823037,200,0.0
Australia,Sydney,2023 Jun Qtr,no_anchor_delay,24,0.0,adaptive,200,1,0,159.34246275823037,200,0.0
Australia,Sydney,2023 Jun Qtr,no_anchor_delay,48,0.0,fixed,200,1,0,159.34246275823037,200,0.0
Australia,Sydney,2023 Jun Qtr,no_anchor_delay,48,0.0,adaptive,200,1,0,159.34246275823037,200,0.0
Australia,Sydney,2023 Jun Qtr,no_anchor_delay,96,0.0,fixed,200,1,0,159.34246275823037,200,0.0
Australia,Sydney,2023 Jun Qtr,no_anchor_delay,96,0.0,adaptive,200,1,0,159.34246275823037,200,0.0
Australia,Sydney,2023 Jun Qtr,no_anchor_delay,144,0.0,fixed,200,1,0,159.34246275823037,200,0.0
Australia,Sydney,2023 Jun Qtr,no_anchor_delay,144,0.0,adaptive,200,1,0,159.34246275823037,200,0.0
Australia,Sydney,2023 Jun Qtr,all_calls_mean_proxy,0,3.102994350282486,fixed,200,1,1,159.34246275823037,200,11.06604802203619
Australia,Sydney,2023 Jun Qtr,all_calls_mean_proxy,0,3.102994350282486,adaptive,200,1,0,176.9753762065513,200,11.06604802203619
Australia,Sydney,2023 Jun Qtr,all_calls_mean_proxy,12,3.102994350282486,fixed,200,1,0,159.34246275823037,200,0.0
Australia,Sydney,2023 Jun Qtr,all_calls_mean_proxy,12,3.102994350282486,adaptive,200,1,0,159.34246275823037,200,0.0
Australia,Sydney,2023 Jun Qtr,all_calls_mean_proxy,24,3.102994350282486,fixed,200,1,0,159.34246275823037,200,0.0
Australia,Sydney,2023 Jun Qtr,all_calls_mean_proxy,24,3.102994350282486,adaptive,200,1,0,159.34246275823037,200,0.0
Australia,Sydney,2023 Jun Qtr,all_calls_mean_proxy,48,3.102994350282486,fixed,200,1,0,159.34246275823037,200,0.0
Australia,Sydney,2023 Jun Qtr,all_calls_mean_proxy,48,3.102994350282486,adaptive,200,1,0,159.34246275823037,200,0.0
Australia,Sydney,2023 Jun Qtr,all_calls_mean_proxy,96,3.102994350282486,fixed,200,1,0,159.34246275823037,200,0.0
Australia,Sydney,2023 Jun Qtr,all_calls_mean_proxy,96,3.102994350282486,adaptive,200,1,0,159.34246275823037,200,0.0
Australia,Sydney,2023 Jun Qtr,all_calls_mean_proxy,144,3.102994350282486,fixed,200,1,0,159.34246275823037,200,0.0
Australia,Sydney,2023 Jun Qtr,all_calls_mean_proxy,144,3.102994350282486,adaptive,200,1,0,159.34246275823037,200,0.0
Australia,Sydney,2023 Jun Qtr,anchored_call_mean_stress,0,20.34185185185185,fixed,200,1,1,159.34246275823037,200,44.000000000000014
Australia,Sydney,2023 Jun Qtr,anchored_call_mean_stress,0,20.34185185185185,adaptive,200,1,1,229.45314637185174,200,44.000000000000014
Australia,Sydney,2023 Jun Qtr,anchored_call_mean_stress,12,20.34185185185185,fixed,200,1,1,159.34246275823037,200,32.907236992619325
Australia,Sydney,2023 Jun Qtr,anchored_call_mean_stress,12,20.34185185185185,adaptive,200,1,0,211.77766460795743,200,32.907236992619325
Australia,Sydney,2023 Jun Qtr,anchored_call_mean_stress,24,20.34185185185185,fixed,200,1,0,159.34246275823037,200,0.0
Australia,Sydney,2023 Jun Qtr,anchored_call_mean_stress,24,20.34185185185185,adaptive,200,1,0,159.34246275823037,200,0.0
Australia,Sydney,2023 Jun Qtr,anchored_call_mean_stress,48,20.34185185185185,fixed,200,1,0,159.34246275823037,200,0.0
Australia,Sydney,2023 Jun Qtr,anchored_call_mean_stress,48,20.34185185185185,adaptive,200,1,0,159.34246275823037,200,0.0
Australia,Sydney,2023 Jun Qtr,anchored_call_mean_stress,96,20.34185185185185,fixed,200,1,0,159.34246275823037,200,0.0
Australia,Sydney,2023 Jun Qtr,anchored_call_mean_stress,96,20.34185185185185,adaptive,200,1,0,159.34246275823037,200,0.0
Australia,Sydney,2023 Jun Qtr,anchored_call_mean_stress,144,20.34185185185185,fixed,200,1,0,159.34246275823037,200,0.0
Australia,Sydney,2023 Jun Qtr,anchored_call_mean_stress,144,20.34185185185185,adaptive,200,1,0,159.34246275823037,200,0.0
Australia,Sydney,2023 Sep Qtr,no_anchor_delay,0,0.0,fixed,200,1,0,159.34246275823037,200,0.0
Australia,Sydney,2023 Sep Qtr,no_anchor_delay,0,0.0,adaptive,200,1,0,159.34246275823037,200,0.0
Australia,Sydney,2023 Sep Qtr,no_anchor_delay,12,0.0,fixed,200,1,0,159.34246275823037,200,0.0
Australia,Sydney,2023 Sep Qtr,no_anchor_delay,12,0.0,adaptive,200,1,0,159.34246275823037,200,0.0
Australia,Sydney,2023 Sep Qtr,no_anchor_delay,24,0.0,fixed,200,1,0,159.34246275823037,200,0.0
Australia,Sydney,2023 Sep Qtr,no_anchor_delay,24,0.0,adaptive,200,1,0,159.34246275823037,200,0.0
Australia,Sydney,2023 Sep Qtr,no_anchor_delay,48,0.0,fixed,200,1,0,159.34246275823037,200,0.0
Australia,Sydney,2023 Sep Qtr,no_anchor_delay,48,0.0,adaptive,200,1,0,159.34246275823037,200,0.0
Australia,Sydney,2023 Sep Qtr,no_anchor_delay,96,0.0,fixed,200,1,0,159.34246275823037,200,0.0
Australia,Sydney,2023 Sep Qtr,no_anchor_delay,96,0.0,adaptive,200,1,0,159.34246275823037,200,0.0
Australia,Sydney,2023 Sep Qtr,no_anchor_delay,144,0.0,fixed,200,1,0,159.34246275823037,200,0.0
Australia,Sydney,2023 Sep Qtr,no_anchor_delay,144,0.0,adaptive,200,1,0,159.34246275823037,200,0.0
Australia,Sydney,2023 Sep Qtr,all_calls_mean_proxy,0,5.8521916411824675,fixed,200,1,1,159.34246275823037,200,21.978501061142765
Australia,Sydney,2023 Sep Qtr,all_calls_mean_proxy,0,5.8521916411824675,adaptive,200,1,0,194.36354762639905,200,21.978501061142765
Australia,Sydney,2023 Sep Qtr,all_calls_mean_proxy,12,5.8521916411824675,fixed,200,1,0,159.34246275823037,200,0.0
Australia,Sydney,2023 Sep Qtr,all_calls_mean_proxy,12,5.8521916411824675,adaptive,200,1,0,159.34246275823037,200,0.0
Australia,Sydney,2023 Sep Qtr,all_calls_mean_proxy,24,5.8521916411824675,fixed,200,1,0,159.34246275823037,200,0.0
Australia,Sydney,2023 Sep Qtr,all_calls_mean_proxy,24,5.8521916411824675,adaptive,200,1,0,159.34246275823037,200,0.0
Australia,Sydney,2023 Sep Qtr,all_calls_mean_proxy,48,5.8521916411824675,fixed,200,1,0,159.34246275823037,200,0.0
Australia,Sydney,2023 Sep Qtr,all_calls_mean_proxy,48,5.8521916411824675,adaptive,200,1,0,159.34246275823037,200,0.0
Australia,Sydney,2023 Sep Qtr,all_calls_mean_proxy,96,5.8521916411824675,fixed,200,1,0,159.34246275823037,200,0.0
Australia,Sydney,2023 Sep Qtr,all_calls_mean_proxy,96,5.8521916411824675,adaptive,200,1,0,159.34246275823037,200,0.0
Australia,Sydney,2023 Sep Qtr,all_calls_mean_proxy,144,5.8521916411824675,fixed,200,1,0,159.34246275823037,200,0.0
Australia,Sydney,2023 Sep Qtr,all_calls_mean_proxy,144,5.8521916411824675,adaptive,200,1,0,159.34246275823037,200,0.0
Australia,Sydney,2023 Sep Qtr,anchored_call_mean_stress,0,25.860360360360364,fixed,200,1,1,159.34246275823037,200,44.000000000000014
Australia,Sydney,2023 Sep Qtr,anchored_call_mean_stress,0,25.860360360360364,adaptive,200,1,1,229.45314637185174,200,44.000000000000014
Australia,Sydney,2023 Sep Qtr,anchored_call_mean_stress,12,25.860360360360364,fixed,200,1,1,159.34246275823037,200,44.000000000000014
Australia,Sydney,2023 Sep Qtr,anchored_call_mean_stress,12,25.860360360360364,adaptive,200,1,1,229.45314637185174,200,44.000000000000014
Australia,Sydney,2023 Sep Qtr,anchored_call_mean_stress,24,25.860360360360364,fixed,200,1,1,159.34246275823037,200,11.06604802203619
Australia,Sydney,2023 Sep Qtr,anchored_call_mean_stress,24,25.860360360360364,adaptive,200,1,0,176.9753762065513,200,11.06604802203619
Australia,Sydney,2023 Sep Qtr,anchored_call_mean_stress,48,25.860360360360364,fixed,200,1,0,159.34246275823037,200,0.0
Australia,Sydney,2023 Sep Qtr,anchored_call_mean_stress,48,25.860360360360364,adaptive,200,1,0,159.34246275823037,200,0.0
Australia,Sydney,2023 Sep Qtr,anchored_call_mean_stress,96,25.860360360360364,fixed,200,1,0,159.34246275823037,200,0.0
Australia,Sydney,2023 Sep Qtr,anchored_call_mean_stress,96,25.860360360360364,adaptive,200,1,0,159.34246275823037,200,0.0
Australia,Sydney,2023 Sep Qtr,anchored_call_mean_stress,144,25.860360360360364,fixed,200,1,0,159.34246275823037,200,0.0
Australia,Sydney,2023 Sep Qtr,anchored_call_mean_stress,144,25.860360360360364,adaptive,200,1,0,159.34246275823037,200,0.0
Australia,Sydney,2023 Dec Qtr,no_anchor_delay,0,0.0,fixed,200,1,0,159.34246275823037,200,0.0
Australia,Sydney,2023 Dec Qtr,no_anchor_delay,0,0.0,adaptive,200,1,0,159.34246275823037,200,0.0
Australia,Sydney,2023 Dec Qtr,no_anchor_delay,12,0.0,fixed,200,1,0,159.34246275823037,200,0.0
Australia,Sydney,2023 Dec Qtr,no_anchor_delay,12,0.0,adaptive,200,1,0,159.34246275823037,200,0.0
Australia,Sydney,2023 Dec Qtr,no_anchor_delay,24,0.0,fixed,200,1,0,159.34246275823037,200,0.0
Australia,Sydney,2023 Dec Qtr,no_anchor_delay,24,0.0,adaptive,200,1,0,159.34246275823037,200,0.0
Australia,Sydney,2023 Dec Qtr,no_anchor_delay,48,0.0,fixed,200,1,0,159.34246275823037,200,0.0
Australia,Sydney,2023 Dec Qtr,no_anchor_delay,48,0.0,adaptive,200,1,0,159.34246275823037,200,0.0
Australia,Sydney,2023 Dec Qtr,no_anchor_delay,96,0.0,fixed,200,1,0,159.34246275823037,200,0.0
Australia,Sydney,2023 Dec Qtr,no_anchor_delay,96,0.0,adaptive,200,1,0,159.34246275823037,200,0.0
Australia,Sydney,2023 Dec Qtr,no_anchor_delay,144,0.0,fixed,200,1,0,159.34246275823037,200,0.0
Australia,Sydney,2023 Dec Qtr,no_anchor_delay,144,0.0,adaptive,200,1,0,159.34246275823037,200,0.0
Australia,Sydney,2023 Dec Qtr,all_calls_mean_proxy,0,19.988178294573643,fixed,200,1,1,159.34246275823037,200,44.000000000000014
Australia,Sydney,2023 Dec Qtr,all_calls_mean_proxy,0,19.988178294573643,adaptive,200,1,1,229.45314637185174,200,44.000000000000014
Australia,Sydney,2023 Dec Qtr,all_calls_mean_proxy,12,19.988178294573643,fixed,200,1,1,159.34246275823037,200,27.434265500145226
Australia,Sydney,2023 Dec Qtr,all_calls_mean_proxy,12,19.988178294573643,adaptive,200,1,0,203.05689704579333,200,27.434265500145226
Australia,Sydney,2023 Dec Qtr,all_calls_mean_proxy,24,19.988178294573643,fixed,200,1,0,159.34246275823037,200,0.0
Australia,Sydney,2023 Dec Qtr,all_calls_mean_proxy,24,19.988178294573643,adaptive,200,1,0,159.34246275823037,200,0.0
Australia,Sydney,2023 Dec Qtr,all_calls_mean_proxy,48,19.988178294573643,fixed,200,1,0,159.34246275823037,200,0.0
Australia,Sydney,2023 Dec Qtr,all_calls_mean_proxy,48,19.988178294573643,adaptive,200,1,0,159.34246275823037,200,0.0
Australia,Sydney,2023 Dec Qtr,all_calls_mean_proxy,96,19.988178294573643,fixed,200,1,0,159.34246275823037,200,0.0
Australia,Sydney,2023 Dec Qtr,all_calls_mean_proxy,96,19.988178294573643,adaptive,200,1,0,159.34246275823037,200,0.0
Australia,Sydney,2023 Dec Qtr,all_calls_mean_proxy,144,19.988178294573643,fixed,200,1,0,159.34246275823037,200,0.0
Australia,Sydney,2023 Dec Qtr,all_calls_mean_proxy,144,19.988178294573643,adaptive,200,1,0,159.34246275823037,200,0.0
Australia,Sydney,2023 Dec Qtr,anchored_call_mean_stress,0,53.16443298969072,fixed,200,1,1,159.34246275823037,200,44.000000000000014
Australia,Sydney,2023 Dec Qtr,anchored_call_mean_stress,0,53.16443298969072,adaptive,200,1,1,229.45314637185174,200,44.000000000000014
Australia,Sydney,2023 Dec Qtr,anchored_call_mean_stress,12,53.16443298969072,fixed,200,1,1,159.34246275823037,200,44.000000000000014
Australia,Sydney,2023 Dec Qtr,anchored_call_mean_stress,12,53.16443298969072,adaptive,200,1,1,229.45314637185174,200,44.000000000000014
Australia,Sydney,2023 Dec Qtr,anchored_call_mean_stress,24,53.16443298969072,fixed,200,1,1,159.34246275823037,200,44.000000000000014
Australia,Sydney,2023 Dec Qtr,anchored_call_mean_stress,24,53.16443298969072,adaptive,200,1,1,229.45314637185174,200,44.000000000000014
Australia,Sydney,2023 Dec Qtr,anchored_call_mean_stress,48,53.16443298969072,fixed,200,1,1,159.34246275823037,200,21.978501061142765
Australia,Sydney,2023 Dec Qtr,anchored_call_mean_stress,48,53.16443298969072,adaptive,200,1,0,194.36354762639905,200,21.978501061142765
Australia,Sydney,2023 Dec Qtr,anchored_call_mean_stress,96,53.16443298969072,fixed,200,1,0,159.34246275823037,200,0.0
Australia,Sydney,2023 Dec Qtr,anchored_call_mean_stress,96,53.16443298969072,adaptive,200,1,0,159.34246275823037,200,0.0
Australia,Sydney,2023 Dec Qtr,anchored_call_mean_stress,144,53.16443298969072,fixed,200,1,0,159.34246275823037,200,0.0
Australia,Sydney,2023 Dec Qtr,anchored_call_mean_stress,144,53.16443298969072,adaptive,200,1,0,159.34246275823037,200,0.0
Australia,Sydney,2024 Mar Qtr,no_anchor_delay,0,0.0,fixed,200,1,0,159.34246275823037,200,0.0
Australia,Sydney,2024 Mar Qtr,no_anchor_delay,0,0.0,adaptive,200,1,0,159.34246275823037,200,0.0
Australia,Sydney,2024 Mar Qtr,no_anchor_delay,12,0.0,fixed,200,1,0,159.34246275823037,200,0.0
Australia,Sydney,2024 Mar Qtr,no_anchor_delay,12,0.0,adaptive,200,1,0,159.34246275823037,200,0.0
Australia,Sydney,2024 Mar Qtr,no_anchor_delay,24,0.0,fixed,200,1,0,159.34246275823037,200,0.0
Australia,Sydney,2024 Mar Qtr,no_anchor_delay,24,0.0,adaptive,200,1,0,159.34246275823037,200,0.0
Australia,Sydney,2024 Mar Qtr,no_anchor_delay,48,0.0,fixed,200,1,0,159.34246275823037,200,0.0
Australia,Sydney,2024 Mar Qtr,no_anchor_delay,48,0.0,adaptive,200,1,0,159.34246275823037,200,0.0
Australia,Sydney,2024 Mar Qtr,no_anchor_delay,96,0.0,fixed,200,1,0,159.34246275823037,200,0.0
Australia,Sydney,2024 Mar Qtr,no_anchor_delay,96,0.0,adaptive,200,1,0,159.34246275823037,200,0.0
Australia,Sydney,2024 Mar Qtr,no_anchor_delay,144,0.0,fixed,200,1,0,159.34246275823037,200,0.0
Australia,Sydney,2024 Mar Qtr,no_anchor_delay,144,0.0,adaptive,200,1,0,159.34246275823037,200,0.0
Australia,Sydney,2024 Mar Qtr,all_calls_mean_proxy,0,24.416837899543374,fixed,200,1,1,159.34246275823037,200,44.000000000000014
Australia,Sydney,2024 Mar Qtr,all_calls_mean_proxy,0,24.416837899543374,adaptive,200,1,1,229.45314637185174,200,44.000000000000014
Australia,Sydney,2024 Mar Qtr,all_calls_mean_proxy,12,24.416837899543374,fixed,200,1,1,159.34246275823037,200,44.000000000000014
Australia,Sydney,2024 Mar Qtr,all_calls_mean_proxy,12,24.416837899543374,adaptive,200,1,0,229.45314637185174,200,44.000000000000014
Australia,Sydney,2024 Mar Qtr,all_calls_mean_proxy,24,24.416837899543374,fixed,200,1,1,159.34246275823037,200,5.527592523054503
Australia,Sydney,2024 Mar Qtr,all_calls_mean_proxy,24,24.416837899543374,adaptive,200,1,0,168.1502648157052,200,5.527592523054503
Australia,Sydney,2024 Mar Qtr,all_calls_mean_proxy,48,24.416837899543374,fixed,200,1,0,159.34246275823037,200,0.0
Australia,Sydney,2024 Mar Qtr,all_calls_mean_proxy,48,24.416837899543374,adaptive,200,1,0,159.34246275823037,200,0.0
Australia,Sydney,2024 Mar Qtr,all_calls_mean_proxy,96,24.416837899543374,fixed,200,1,0,159.34246275823037,200,0.0
Australia,Sydney,2024 Mar Qtr,all_calls_mean_proxy,96,24.416837899543374,adaptive,200,1,0,159.34246275823037,200,0.0
Australia,Sydney,2024 Mar Qtr,all_calls_mean_proxy,144,24.416837899543374,fixed,200,1,0,159.34246275823037,200,0.0
Australia,Sydney,2024 Mar Qtr,all_calls_mean_proxy,144,24.416837899543374,adaptive,200,1,0,159.34246275823037,200,0.0
Australia,Sydney,2024 Mar Qtr,anchored_call_mean_stress,0,63.094837758112085,fixed,200,1,1,159.34246275823037,200,44.000000000000014
Australia,Sydney,2024 Mar Qtr,anchored_call_mean_stress,0,63.094837758112085,adaptive,200,1,1,229.45314637185174,200,44.000000000000014
Australia,Sydney,2024 Mar Qtr,anchored_call_mean_stress,12,63.094837758112085,fixed,200,1,1,159.34246275823037,200,44.000000000000014
Australia,Sydney,2024 Mar Qtr,anchored_call_mean_stress,12,63.094837758112085,adaptive,200,1,1,229.45314637185174,200,44.000000000000014
Australia,Sydney,2024 Mar Qtr,anchored_call_mean_stress,24,63.094837758112085,fixed,200,1,1,159.34246275823037,200,44.000000000000014
Australia,Sydney,2024 Mar Qtr,anchored_call_mean_stress,24,63.094837758112085,adaptive,200,1,1,229.45314637185174,200,44.000000000000014
Australia,Sydney,2024 Mar Qtr,anchored_call_mean_stress,48,63.094837758112085,fixed,200,1,1,159.34246275823037,200,44.000000000000014
Australia,Sydney,2024 Mar Qtr,anchored_call_mean_stress,48,63.094837758112085,adaptive,200,1,1,229.45314637185174,200,44.000000000000014
Australia,Sydney,2024 Mar Qtr,anchored_call_mean_stress,96,63.094837758112085,fixed,200,1,0,159.34246275823037,200,0.0
Australia,Sydney,2024 Mar Qtr,anchored_call_mean_stress,96,63.094837758112085,adaptive,200,1,0,159.34246275823037,200,0.0
Australia,Sydney,2024 Mar Qtr,anchored_call_mean_stress,144,63.094837758112085,fixed,200,1,0,159.34246275823037,200,0.0
Australia,Sydney,2024 Mar Qtr,anchored_call_mean_stress,144,63.094837758112085,adaptive,200,1,0,159.34246275823037,200,0.0
Australia,Sydney,2024 Jun Qtr,no_anchor_delay,0,0.0,fixed,200,1,0,159.34246275823037,200,0.0
Australia,Sydney,2024 Jun Qtr,no_anchor_delay,0,0.0,adaptive,200,1,0,159.34246275823037,200,0.0
Australia,Sydney,2024 Jun Qtr,no_anchor_delay,12,0.0,fixed,200,1,0,159.34246275823037,200,0.0
Australia,Sydney,2024 Jun Qtr,no_anchor_delay,12,0.0,adaptive,200,1,0,159.34246275823037,200,0.0
Australia,Sydney,2024 Jun Qtr,no_anchor_delay,24,0.0,fixed,200,1,0,159.34246275823037,200,0.0
Australia,Sydney,2024 Jun Qtr,no_anchor_delay,24,0.0,adaptive,200,1,0,159.34246275823037,200,0.0
Australia,Sydney,2024 Jun Qtr,no_anchor_delay,48,0.0,fixed,200,1,0,159.34246275823037,200,0.0
Australia,Sydney,2024 Jun Qtr,no_anchor_delay,48,0.0,adaptive,200,1,0,159.34246275823037,200,0.0
Australia,Sydney,2024 Jun Qtr,no_anchor_delay,96,0.0,fixed,200,1,0,159.34246275823037,200,0.0
Australia,Sydney,2024 Jun Qtr,no_anchor_delay,96,0.0,adaptive,200,1,0,159.34246275823037,200,0.0
Australia,Sydney,2024 Jun Qtr,no_anchor_delay,144,0.0,fixed,200,1,0,159.34246275823037,200,0.0
Australia,Sydney,2024 Jun Qtr,no_anchor_delay,144,0.0,adaptive,200,1,0,159.34246275823037,200,0.0
Australia,Sydney,2024 Jun Qtr,all_calls_mean_proxy,0,7.48936567164179,fixed,200,1,1,159.34246275823037,200,27.434265500145226
Australia,Sydney,2024 Jun Qtr,all_calls_mean_proxy,0,7.48936567164179,adaptive,200,1,0,203.05689704579333,200,27.434265500145226
Australia,Sydney,2024 Jun Qtr,all_calls_mean_proxy,12,7.48936567164179,fixed,200,1,0,159.34246275823037,200,0.0
Australia,Sydney,2024 Jun Qtr,all_calls_mean_proxy,12,7.48936567164179,adaptive,200,1,0,159.34246275823037,200,0.0
Australia,Sydney,2024 Jun Qtr,all_calls_mean_proxy,24,7.48936567164179,fixed,200,1,0,159.34246275823037,200,0.0
Australia,Sydney,2024 Jun Qtr,all_calls_mean_proxy,24,7.48936567164179,adaptive,200,1,0,159.34246275823037,200,0.0
Australia,Sydney,2024 Jun Qtr,all_calls_mean_proxy,48,7.48936567164179,fixed,200,1,0,159.34246275823037,200,0.0
Australia,Sydney,2024 Jun Qtr,all_calls_mean_proxy,48,7.48936567164179,adaptive,200,1,0,159.34246275823037,200,0.0
Australia,Sydney,2024 Jun Qtr,all_calls_mean_proxy,96,7.48936567164179,fixed,200,1,0,159.34246275823037,200,0.0
Australia,Sydney,2024 Jun Qtr,all_calls_mean_proxy,96,7.48936567164179,adaptive,200,1,0,159.34246275823037,200,0.0
Australia,Sydney,2024 Jun Qtr,all_calls_mean_proxy,144,7.48936567164179,fixed,200,1,0,159.34246275823037,200,0.0
Australia,Sydney,2024 Jun Qtr,all_calls_mean_proxy,144,7.48936567164179,adaptive,200,1,0,159.34246275823037,200,0.0
Australia,Sydney,2024 Jun Qtr,anchored_call_mean_stress,0,23.07068965517241,fixed,200,1,1,159.34246275823037,200,44.000000000000014
Australia,Sydney,2024 Jun Qtr,anchored_call_mean_stress,0,23.07068965517241,adaptive,200,1,1,229.45314637185174,200,44.000000000000014
Australia,Sydney,2024 Jun Qtr,anchored_call_mean_stress,12,23.07068965517241,fixed,200,1,1,159.34246275823037,200,38.461571974808706
Australia,Sydney,2024 Jun Qtr,anchored_call_mean_stress,12,23.07068965517241,adaptive,200,1,0,220.6280787584199,200,38.461571974808706
Australia,Sydney,2024 Jun Qtr,anchored_call_mean_stress,24,23.07068965517241,fixed,200,1,0,159.34246275823037,200,0.0
Australia,Sydney,2024 Jun Qtr,anchored_call_mean_stress,24,23.07068965517241,adaptive,200,1,0,159.34246275823037,200,0.0
Australia,Sydney,2024 Jun Qtr,anchored_call_mean_stress,48,23.07068965517241,fixed,200,1,0,159.34246275823037,200,0.0
Australia,Sydney,2024 Jun Qtr,anchored_call_mean_stress,48,23.07068965517241,adaptive,200,1,0,159.34246275823037,200,0.0
Australia,Sydney,2024 Jun Qtr,anchored_call_mean_stress,96,23.07068965517241,fixed,200,1,0,159.34246275823037,200,0.0
Australia,Sydney,2024 Jun Qtr,anchored_call_mean_stress,96,23.07068965517241,adaptive,200,1,0,159.34246275823037,200,0.0
Australia,Sydney,2024 Jun Qtr,anchored_call_mean_stress,144,23.07068965517241,fixed,200,1,0,159.34246275823037,200,0.0
Australia,Sydney,2024 Jun Qtr,anchored_call_mean_stress,144,23.07068965517241,adaptive,200,1,0,159.34246275823037,200,0.0
Australia,Sydney,2024 Sep Qtr,no_anchor_delay,0,0.0,fixed,200,1,0,159.34246275823037,200,0.0
Australia,Sydney,2024 Sep Qtr,no_anchor_delay,0,0.0,adaptive,200,1,0,159.34246275823037,200,0.0
Australia,Sydney,2024 Sep Qtr,no_anchor_delay,12,0.0,fixed,200,1,0,159.34246275823037,200,0.0
Australia,Sydney,2024 Sep Qtr,no_anchor_delay,12,0.0,adaptive,200,1,0,159.34246275823037,200,0.0
Australia,Sydney,2024 Sep Qtr,no_anchor_delay,24,0.0,fixed,200,1,0,159.34246275823037,200,0.0
Australia,Sydney,2024 Sep Qtr,no_anchor_delay,24,0.0,adaptive,200,1,0,159.34246275823037,200,0.0
Australia,Sydney,2024 Sep Qtr,no_anchor_delay,48,0.0,fixed,200,1,0,159.34246275823037,200,0.0
Australia,Sydney,2024 Sep Qtr,no_anchor_delay,48,0.0,adaptive,200,1,0,159.34246275823037,200,0.0
Australia,Sydney,2024 Sep Qtr,no_anchor_delay,96,0.0,fixed,200,1,0,159.34246275823037,200,0.0
Australia,Sydney,2024 Sep Qtr,no_anchor_delay,96,0.0,adaptive,200,1,0,159.34246275823037,200,0.0
Australia,Sydney,2024 Sep Qtr,no_anchor_delay,144,0.0,fixed,200,1,0,159.34246275823037,200,0.0
Australia,Sydney,2024 Sep Qtr,no_anchor_delay,144,0.0,adaptive,200,1,0,159.34246275823037,200,0.0
Australia,Sydney,2024 Sep Qtr,all_calls_mean_proxy,0,13.071593673965936,fixed,200,1,1,159.34246275823037,200,44.000000000000014
Australia,Sydney,2024 Sep Qtr,all_calls_mean_proxy,0,13.071593673965936,adaptive,200,1,0,229.45314637185174,200,44.000000000000014
Australia,Sydney,2024 Sep Qtr,all_calls_mean_proxy,12,13.071593673965936,fixed,200,1,1,159.34246275823037,200,5.527592523054503
Australia,Sydney,2024 Sep Qtr,all_calls_mean_proxy,12,13.071593673965936,adaptive,200,1,0,168.1502648157052,200,5.527592523054503
Australia,Sydney,2024 Sep Qtr,all_calls_mean_proxy,24,13.071593673965936,fixed,200,1,0,159.34246275823037,200,0.0
Australia,Sydney,2024 Sep Qtr,all_calls_mean_proxy,24,13.071593673965936,adaptive,200,1,0,159.34246275823037,200,0.0
Australia,Sydney,2024 Sep Qtr,all_calls_mean_proxy,48,13.071593673965936,fixed,200,1,0,159.34246275823037,200,0.0
Australia,Sydney,2024 Sep Qtr,all_calls_mean_proxy,48,13.071593673965936,adaptive,200,1,0,159.34246275823037,200,0.0
Australia,Sydney,2024 Sep Qtr,all_calls_mean_proxy,96,13.071593673965936,fixed,200,1,0,159.34246275823037,200,0.0
Australia,Sydney,2024 Sep Qtr,all_calls_mean_proxy,96,13.071593673965936,adaptive,200,1,0,159.34246275823037,200,0.0
Australia,Sydney,2024 Sep Qtr,all_calls_mean_proxy,144,13.071593673965936,fixed,200,1,0,159.34246275823037,200,0.0
Australia,Sydney,2024 Sep Qtr,all_calls_mean_proxy,144,13.071593673965936,adaptive,200,1,0,159.34246275823037,200,0.0
Australia,Sydney,2024 Sep Qtr,anchored_call_mean_stress,0,34.77297734627832,fixed,200,1,1,159.34246275823037,200,44.000000000000014
Australia,Sydney,2024 Sep Qtr,anchored_call_mean_stress,0,34.77297734627832,adaptive,200,1,1,229.45314637185174,200,44.000000000000014
Australia,Sydney,2024 Sep Qtr,anchored_call_mean_stress,12,34.77297734627832,fixed,200,1,1,159.34246275823037,200,44.000000000000014
Australia,Sydney,2024 Sep Qtr,anchored_call_mean_stress,12,34.77297734627832,adaptive,200,1,1,229.45314637185174,200,44.000000000000014
Australia,Sydney,2024 Sep Qtr,anchored_call_mean_stress,24,34.77297734627832,fixed,200,1,1,159.34246275823037,200,38.461571974808706
Australia,Sydney,2024 Sep Qtr,anchored_call_mean_stress,24,34.77297734627832,adaptive,200,1,0,220.6280787584199,200,38.461571974808706
Australia,Sydney,2024 Sep Qtr,anchored_call_mean_stress,48,34.77297734627832,fixed,200,1,0,159.34246275823037,200,0.0
Australia,Sydney,2024 Sep Qtr,anchored_call_mean_stress,48,34.77297734627832,adaptive,200,1,0,159.34246275823037,200,0.0
Australia,Sydney,2024 Sep Qtr,anchored_call_mean_stress,96,34.77297734627832,fixed,200,1,0,159.34246275823037,200,0.0
Australia,Sydney,2024 Sep Qtr,anchored_call_mean_stress,96,34.77297734627832,adaptive,200,1,0,159.34246275823037,200,0.0
Australia,Sydney,2024 Sep Qtr,anchored_call_mean_stress,144,34.77297734627832,fixed,200,1,0,159.34246275823037,200,0.0
Australia,Sydney,2024 Sep Qtr,anchored_call_mean_stress,144,34.77297734627832,adaptive,200,1,0,159.34246275823037,200,0.0
Australia,Sydney,2024 Dec Qtr,no_anchor_delay,0,0.0,fixed,200,1,0,159.34246275823037,200,0.0
Australia,Sydney,2024 Dec Qtr,no_anchor_delay,0,0.0,adaptive,200,1,0,159.34246275823037,200,0.0
Australia,Sydney,2024 Dec Qtr,no_anchor_delay,12,0.0,fixed,200,1,0,159.34246275823037,200,0.0
Australia,Sydney,2024 Dec Qtr,no_anchor_delay,12,0.0,adaptive,200,1,0,159.34246275823037,200,0.0
Australia,Sydney,2024 Dec Qtr,no_anchor_delay,24,0.0,fixed,200,1,0,159.34246275823037,200,0.0
Australia,Sydney,2024 Dec Qtr,no_anchor_delay,24,0.0,adaptive,200,1,0,159.34246275823037,200,0.0
Australia,Sydney,2024 Dec Qtr,no_anchor_delay,48,0.0,fixed,200,1,0,159.34246275823037,200,0.0
Australia,Sydney,2024 Dec Qtr,no_anchor_delay,48,0.0,adaptive,200,1,0,159.34246275823037,200,0.0
Australia,Sydney,2024 Dec Qtr,no_anchor_delay,96,0.0,fixed,200,1,0,159.34246275823037,200,0.0
Australia,Sydney,2024 Dec Qtr,no_anchor_delay,96,0.0,adaptive,200,1,0,159.34246275823037,200,0.0
Australia,Sydney,2024 Dec Qtr,no_anchor_delay,144,0.0,fixed,200,1,0,159.34246275823037,200,0.0
Australia,Sydney,2024 Dec Qtr,no_anchor_delay,144,0.0,adaptive,200,1,0,159.34246275823037,200,0.0
Australia,Sydney,2024 Dec Qtr,all_calls_mean_proxy,0,35.149999999999984,fixed,200,1,1,159.34246275823037,200,44.000000000000014
Australia,Sydney,2024 Dec Qtr,all_calls_mean_proxy,0,35.149999999999984,adaptive,200,1,1,229.45314637185174,200,44.000000000000014
Australia,Sydney,2024 Dec Qtr,all_calls_mean_proxy,12,35.149999999999984,fixed,200,1,1,159.34246275823037,200,44.000000000000014
Australia,Sydney,2024 Dec Qtr,all_calls_mean_proxy,12,35.149999999999984,adaptive,200,1,1,229.45314637185174,200,44.000000000000014
Australia,Sydney,2024 Dec Qtr,all_calls_mean_proxy,24,35.149999999999984,fixed,200,1,1,159.34246275823037,200,38.461571974808706
Australia,Sydney,2024 Dec Qtr,all_calls_mean_proxy,24,35.149999999999984,adaptive,200,1,0,220.6280787584199,200,38.461571974808706
Australia,Sydney,2024 Dec Qtr,all_calls_mean_proxy,48,35.149999999999984,fixed,200,1,0,159.34246275823037,200,0.0
Australia,Sydney,2024 Dec Qtr,all_calls_mean_proxy,48,35.149999999999984,adaptive,200,1,0,159.34246275823037,200,0.0
Australia,Sydney,2024 Dec Qtr,all_calls_mean_proxy,96,35.149999999999984,fixed,200,1,0,159.34246275823037,200,0.0
Australia,Sydney,2024 Dec Qtr,all_calls_mean_proxy,96,35.149999999999984,adaptive,200,1,0,159.34246275823037,200,0.0
Australia,Sydney,2024 Dec Qtr,all_calls_mean_proxy,144,35.149999999999984,fixed,200,1,0,159.34246275823037,200,0.0
Australia,Sydney,2024 Dec Qtr,all_calls_mean_proxy,144,35.149999999999984,adaptive,200,1,0,159.34246275823037,200,0.0
Australia,Sydney,2024 Dec Qtr,anchored_call_mean_stress,0,92.7833333333333,fixed,200,1,1,159.34246275823037,200,44.000000000000014
Australia,Sydney,2024 Dec Qtr,anchored_call_mean_stress,0,92.7833333333333,adaptive,200,1,1,229.45314637185174,200,44.000000000000014
Australia,Sydney,2024 Dec Qtr,anchored_call_mean_stress,12,92.7833333333333,fixed,200,1,1,159.34246275823037,200,44.000000000000014
Australia,Sydney,2024 Dec Qtr,anchored_call_mean_stress,12,92.7833333333333,adaptive,200,1,1,229.45314637185174,200,44.000000000000014
Australia,Sydney,2024 Dec Qtr,anchored_call_mean_stress,24,92.7833333333333,fixed,200,1,1,159.34246275823037,200,44.000000000000014
Australia,Sydney,2024 Dec Qtr,anchored_call_mean_stress,24,92.7833333333333,adaptive,200,1,1,229.45314637185174,200,44.000000000000014
Australia,Sydney,2024 Dec Qtr,anchored_call_mean_stress,48,92.7833333333333,fixed,200,1,1,159.34246275823037,200,44.000000000000014
Australia,Sydney,2024 Dec Qtr,anchored_call_mean_stress,48,92.7833333333333,adaptive,200,1,1,229.45314637185174,200,44.000000000000014
Australia,Sydney,2024 Dec Qtr,anchored_call_mean_stress,96,92.7833333333333,fixed,200,1,0,159.34246275823037,200,0.0
Australia,Sydney,2024 Dec Qtr,anchored_call_mean_stress,96,92.7833333333333,adaptive,200,1,0,159.34246275823037,200,0.0
Australia,Sydney,2024 Dec Qtr,anchored_call_mean_stress,144,92.7833333333333,fixed,200,1,0,159.34246275823037,200,0.0
Australia,Sydney,2024 Dec Qtr,anchored_call_mean_stress,144,92.7833333333333,adaptive,200,1,0,159.34246275823037,200,0.0
Australia,Sydney,2025 Mar Qtr,no_anchor_delay,0,0.0,fixed,200,1,0,159.34246275823037,200,0.0
Australia,Sydney,2025 Mar Qtr,no_anchor_delay,0,0.0,adaptive,200,1,0,159.34246275823037,200,0.0
Australia,Sydney,2025 Mar Qtr,no_anchor_delay,12,0.0,fixed,200,1,0,159.34246275823037,200,0.0
Australia,Sydney,2025 Mar Qtr,no_anchor_delay,12,0.0,adaptive,200,1,0,159.34246275823037,200,0.0
Australia,Sydney,2025 Mar Qtr,no_anchor_delay,24,0.0,fixed,200,1,0,159.34246275823037,200,0.0
Australia,Sydney,2025 Mar Qtr,no_anchor_delay,24,0.0,adaptive,200,1,0,159.34246275823037,200,0.0
Australia,Sydney,2025 Mar Qtr,no_anchor_delay,48,0.0,fixed,200,1,0,159.34246275823037,200,0.0
Australia,Sydney,2025 Mar Qtr,no_anchor_delay,48,0.0,adaptive,200,1,0,159.34246275823037,200,0.0
Australia,Sydney,2025 Mar Qtr,no_anchor_delay,96,0.0,fixed,200,1,0,159.34246275823037,200,0.0
Australia,Sydney,2025 Mar Qtr,no_anchor_delay,96,0.0,adaptive,200,1,0,159.34246275823037,200,0.0
Australia,Sydney,2025 Mar Qtr,no_anchor_delay,144,0.0,fixed,200,1,0,159.34246275823037,200,0.0
Australia,Sydney,2025 Mar Qtr,no_anchor_delay,144,0.0,adaptive,200,1,0,159.34246275823037,200,0.0
Australia,Sydney,2025 Mar Qtr,all_calls_mean_proxy,0,15.846104725415069,fixed,200,1,1,159.34246275823037,200,44.000000000000014
Australia,Sydney,2025 Mar Qtr,all_calls_mean_proxy,0,15.846104725415069,adaptive,200,1,1,229.45314637185174,200,44.000000000000014
Australia,Sydney,2025 Mar Qtr,all_calls_mean_proxy,12,15.846104725415069,fixed,200,1,1,159.34246275823037,200,16.508677303991746
Australia,Sydney,2025 Mar Qtr,all_calls_mean_proxy,12,15.846104725415069,adaptive,200,1,0,185.64779574321986,200,16.508677303991746
Australia,Sydney,2025 Mar Qtr,all_calls_mean_proxy,24,15.846104725415069,fixed,200,1,0,159.34246275823037,200,0.0
Australia,Sydney,2025 Mar Qtr,all_calls_mean_proxy,24,15.846104725415069,adaptive,200,1,0,159.34246275823037,200,0.0
Australia,Sydney,2025 Mar Qtr,all_calls_mean_proxy,48,15.846104725415069,fixed,200,1,0,159.34246275823037,200,0.0
Australia,Sydney,2025 Mar Qtr,all_calls_mean_proxy,48,15.846104725415069,adaptive,200,1,0,159.34246275823037,200,0.0
Australia,Sydney,2025 Mar Qtr,all_calls_mean_proxy,96,15.846104725415069,fixed,200,1,0,159.34246275823037,200,0.0
Australia,Sydney,2025 Mar Qtr,all_calls_mean_proxy,96,15.846104725415069,adaptive,200,1,0,159.34246275823037,200,0.0
Australia,Sydney,2025 Mar Qtr,all_calls_mean_proxy,144,15.846104725415069,fixed,200,1,0,159.34246275823037,200,0.0
Australia,Sydney,2025 Mar Qtr,all_calls_mean_proxy,144,15.846104725415069,adaptive,200,1,0,159.34246275823037,200,0.0
Australia,Sydney,2025 Mar Qtr,anchored_call_mean_stress,0,35.04943502824859,fixed,200,1,1,159.34246275823037,200,44.000000000000014
Australia,Sydney,2025 Mar Qtr,anchored_call_mean_stress,0,35.04943502824859,adaptive,200,1,1,229.45314637185174,200,44.000000000000014
Australia,Sydney,2025 Mar Qtr,anchored_call_mean_stress,12,35.04943502824859,fixed,200,1,1,159.34246275823037,200,44.000000000000014
Australia,Sydney,2025 Mar Qtr,anchored_call_mean_stress,12,35.04943502824859,adaptive,200,1,1,229.45314637185174,200,44.000000000000014
Australia,Sydney,2025 Mar Qtr,anchored_call_mean_stress,24,35.04943502824859,fixed,200,1,1,159.34246275823037,200,38.461571974808706
Australia,Sydney,2025 Mar Qtr,anchored_call_mean_stress,24,35.04943502824859,adaptive,200,1,0,220.6280787584199,200,38.461571974808706
Australia,Sydney,2025 Mar Qtr,anchored_call_mean_stress,48,35.04943502824859,fixed,200,1,0,159.34246275823037,200,0.0
Australia,Sydney,2025 Mar Qtr,anchored_call_mean_stress,48,35.04943502824859,adaptive,200,1,0,159.34246275823037,200,0.0
Australia,Sydney,2025 Mar Qtr,anchored_call_mean_stress,96,35.04943502824859,fixed,200,1,0,159.34246275823037,200,0.0
Australia,Sydney,2025 Mar Qtr,anchored_call_mean_stress,96,35.04943502824859,adaptive,200,1,0,159.34246275823037,200,0.0
Australia,Sydney,2025 Mar Qtr,anchored_call_mean_stress,144,35.04943502824859,fixed,200,1,0,159.34246275823037,200,0.0
Australia,Sydney,2025 Mar Qtr,anchored_call_mean_stress,144,35.04943502824859,adaptive,200,1,0,159.34246275823037,200,0.0
Australia,Sydney,2025 Jun Qtr,no_anchor_delay,0,0.0,fixed,200,1,0,159.34246275823037,200,0.0
Australia,Sydney,2025 Jun Qtr,no_anchor_delay,0,0.0,adaptive,200,1,0,159.34246275823037,200,0.0
Australia,Sydney,2025 Jun Qtr,no_anchor_delay,12,0.0,fixed,200,1,0,159.34246275823037,200,0.0
Australia,Sydney,2025 Jun Qtr,no_anchor_delay,12,0.0,adaptive,200,1,0,159.34246275823037,200,0.0
Australia,Sydney,2025 Jun Qtr,no_anchor_delay,24,0.0,fixed,200,1,0,159.34246275823037,200,0.0
Australia,Sydney,2025 Jun Qtr,no_anchor_delay,24,0.0,adaptive,200,1,0,159.34246275823037,200,0.0
Australia,Sydney,2025 Jun Qtr,no_anchor_delay,48,0.0,fixed,200,1,0,159.34246275823037,200,0.0
Australia,Sydney,2025 Jun Qtr,no_anchor_delay,48,0.0,adaptive,200,1,0,159.34246275823037,200,0.0
Australia,Sydney,2025 Jun Qtr,no_anchor_delay,96,0.0,fixed,200,1,0,159.34246275823037,200,0.0
Australia,Sydney,2025 Jun Qtr,no_anchor_delay,96,0.0,adaptive,200,1,0,159.34246275823037,200,0.0
Australia,Sydney,2025 Jun Qtr,no_anchor_delay,144,0.0,fixed,200,1,0,159.34246275823037,200,0.0
Australia,Sydney,2025 Jun Qtr,no_anchor_delay,144,0.0,adaptive,200,1,0,159.34246275823037,200,0.0
Australia,Sydney,2025 Jun Qtr,all_calls_mean_proxy,0,9.352692307692308,fixed,200,1,1,159.34246275823037,200,32.907236992619325
Australia,Sydney,2025 Jun Qtr,all_calls_mean_proxy,0,9.352692307692308,adaptive,200,1,0,211.77766460795743,200,32.907236992619325
Australia,Sydney,2025 Jun Qtr,all_calls_mean_proxy,12,9.352692307692308,fixed,200,1,0,159.34246275823037,200,0.0
Australia,Sydney,2025 Jun Qtr,all_calls_mean_proxy,12,9.352692307692308,adaptive,200,1,0,159.34246275823037,200,0.0
Australia,Sydney,2025 Jun Qtr,all_calls_mean_proxy,24,9.352692307692308,fixed,200,1,0,159.34246275823037,200,0.0
Australia,Sydney,2025 Jun Qtr,all_calls_mean_proxy,24,9.352692307692308,adaptive,200,1,0,159.34246275823037,200,0.0
Australia,Sydney,2025 Jun Qtr,all_calls_mean_proxy,48,9.352692307692308,fixed,200,1,0,159.34246275823037,200,0.0
Australia,Sydney,2025 Jun Qtr,all_calls_mean_proxy,48,9.352692307692308,adaptive,200,1,0,159.34246275823037,200,0.0
Australia,Sydney,2025 Jun Qtr,all_calls_mean_proxy,96,9.352692307692308,fixed,200,1,0,159.34246275823037,200,0.0
Australia,Sydney,2025 Jun Qtr,all_calls_mean_proxy,96,9.352692307692308,adaptive,200,1,0,159.34246275823037,200,0.0
Australia,Sydney,2025 Jun Qtr,all_calls_mean_proxy,144,9.352692307692308,fixed,200,1,0,159.34246275823037,200,0.0
Australia,Sydney,2025 Jun Qtr,all_calls_mean_proxy,144,9.352692307692308,adaptive,200,1,0,159.34246275823037,200,0.0
Australia,Sydney,2025 Jun Qtr,anchored_call_mean_stress,0,23.608737864077675,fixed,200,1,1,159.34246275823037,200,44.000000000000014
Australia,Sydney,2025 Jun Qtr,anchored_call_mean_stress,0,23.608737864077675,adaptive,200,1,1,229.45314637185174,200,44.000000000000014
Australia,Sydney,2025 Jun Qtr,anchored_call_mean_stress,12,23.608737864077675,fixed,200,1,1,159.34246275823037,200,38.461571974808706
Australia,Sydney,2025 Jun Qtr,anchored_call_mean_stress,12,23.608737864077675,adaptive,200,1,0,220.6280787584199,200,38.461571974808706
Australia,Sydney,2025 Jun Qtr,anchored_call_mean_stress,24,23.608737864077675,fixed,200,1,0,159.34246275823037,200,0.0
Australia,Sydney,2025 Jun Qtr,anchored_call_mean_stress,24,23.608737864077675,adaptive,200,1,0,159.34246275823037,200,0.0
Australia,Sydney,2025 Jun Qtr,anchored_call_mean_stress,48,23.608737864077675,fixed,200,1,0,159.34246275823037,200,0.0
Australia,Sydney,2025 Jun Qtr,anchored_call_mean_stress,48,23.608737864077675,adaptive,200,1,0,159.34246275823037,200,0.0
Australia,Sydney,2025 Jun Qtr,anchored_call_mean_stress,96,23.608737864077675,fixed,200,1,0,159.34246275823037,200,0.0
Australia,Sydney,2025 Jun Qtr,anchored_call_mean_stress,96,23.608737864077675,adaptive,200,1,0,159.34246275823037,200,0.0
Australia,Sydney,2025 Jun Qtr,anchored_call_mean_stress,144,23.608737864077675,fixed,200,1,0,159.34246275823037,200,0.0
Australia,Sydney,2025 Jun Qtr,anchored_call_mean_stress,144,23.608737864077675,adaptive,200,1,0,159.34246275823037,200,0.0
Australia,Melbourne,2023 Mar Qtr,no_anchor_delay,0,0.0,fixed,200,1,0,159.34246275823037,200,0.0
Australia,Melbourne,2023 Mar Qtr,no_anchor_delay,0,0.0,adaptive,200,1,0,159.34246275823037,200,0.0
Australia,Melbourne,2023 Mar Qtr,no_anchor_delay,12,0.0,fixed,200,1,0,159.34246275823037,200,0.0
Australia,Melbourne,2023 Mar Qtr,no_anchor_delay,12,0.0,adaptive,200,1,0,159.34246275823037,200,0.0
Australia,Melbourne,2023 Mar Qtr,no_anchor_delay,24,0.0,fixed,200,1,0,159.34246275823037,200,0.0
Australia,Melbourne,2023 Mar Qtr,no_anchor_delay,24,0.0,adaptive,200,1,0,159.34246275823037,200,0.0
Australia,Melbourne,2023 Mar Qtr,no_anchor_delay,48,0.0,fixed,200,1,0,159.34246275823037,200,0.0
Australia,Melbourne,2023 Mar Qtr,no_anchor_delay,48,0.0,adaptive,200,1,0,159.34246275823037,200,0.0
Australia,Melbourne,2023 Mar Qtr,no_anchor_delay,96,0.0,fixed,200,1,0,159.34246275823037,200,0.0
Australia,Melbourne,2023 Mar Qtr,no_anchor_delay,96,0.0,adaptive,200,1,0,159.34246275823037,200,0.0
Australia,Melbourne,2023 Mar Qtr,no_anchor_delay,144,0.0,fixed,200,1,0,159.34246275823037,200,0.0
Australia,Melbourne,2023 Mar Qtr,no_anchor_delay,144,0.0,adaptive,200,1,0,159.34246275823037,200,0.0
Australia,Melbourne,2023 Mar Qtr,all_calls_mean_proxy,0,0.07008032128514055,fixed,200,1,1,159.34246275823037,200,5.527592523054503
Australia,Melbourne,2023 Mar Qtr,all_calls_mean_proxy,0,0.07008032128514055,adaptive,200,1,0,168.1502648157052,200,5.527592523054503
Australia,Melbourne,2023 Mar Qtr,all_calls_mean_proxy,12,0.07008032128514055,fixed,200,1,0,159.34246275823037,200,0.0
Australia,Melbourne,2023 Mar Qtr,all_calls_mean_proxy,12,0.07008032128514055,adaptive,200,1,0,159.34246275823037,200,0.0
Australia,Melbourne,2023 Mar Qtr,all_calls_mean_proxy,24,0.07008032128514055,fixed,200,1,0,159.34246275823037,200,0.0
Australia,Melbourne,2023 Mar Qtr,all_calls_mean_proxy,24,0.07008032128514055,adaptive,200,1,0,159.34246275823037,200,0.0
Australia,Melbourne,2023 Mar Qtr,all_calls_mean_proxy,48,0.07008032128514055,fixed,200,1,0,159.34246275823037,200,0.0
Australia,Melbourne,2023 Mar Qtr,all_calls_mean_proxy,48,0.07008032128514055,adaptive,200,1,0,159.34246275823037,200,0.0
Australia,Melbourne,2023 Mar Qtr,all_calls_mean_proxy,96,0.07008032128514055,fixed,200,1,0,159.34246275823037,200,0.0
Australia,Melbourne,2023 Mar Qtr,all_calls_mean_proxy,96,0.07008032128514055,adaptive,200,1,0,159.34246275823037,200,0.0
Australia,Melbourne,2023 Mar Qtr,all_calls_mean_proxy,144,0.07008032128514055,fixed,200,1,0,159.34246275823037,200,0.0
Australia,Melbourne,2023 Mar Qtr,all_calls_mean_proxy,144,0.07008032128514055,adaptive,200,1,0,159.34246275823037,200,0.0
Australia,Melbourne,2023 Mar Qtr,anchored_call_mean_stress,0,17.45,fixed,200,1,1,159.34246275823037,200,44.000000000000014
Australia,Melbourne,2023 Mar Qtr,anchored_call_mean_stress,0,17.45,adaptive,200,1,1,229.45314637185174,200,44.000000000000014
Australia,Melbourne,2023 Mar Qtr,anchored_call_mean_stress,12,17.45,fixed,200,1,1,159.34246275823037,200,21.978501061142765
Australia,Melbourne,2023 Mar Qtr,anchored_call_mean_stress,12,17.45,adaptive,200,1,0,194.36354762639905,200,21.978501061142765
Australia,Melbourne,2023 Mar Qtr,anchored_call_mean_stress,24,17.45,fixed,200,1,0,159.34246275823037,200,0.0
Australia,Melbourne,2023 Mar Qtr,anchored_call_mean_stress,24,17.45,adaptive,200,1,0,159.34246275823037,200,0.0
Australia,Melbourne,2023 Mar Qtr,anchored_call_mean_stress,48,17.45,fixed,200,1,0,159.34246275823037,200,0.0
Australia,Melbourne,2023 Mar Qtr,anchored_call_mean_stress,48,17.45,adaptive,200,1,0,159.34246275823037,200,0.0
Australia,Melbourne,2023 Mar Qtr,anchored_call_mean_stress,96,17.45,fixed,200,1,0,159.34246275823037,200,0.0
Australia,Melbourne,2023 Mar Qtr,anchored_call_mean_stress,96,17.45,adaptive,200,1,0,159.34246275823037,200,0.0
Australia,Melbourne,2023 Mar Qtr,anchored_call_mean_stress,144,17.45,fixed,200,1,0,159.34246275823037,200,0.0
Australia,Melbourne,2023 Mar Qtr,anchored_call_mean_stress,144,17.45,adaptive,200,1,0,159.34246275823037,200,0.0
Australia,Melbourne,2023 Jun Qtr,no_anchor_delay,0,0.0,fixed,200,1,0,159.34246275823037,200,0.0
Australia,Melbourne,2023 Jun Qtr,no_anchor_delay,0,0.0,adaptive,200,1,0,159.34246275823037,200,0.0
Australia,Melbourne,2023 Jun Qtr,no_anchor_delay,12,0.0,fixed,200,1,0,159.34246275823037,200,0.0
Australia,Melbourne,2023 Jun Qtr,no_anchor_delay,12,0.0,adaptive,200,1,0,159.34246275823037,200,0.0
Australia,Melbourne,2023 Jun Qtr,no_anchor_delay,24,0.0,fixed,200,1,0,159.34246275823037,200,0.0
Australia,Melbourne,2023 Jun Qtr,no_anchor_delay,24,0.0,adaptive,200,1,0,159.34246275823037,200,0.0
Australia,Melbourne,2023 Jun Qtr,no_anchor_delay,48,0.0,fixed,200,1,0,159.34246275823037,200,0.0
Australia,Melbourne,2023 Jun Qtr,no_anchor_delay,48,0.0,adaptive,200,1,0,159.34246275823037,200,0.0
Australia,Melbourne,2023 Jun Qtr,no_anchor_delay,96,0.0,fixed,200,1,0,159.34246275823037,200,0.0
Australia,Melbourne,2023 Jun Qtr,no_anchor_delay,96,0.0,adaptive,200,1,0,159.34246275823037,200,0.0
Australia,Melbourne,2023 Jun Qtr,no_anchor_delay,144,0.0,fixed,200,1,0,159.34246275823037,200,0.0
Australia,Melbourne,2023 Jun Qtr,no_anchor_delay,144,0.0,adaptive,200,1,0,159.34246275823037,200,0.0
Australia,Melbourne,2023 Jun Qtr,all_calls_mean_proxy,0,0.14345588235294116,fixed,200,1,1,159.34246275823037,200,5.527592523054503
Australia,Melbourne,2023 Jun Qtr,all_calls_mean_proxy,0,0.14345588235294116,adaptive,200,1,0,168.1502648157052,200,5.527592523054503
Australia,Melbourne,2023 Jun Qtr,all_calls_mean_proxy,12,0.14345588235294116,fixed,200,1,0,159.34246275823037,200,0.0
Australia,Melbourne,2023 Jun Qtr,all_calls_mean_proxy,12,0.14345588235294116,adaptive,200,1,0,159.34246275823037,200,0.0
Australia,Melbourne,2023 Jun Qtr,all_calls_mean_proxy,24,0.14345588235294116,fixed,200,1,0,159.34246275823037,200,0.0
Australia,Melbourne,2023 Jun Qtr,all_calls_mean_proxy,24,0.14345588235294116,adaptive,200,1,0,159.34246275823037,200,0.0
Australia,Melbourne,2023 Jun Qtr,all_calls_mean_proxy,48,0.14345588235294116,fixed,200,1,0,159.34246275823037,200,0.0
Australia,Melbourne,2023 Jun Qtr,all_calls_mean_proxy,48,0.14345588235294116,adaptive,200,1,0,159.34246275823037,200,0.0
Australia,Melbourne,2023 Jun Qtr,all_calls_mean_proxy,96,0.14345588235294116,fixed,200,1,0,159.34246275823037,200,0.0
Australia,Melbourne,2023 Jun Qtr,all_calls_mean_proxy,96,0.14345588235294116,adaptive,200,1,0,159.34246275823037,200,0.0
Australia,Melbourne,2023 Jun Qtr,all_calls_mean_proxy,144,0.14345588235294116,fixed,200,1,0,159.34246275823037,200,0.0
Australia,Melbourne,2023 Jun Qtr,all_calls_mean_proxy,144,0.14345588235294116,adaptive,200,1,0,159.34246275823037,200,0.0
Australia,Melbourne,2023 Jun Qtr,anchored_call_mean_stress,0,39.02,fixed,200,1,1,159.34246275823037,200,44.000000000000014
Australia,Melbourne,2023 Jun Qtr,anchored_call_mean_stress,0,39.02,adaptive,200,1,1,229.45314637185174,200,44.000000000000014
Australia,Melbourne,2023 Jun Qtr,anchored_call_mean_stress,12,39.02,fixed,200,1,1,159.34246275823037,200,44.000000000000014
Australia,Melbourne,2023 Jun Qtr,anchored_call_mean_stress,12,39.02,adaptive,200,1,1,229.45314637185174,200,44.000000000000014
Australia,Melbourne,2023 Jun Qtr,anchored_call_mean_stress,24,39.02,fixed,200,1,1,159.34246275823037,200,44.000000000000014
Australia,Melbourne,2023 Jun Qtr,anchored_call_mean_stress,24,39.02,adaptive,200,1,1,229.45314637185174,200,44.000000000000014
Australia,Melbourne,2023 Jun Qtr,anchored_call_mean_stress,48,39.02,fixed,200,1,0,159.34246275823037,200,0.0
Australia,Melbourne,2023 Jun Qtr,anchored_call_mean_stress,48,39.02,adaptive,200,1,0,159.34246275823037,200,0.0
Australia,Melbourne,2023 Jun Qtr,anchored_call_mean_stress,96,39.02,fixed,200,1,0,159.34246275823037,200,0.0
Australia,Melbourne,2023 Jun Qtr,anchored_call_mean_stress,96,39.02,adaptive,200,1,0,159.34246275823037,200,0.0
Australia,Melbourne,2023 Jun Qtr,anchored_call_mean_stress,144,39.02,fixed,200,1,0,159.34246275823037,200,0.0
Australia,Melbourne,2023 Jun Qtr,anchored_call_mean_stress,144,39.02,adaptive,200,1,0,159.34246275823037,200,0.0
Australia,Melbourne,2023 Sep Qtr,no_anchor_delay,0,0.0,fixed,200,1,0,159.34246275823037,200,0.0
Australia,Melbourne,2023 Sep Qtr,no_anchor_delay,0,0.0,adaptive,200,1,0,159.34246275823037,200,0.0
Australia,Melbourne,2023 Sep Qtr,no_anchor_delay,12,0.0,fixed,200,1,0,159.34246275823037,200,0.0
Australia,Melbourne,2023 Sep Qtr,no_anchor_delay,12,0.0,adaptive,200,1,0,159.34246275823037,200,0.0
Australia,Melbourne,2023 Sep Qtr,no_anchor_delay,24,0.0,fixed,200,1,0,159.34246275823037,200,0.0
Australia,Melbourne,2023 Sep Qtr,no_anchor_delay,24,0.0,adaptive,200,1,0,159.34246275823037,200,0.0
Australia,Melbourne,2023 Sep Qtr,no_anchor_delay,48,0.0,fixed,200,1,0,159.34246275823037,200,0.0
Australia,Melbourne,2023 Sep Qtr,no_anchor_delay,48,0.0,adaptive,200,1,0,159.34246275823037,200,0.0
Australia,Melbourne,2023 Sep Qtr,no_anchor_delay,96,0.0,fixed,200,1,0,159.34246275823037,200,0.0
Australia,Melbourne,2023 Sep Qtr,no_anchor_delay,96,0.0,adaptive,200,1,0,159.34246275823037,200,0.0
Australia,Melbourne,2023 Sep Qtr,no_anchor_delay,144,0.0,fixed,200,1,0,159.34246275823037,200,0.0
Australia,Melbourne,2023 Sep Qtr,no_anchor_delay,144,0.0,adaptive,200,1,0,159.34246275823037,200,0.0
Australia,Melbourne,2023 Sep Qtr,all_calls_mean_proxy,0,1.9408833922261481,fixed,200,1,1,159.34246275823037,200,11.06604802203619
Australia,Melbourne,2023 Sep Qtr,all_calls_mean_proxy,0,1.9408833922261481,adaptive,200,1,0,176.9753762065513,200,11.06604802203619
Australia,Melbourne,2023 Sep Qtr,all_calls_mean_proxy,12,1.9408833922261481,fixed,200,1,0,159.34246275823037,200,0.0
Australia,Melbourne,2023 Sep Qtr,all_calls_mean_proxy,12,1.9408833922261481,adaptive,200,1,0,159.34246275823037,200,0.0
Australia,Melbourne,2023 Sep Qtr,all_calls_mean_proxy,24,1.9408833922261481,fixed,200,1,0,159.34246275823037,200,0.0
Australia,Melbourne,2023 Sep Qtr,all_calls_mean_proxy,24,1.9408833922261481,adaptive,200,1,0,159.34246275823037,200,0.0
Australia,Melbourne,2023 Sep Qtr,all_calls_mean_proxy,48,1.9408833922261481,fixed,200,1,0,159.34246275823037,200,0.0
Australia,Melbourne,2023 Sep Qtr,all_calls_mean_proxy,48,1.9408833922261481,adaptive,200,1,0,159.34246275823037,200,0.0
Australia,Melbourne,2023 Sep Qtr,all_calls_mean_proxy,96,1.9408833922261481,fixed,200,1,0,159.34246275823037,200,0.0
Australia,Melbourne,2023 Sep Qtr,all_calls_mean_proxy,96,1.9408833922261481,adaptive,200,1,0,159.34246275823037,200,0.0
Australia,Melbourne,2023 Sep Qtr,all_calls_mean_proxy,144,1.9408833922261481,fixed,200,1,0,159.34246275823037,200,0.0
Australia,Melbourne,2023 Sep Qtr,all_calls_mean_proxy,144,1.9408833922261481,adaptive,200,1,0,159.34246275823037,200,0.0
Australia,Melbourne,2023 Sep Qtr,anchored_call_mean_stress,0,32.31,fixed,200,1,1,159.34246275823037,200,44.000000000000014
Australia,Melbourne,2023 Sep Qtr,anchored_call_mean_stress,0,32.31,adaptive,200,1,1,229.45314637185174,200,44.000000000000014
Australia,Melbourne,2023 Sep Qtr,anchored_call_mean_stress,12,32.31,fixed,200,1,1,159.34246275823037,200,44.000000000000014
Australia,Melbourne,2023 Sep Qtr,anchored_call_mean_stress,12,32.31,adaptive,200,1,1,229.45314637185174,200,44.000000000000014
Australia,Melbourne,2023 Sep Qtr,anchored_call_mean_stress,24,32.31,fixed,200,1,1,159.34246275823037,200,27.434265500145226
Australia,Melbourne,2023 Sep Qtr,anchored_call_mean_stress,24,32.31,adaptive,200,1,0,203.05689704579333,200,27.434265500145226
Australia,Melbourne,2023 Sep Qtr,anchored_call_mean_stress,48,32.31,fixed,200,1,0,159.34246275823037,200,0.0
Australia,Melbourne,2023 Sep Qtr,anchored_call_mean_stress,48,32.31,adaptive,200,1,0,159.34246275823037,200,0.0
Australia,Melbourne,2023 Sep Qtr,anchored_call_mean_stress,96,32.31,fixed,200,1,0,159.34246275823037,200,0.0
Australia,Melbourne,2023 Sep Qtr,anchored_call_mean_stress,96,32.31,adaptive,200,1,0,159.34246275823037,200,0.0
Australia,Melbourne,2023 Sep Qtr,anchored_call_mean_stress,144,32.31,fixed,200,1,0,159.34246275823037,200,0.0
Australia,Melbourne,2023 Sep Qtr,anchored_call_mean_stress,144,32.31,adaptive,200,1,0,159.34246275823037,200,0.0
Australia,Melbourne,2023 Dec Qtr,no_anchor_delay,0,0.0,fixed,200,1,0,159.34246275823037,200,0.0
Australia,Melbourne,2023 Dec Qtr,no_anchor_delay,0,0.0,adaptive,200,1,0,159.34246275823037,200,0.0
Australia,Melbourne,2023 Dec Qtr,no_anchor_delay,12,0.0,fixed,200,1,0,159.34246275823037,200,0.0
Australia,Melbourne,2023 Dec Qtr,no_anchor_delay,12,0.0,adaptive,200,1,0,159.34246275823037,200,0.0
Australia,Melbourne,2023 Dec Qtr,no_anchor_delay,24,0.0,fixed,200,1,0,159.34246275823037,200,0.0
Australia,Melbourne,2023 Dec Qtr,no_anchor_delay,24,0.0,adaptive,200,1,0,159.34246275823037,200,0.0
Australia,Melbourne,2023 Dec Qtr,no_anchor_delay,48,0.0,fixed,200,1,0,159.34246275823037,200,0.0
Australia,Melbourne,2023 Dec Qtr,no_anchor_delay,48,0.0,adaptive,200,1,0,159.34246275823037,200,0.0
Australia,Melbourne,2023 Dec Qtr,no_anchor_delay,96,0.0,fixed,200,1,0,159.34246275823037,200,0.0
Australia,Melbourne,2023 Dec Qtr,no_anchor_delay,96,0.0,adaptive,200,1,0,159.34246275823037,200,0.0
Australia,Melbourne,2023 Dec Qtr,no_anchor_delay,144,0.0,fixed,200,1,0,159.34246275823037,200,0.0
Australia,Melbourne,2023 Dec Qtr,no_anchor_delay,144,0.0,adaptive,200,1,0,159.34246275823037,200,0.0
Australia,Melbourne,2023 Dec Qtr,all_calls_mean_proxy,0,9.01690082644628,fixed,200,1,1,159.34246275823037,200,32.907236992619325
Australia,Melbourne,2023 Dec Qtr,all_calls_mean_proxy,0,9.01690082644628,adaptive,200,1,0,211.77766460795743,200,32.907236992619325
Australia,Melbourne,2023 Dec Qtr,all_calls_mean_proxy,12,9.01690082644628,fixed,200,1,0,159.34246275823037,200,0.0
Australia,Melbourne,2023 Dec Qtr,all_calls_mean_proxy,12,9.01690082644628,adaptive,200,1,0,159.34246275823037,200,0.0
Australia,Melbourne,2023 Dec Qtr,all_calls_mean_proxy,24,9.01690082644628,fixed,200,1,0,159.34246275823037,200,0.0
Australia,Melbourne,2023 Dec Qtr,all_calls_mean_proxy,24,9.01690082644628,adaptive,200,1,0,159.34246275823037,200,0.0
Australia,Melbourne,2023 Dec Qtr,all_calls_mean_proxy,48,9.01690082644628,fixed,200,1,0,159.34246275823037,200,0.0
Australia,Melbourne,2023 Dec Qtr,all_calls_mean_proxy,48,9.01690082644628,adaptive,200,1,0,159.34246275823037,200,0.0
Australia,Melbourne,2023 Dec Qtr,all_calls_mean_proxy,96,9.01690082644628,fixed,200,1,0,159.34246275823037,200,0.0
Australia,Melbourne,2023 Dec Qtr,all_calls_mean_proxy,96,9.01690082644628,adaptive,200,1,0,159.34246275823037,200,0.0
Australia,Melbourne,2023 Dec Qtr,all_calls_mean_proxy,144,9.01690082644628,fixed,200,1,0,159.34246275823037,200,0.0
Australia,Melbourne,2023 Dec Qtr,all_calls_mean_proxy,144,9.01690082644628,adaptive,200,1,0,159.34246275823037,200,0.0
Australia,Melbourne,2023 Dec Qtr,anchored_call_mean_stress,0,62.34542857142857,fixed,200,1,1,159.34246275823037,200,44.000000000000014
Australia,Melbourne,2023 Dec Qtr,anchored_call_mean_stress,0,62.34542857142857,adaptive,200,1,1,229.45314637185174,200,44.000000000000014
Australia,Melbourne,2023 Dec Qtr,anchored_call_mean_stress,12,62.34542857142857,fixed,200,1,1,159.34246275823037,200,44.000000000000014
Australia,Melbourne,2023 Dec Qtr,anchored_call_mean_stress,12,62.34542857142857,adaptive,200,1,1,229.45314637185174,200,44.000000000000014
Australia,Melbourne,2023 Dec Qtr,anchored_call_mean_stress,24,62.34542857142857,fixed,200,1,1,159.34246275823037,200,44.000000000000014
Australia,Melbourne,2023 Dec Qtr,anchored_call_mean_stress,24,62.34542857142857,adaptive,200,1,1,229.45314637185174,200,44.000000000000014
Australia,Melbourne,2023 Dec Qtr,anchored_call_mean_stress,48,62.34542857142857,fixed,200,1,1,159.34246275823037,200,44.000000000000014
Australia,Melbourne,2023 Dec Qtr,anchored_call_mean_stress,48,62.34542857142857,adaptive,200,1,1,229.45314637185174,200,44.000000000000014
Australia,Melbourne,2023 Dec Qtr,anchored_call_mean_stress,96,62.34542857142857,fixed,200,1,0,159.34246275823037,200,0.0
Australia,Melbourne,2023 Dec Qtr,anchored_call_mean_stress,96,62.34542857142857,adaptive,200,1,0,159.34246275823037,200,0.0
Australia,Melbourne,2023 Dec Qtr,anchored_call_mean_stress,144,62.34542857142857,fixed,200,1,0,159.34246275823037,200,0.0
Australia,Melbourne,2023 Dec Qtr,anchored_call_mean_stress,144,62.34542857142857,adaptive,200,1,0,159.34246275823037,200,0.0
Australia,Melbourne,2024 Mar Qtr,no_anchor_delay,0,0.0,fixed,200,1,0,159.34246275823037,200,0.0
Australia,Melbourne,2024 Mar Qtr,no_anchor_delay,0,0.0,adaptive,200,1,0,159.34246275823037,200,0.0
Australia,Melbourne,2024 Mar Qtr,no_anchor_delay,12,0.0,fixed,200,1,0,159.34246275823037,200,0.0
Australia,Melbourne,2024 Mar Qtr,no_anchor_delay,12,0.0,adaptive,200,1,0,159.34246275823037,200,0.0
Australia,Melbourne,2024 Mar Qtr,no_anchor_delay,24,0.0,fixed,200,1,0,159.34246275823037,200,0.0
Australia,Melbourne,2024 Mar Qtr,no_anchor_delay,24,0.0,adaptive,200,1,0,159.34246275823037,200,0.0
Australia,Melbourne,2024 Mar Qtr,no_anchor_delay,48,0.0,fixed,200,1,0,159.34246275823037,200,0.0
Australia,Melbourne,2024 Mar Qtr,no_anchor_delay,48,0.0,adaptive,200,1,0,159.34246275823037,200,0.0
Australia,Melbourne,2024 Mar Qtr,no_anchor_delay,96,0.0,fixed,200,1,0,159.34246275823037,200,0.0
Australia,Melbourne,2024 Mar Qtr,no_anchor_delay,96,0.0,adaptive,200,1,0,159.34246275823037,200,0.0
Australia,Melbourne,2024 Mar Qtr,no_anchor_delay,144,0.0,fixed,200,1,0,159.34246275823037,200,0.0
Australia,Melbourne,2024 Mar Qtr,no_anchor_delay,144,0.0,adaptive,200,1,0,159.34246275823037,200,0.0
Australia,Melbourne,2024 Mar Qtr,all_calls_mean_proxy,0,3.1213191489361702,fixed,200,1,1,159.34246275823037,200,11.06604802203619
Australia,Melbourne,2024 Mar Qtr,all_calls_mean_proxy,0,3.1213191489361702,adaptive,200,1,0,176.9753762065513,200,11.06604802203619
Australia,Melbourne,2024 Mar Qtr,all_calls_mean_proxy,12,3.1213191489361702,fixed,200,1,0,159.34246275823037,200,0.0
Australia,Melbourne,2024 Mar Qtr,all_calls_mean_proxy,12,3.1213191489361702,adaptive,200,1,0,159.34246275823037,200,0.0
Australia,Melbourne,2024 Mar Qtr,all_calls_mean_proxy,24,3.1213191489361702,fixed,200,1,0,159.34246275823037,200,0.0
Australia,Melbourne,2024 Mar Qtr,all_calls_mean_proxy,24,3.1213191489361702,adaptive,200,1,0,159.34246275823037,200,0.0
Australia,Melbourne,2024 Mar Qtr,all_calls_mean_proxy,48,3.1213191489361702,fixed,200,1,0,159.34246275823037,200,0.0
Australia,Melbourne,2024 Mar Qtr,all_calls_mean_proxy,48,3.1213191489361702,adaptive,200,1,0,159.34246275823037,200,0.0
Australia,Melbourne,2024 Mar Qtr,all_calls_mean_proxy,96,3.1213191489361702,fixed,200,1,0,159.34246275823037,200,0.0
Australia,Melbourne,2024 Mar Qtr,all_calls_mean_proxy,96,3.1213191489361702,adaptive,200,1,0,159.34246275823037,200,0.0
Australia,Melbourne,2024 Mar Qtr,all_calls_mean_proxy,144,3.1213191489361702,fixed,200,1,0,159.34246275823037,200,0.0
Australia,Melbourne,2024 Mar Qtr,all_calls_mean_proxy,144,3.1213191489361702,adaptive,200,1,0,159.34246275823037,200,0.0
Australia,Melbourne,2024 Mar Qtr,anchored_call_mean_stress,0,45.844375,fixed,200,1,1,159.34246275823037,200,44.000000000000014
Australia,Melbourne,2024 Mar Qtr,anchored_call_mean_stress,0,45.844375,adaptive,200,1,1,229.45314637185174,200,44.000000000000014
Australia,Melbourne,2024 Mar Qtr,anchored_call_mean_stress,12,45.844375,fixed,200,1,1,159.34246275823037,200,44.000000000000014
Australia,Melbourne,2024 Mar Qtr,anchored_call_mean_stress,12,45.844375,adaptive,200,1,1,229.45314637185174,200,44.000000000000014
Australia,Melbourne,2024 Mar Qtr,anchored_call_mean_stress,24,45.844375,fixed,200,1,1,159.34246275823037,200,44.000000000000014
Australia,Melbourne,2024 Mar Qtr,anchored_call_mean_stress,24,45.844375,adaptive,200,1,1,229.45314637185174,200,44.000000000000014
Australia,Melbourne,2024 Mar Qtr,anchored_call_mean_stress,48,45.844375,fixed,200,1,0,159.34246275823037,200,0.0
Australia,Melbourne,2024 Mar Qtr,anchored_call_mean_stress,48,45.844375,adaptive,200,1,0,159.34246275823037,200,0.0
Australia,Melbourne,2024 Mar Qtr,anchored_call_mean_stress,96,45.844375,fixed,200,1,0,159.34246275823037,200,0.0
Australia,Melbourne,2024 Mar Qtr,anchored_call_mean_stress,96,45.844375,adaptive,200,1,0,159.34246275823037,200,0.0
Australia,Melbourne,2024 Mar Qtr,anchored_call_mean_stress,144,45.844375,fixed,200,1,0,159.34246275823037,200,0.0
Australia,Melbourne,2024 Mar Qtr,anchored_call_mean_stress,144,45.844375,adaptive,200,1,0,159.34246275823037,200,0.0
Australia,Melbourne,2024 Jun Qtr,no_anchor_delay,0,0.0,fixed,200,1,0,159.34246275823037,200,0.0
Australia,Melbourne,2024 Jun Qtr,no_anchor_delay,0,0.0,adaptive,200,1,0,159.34246275823037,200,0.0
Australia,Melbourne,2024 Jun Qtr,no_anchor_delay,12,0.0,fixed,200,1,0,159.34246275823037,200,0.0
Australia,Melbourne,2024 Jun Qtr,no_anchor_delay,12,0.0,adaptive,200,1,0,159.34246275823037,200,0.0
Australia,Melbourne,2024 Jun Qtr,no_anchor_delay,24,0.0,fixed,200,1,0,159.34246275823037,200,0.0
Australia,Melbourne,2024 Jun Qtr,no_anchor_delay,24,0.0,adaptive,200,1,0,159.34246275823037,200,0.0
Australia,Melbourne,2024 Jun Qtr,no_anchor_delay,48,0.0,fixed,200,1,0,159.34246275823037,200,0.0
Australia,Melbourne,2024 Jun Qtr,no_anchor_delay,48,0.0,adaptive,200,1,0,159.34246275823037,200,0.0
Australia,Melbourne,2024 Jun Qtr,no_anchor_delay,96,0.0,fixed,200,1,0,159.34246275823037,200,0.0
Australia,Melbourne,2024 Jun Qtr,no_anchor_delay,96,0.0,adaptive,200,1,0,159.34246275823037,200,0.0
Australia,Melbourne,2024 Jun Qtr,no_anchor_delay,144,0.0,fixed,200,1,0,159.34246275823037,200,0.0
Australia,Melbourne,2024 Jun Qtr,no_anchor_delay,144,0.0,adaptive,200,1,0,159.34246275823037,200,0.0
Australia,Melbourne,2024 Jun Qtr,all_calls_mean_proxy,0,1.2572916666666665,fixed,200,1,1,159.34246275823037,200,5.527592523054503
Australia,Melbourne,2024 Jun Qtr,all_calls_mean_proxy,0,1.2572916666666665,adaptive,200,1,0,168.1502648157052,200,5.527592523054503
Australia,Melbourne,2024 Jun Qtr,all_calls_mean_proxy,12,1.2572916666666665,fixed,200,1,0,159.34246275823037,200,0.0
Australia,Melbourne,2024 Jun Qtr,all_calls_mean_proxy,12,1.2572916666666665,adaptive,200,1,0,159.34246275823037,200,0.0
Australia,Melbourne,2024 Jun Qtr,all_calls_mean_proxy,24,1.2572916666666665,fixed,200,1,0,159.34246275823037,200,0.0
Australia,Melbourne,2024 Jun Qtr,all_calls_mean_proxy,24,1.2572916666666665,adaptive,200,1,0,159.34246275823037,200,0.0
Australia,Melbourne,2024 Jun Qtr,all_calls_mean_proxy,48,1.2572916666666665,fixed,200,1,0,159.34246275823037,200,0.0
Australia,Melbourne,2024 Jun Qtr,all_calls_mean_proxy,48,1.2572916666666665,adaptive,200,1,0,159.34246275823037,200,0.0
Australia,Melbourne,2024 Jun Qtr,all_calls_mean_proxy,96,1.2572916666666665,fixed,200,1,0,159.34246275823037,200,0.0
Australia,Melbourne,2024 Jun Qtr,all_calls_mean_proxy,96,1.2572916666666665,adaptive,200,1,0,159.34246275823037,200,0.0
Australia,Melbourne,2024 Jun Qtr,all_calls_mean_proxy,144,1.2572916666666665,fixed,200,1,0,159.34246275823037,200,0.0
Australia,Melbourne,2024 Jun Qtr,all_calls_mean_proxy,144,1.2572916666666665,adaptive,200,1,0,159.34246275823037,200,0.0
Australia,Melbourne,2024 Jun Qtr,anchored_call_mean_stress,0,30.175,fixed,200,1,1,159.34246275823037,200,44.000000000000014
Australia,Melbourne,2024 Jun Qtr,anchored_call_mean_stress,0,30.175,adaptive,200,1,1,229.45314637185174,200,44.000000000000014
Australia,Melbourne,2024 Jun Qtr,anchored_call_mean_stress,12,30.175,fixed,200,1,1,159.34246275823037,200,44.000000000000014
Australia,Melbourne,2024 Jun Qtr,anchored_call_mean_stress,12,30.175,adaptive,200,1,1,229.45314637185174,200,44.000000000000014
Australia,Melbourne,2024 Jun Qtr,anchored_call_mean_stress,24,30.175,fixed,200,1,1,159.34246275823037,200,21.978501061142765
Australia,Melbourne,2024 Jun Qtr,anchored_call_mean_stress,24,30.175,adaptive,200,1,0,194.36354762639905,200,21.978501061142765
Australia,Melbourne,2024 Jun Qtr,anchored_call_mean_stress,48,30.175,fixed,200,1,0,159.34246275823037,200,0.0
Australia,Melbourne,2024 Jun Qtr,anchored_call_mean_stress,48,30.175,adaptive,200,1,0,159.34246275823037,200,0.0
Australia,Melbourne,2024 Jun Qtr,anchored_call_mean_stress,96,30.175,fixed,200,1,0,159.34246275823037,200,0.0
Australia,Melbourne,2024 Jun Qtr,anchored_call_mean_stress,96,30.175,adaptive,200,1,0,159.34246275823037,200,0.0
Australia,Melbourne,2024 Jun Qtr,anchored_call_mean_stress,144,30.175,fixed,200,1,0,159.34246275823037,200,0.0
Australia,Melbourne,2024 Jun Qtr,anchored_call_mean_stress,144,30.175,adaptive,200,1,0,159.34246275823037,200,0.0
Australia,Melbourne,2024 Sep Qtr,no_anchor_delay,0,0.0,fixed,200,1,0,159.34246275823037,200,0.0
Australia,Melbourne,2024 Sep Qtr,no_anchor_delay,0,0.0,adaptive,200,1,0,159.34246275823037,200,0.0
Australia,Melbourne,2024 Sep Qtr,no_anchor_delay,12,0.0,fixed,200,1,0,159.34246275823037,200,0.0
Australia,Melbourne,2024 Sep Qtr,no_anchor_delay,12,0.0,adaptive,200,1,0,159.34246275823037,200,0.0
Australia,Melbourne,2024 Sep Qtr,no_anchor_delay,24,0.0,fixed,200,1,0,159.34246275823037,200,0.0
Australia,Melbourne,2024 Sep Qtr,no_anchor_delay,24,0.0,adaptive,200,1,0,159.34246275823037,200,0.0
Australia,Melbourne,2024 Sep Qtr,no_anchor_delay,48,0.0,fixed,200,1,0,159.34246275823037,200,0.0
Australia,Melbourne,2024 Sep Qtr,no_anchor_delay,48,0.0,adaptive,200,1,0,159.34246275823037,200,0.0
Australia,Melbourne,2024 Sep Qtr,no_anchor_delay,96,0.0,fixed,200,1,0,159.34246275823037,200,0.0
Australia,Melbourne,2024 Sep Qtr,no_anchor_delay,96,0.0,adaptive,200,1,0,159.34246275823037,200,0.0
Australia,Melbourne,2024 Sep Qtr,no_anchor_delay,144,0.0,fixed,200,1,0,159.34246275823037,200,0.0
Australia,Melbourne,2024 Sep Qtr,no_anchor_delay,144,0.0,adaptive,200,1,0,159.34246275823037,200,0.0
Australia,Melbourne,2024 Sep Qtr,all_calls_mean_proxy,0,3.365435684647303,fixed,200,1,1,159.34246275823037,200,16.508677303991746
Australia,Melbourne,2024 Sep Qtr,all_calls_mean_proxy,0,3.365435684647303,adaptive,200,1,0,185.64779574321986,200,16.508677303991746
Australia,Melbourne,2024 Sep Qtr,all_calls_mean_proxy,12,3.365435684647303,fixed,200,1,0,159.34246275823037,200,0.0
Australia,Melbourne,2024 Sep Qtr,all_calls_mean_proxy,12,3.365435684647303,adaptive,200,1,0,159.34246275823037,200,0.0
Australia,Melbourne,2024 Sep Qtr,all_calls_mean_proxy,24,3.365435684647303,fixed,200,1,0,159.34246275823037,200,0.0
Australia,Melbourne,2024 Sep Qtr,all_calls_mean_proxy,24,3.365435684647303,adaptive,200,1,0,159.34246275823037,200,0.0
Australia,Melbourne,2024 Sep Qtr,all_calls_mean_proxy,48,3.365435684647303,fixed,200,1,0,159.34246275823037,200,0.0
Australia,Melbourne,2024 Sep Qtr,all_calls_mean_proxy,48,3.365435684647303,adaptive,200,1,0,159.34246275823037,200,0.0
Australia,Melbourne,2024 Sep Qtr,all_calls_mean_proxy,96,3.365435684647303,fixed,200,1,0,159.34246275823037,200,0.0
Australia,Melbourne,2024 Sep Qtr,all_calls_mean_proxy,96,3.365435684647303,adaptive,200,1,0,159.34246275823037,200,0.0
Australia,Melbourne,2024 Sep Qtr,all_calls_mean_proxy,144,3.365435684647303,fixed,200,1,0,159.34246275823037,200,0.0
Australia,Melbourne,2024 Sep Qtr,all_calls_mean_proxy,144,3.365435684647303,adaptive,200,1,0,159.34246275823037,200,0.0
Australia,Melbourne,2024 Sep Qtr,anchored_call_mean_stress,0,47.71,fixed,200,1,1,159.34246275823037,200,44.000000000000014
Australia,Melbourne,2024 Sep Qtr,anchored_call_mean_stress,0,47.71,adaptive,200,1,1,229.45314637185174,200,44.000000000000014
Australia,Melbourne,2024 Sep Qtr,anchored_call_mean_stress,12,47.71,fixed,200,1,1,159.34246275823037,200,44.000000000000014
Australia,Melbourne,2024 Sep Qtr,anchored_call_mean_stress,12,47.71,adaptive,200,1,1,229.45314637185174,200,44.000000000000014
Australia,Melbourne,2024 Sep Qtr,anchored_call_mean_stress,24,47.71,fixed,200,1,1,159.34246275823037,200,44.000000000000014
Australia,Melbourne,2024 Sep Qtr,anchored_call_mean_stress,24,47.71,adaptive,200,1,1,229.45314637185174,200,44.000000000000014
Australia,Melbourne,2024 Sep Qtr,anchored_call_mean_stress,48,47.71,fixed,200,1,0,159.34246275823037,200,0.0
Australia,Melbourne,2024 Sep Qtr,anchored_call_mean_stress,48,47.71,adaptive,200,1,0,159.34246275823037,200,0.0
Australia,Melbourne,2024 Sep Qtr,anchored_call_mean_stress,96,47.71,fixed,200,1,0,159.34246275823037,200,0.0
Australia,Melbourne,2024 Sep Qtr,anchored_call_mean_stress,96,47.71,adaptive,200,1,0,159.34246275823037,200,0.0
Australia,Melbourne,2024 Sep Qtr,anchored_call_mean_stress,144,47.71,fixed,200,1,0,159.34246275823037,200,0.0
Australia,Melbourne,2024 Sep Qtr,anchored_call_mean_stress,144,47.71,adaptive,200,1,0,159.34246275823037,200,0.0
Australia,Melbourne,2024 Dec Qtr,no_anchor_delay,0,0.0,fixed,200,1,0,159.34246275823037,200,0.0
Australia,Melbourne,2024 Dec Qtr,no_anchor_delay,0,0.0,adaptive,200,1,0,159.34246275823037,200,0.0
Australia,Melbourne,2024 Dec Qtr,no_anchor_delay,12,0.0,fixed,200,1,0,159.34246275823037,200,0.0
Australia,Melbourne,2024 Dec Qtr,no_anchor_delay,12,0.0,adaptive,200,1,0,159.34246275823037,200,0.0
Australia,Melbourne,2024 Dec Qtr,no_anchor_delay,24,0.0,fixed,200,1,0,159.34246275823037,200,0.0
Australia,Melbourne,2024 Dec Qtr,no_anchor_delay,24,0.0,adaptive,200,1,0,159.34246275823037,200,0.0
Australia,Melbourne,2024 Dec Qtr,no_anchor_delay,48,0.0,fixed,200,1,0,159.34246275823037,200,0.0
Australia,Melbourne,2024 Dec Qtr,no_anchor_delay,48,0.0,adaptive,200,1,0,159.34246275823037,200,0.0
Australia,Melbourne,2024 Dec Qtr,no_anchor_delay,96,0.0,fixed,200,1,0,159.34246275823037,200,0.0
Australia,Melbourne,2024 Dec Qtr,no_anchor_delay,96,0.0,adaptive,200,1,0,159.34246275823037,200,0.0
Australia,Melbourne,2024 Dec Qtr,no_anchor_delay,144,0.0,fixed,200,1,0,159.34246275823037,200,0.0
Australia,Melbourne,2024 Dec Qtr,no_anchor_delay,144,0.0,adaptive,200,1,0,159.34246275823037,200,0.0
Australia,Melbourne,2024 Dec Qtr,all_calls_mean_proxy,0,1.789775280898876,fixed,200,1,1,159.34246275823037,200,11.06604802203619
Australia,Melbourne,2024 Dec Qtr,all_calls_mean_proxy,0,1.789775280898876,adaptive,200,1,0,176.9753762065513,200,11.06604802203619
Australia,Melbourne,2024 Dec Qtr,all_calls_mean_proxy,12,1.789775280898876,fixed,200,1,0,159.34246275823037,200,0.0
Australia,Melbourne,2024 Dec Qtr,all_calls_mean_proxy,12,1.789775280898876,adaptive,200,1,0,159.34246275823037,200,0.0
Australia,Melbourne,2024 Dec Qtr,all_calls_mean_proxy,24,1.789775280898876,fixed,200,1,0,159.34246275823037,200,0.0
Australia,Melbourne,2024 Dec Qtr,all_calls_mean_proxy,24,1.789775280898876,adaptive,200,1,0,159.34246275823037,200,0.0
Australia,Melbourne,2024 Dec Qtr,all_calls_mean_proxy,48,1.789775280898876,fixed,200,1,0,159.34246275823037,200,0.0
Australia,Melbourne,2024 Dec Qtr,all_calls_mean_proxy,48,1.789775280898876,adaptive,200,1,0,159.34246275823037,200,0.0
Australia,Melbourne,2024 Dec Qtr,all_calls_mean_proxy,96,1.789775280898876,fixed,200,1,0,159.34246275823037,200,0.0
Australia,Melbourne,2024 Dec Qtr,all_calls_mean_proxy,96,1.789775280898876,adaptive,200,1,0,159.34246275823037,200,0.0
Australia,Melbourne,2024 Dec Qtr,all_calls_mean_proxy,144,1.789775280898876,fixed,200,1,0,159.34246275823037,200,0.0
Australia,Melbourne,2024 Dec Qtr,all_calls_mean_proxy,144,1.789775280898876,adaptive,200,1,0,159.34246275823037,200,0.0
Australia,Melbourne,2024 Dec Qtr,anchored_call_mean_stress,0,39.8225,fixed,200,1,1,159.34246275823037,200,44.000000000000014
Australia,Melbourne,2024 Dec Qtr,anchored_call_mean_stress,0,39.8225,adaptive,200,1,1,229.45314637185174,200,44.000000000000014
Australia,Melbourne,2024 Dec Qtr,anchored_call_mean_stress,12,39.8225,fixed,200,1,1,159.34246275823037,200,44.000000000000014
Australia,Melbourne,2024 Dec Qtr,anchored_call_mean_stress,12,39.8225,adaptive,200,1,1,229.45314637185174,200,44.000000000000014
Australia,Melbourne,2024 Dec Qtr,anchored_call_mean_stress,24,39.8225,fixed,200,1,1,159.34246275823037,200,44.000000000000014
Australia,Melbourne,2024 Dec Qtr,anchored_call_mean_stress,24,39.8225,adaptive,200,1,1,229.45314637185174,200,44.000000000000014
Australia,Melbourne,2024 Dec Qtr,anchored_call_mean_stress,48,39.8225,fixed,200,1,0,159.34246275823037,200,0.0
Australia,Melbourne,2024 Dec Qtr,anchored_call_mean_stress,48,39.8225,adaptive,200,1,0,159.34246275823037,200,0.0
Australia,Melbourne,2024 Dec Qtr,anchored_call_mean_stress,96,39.8225,fixed,200,1,0,159.34246275823037,200,0.0
Australia,Melbourne,2024 Dec Qtr,anchored_call_mean_stress,96,39.8225,adaptive,200,1,0,159.34246275823037,200,0.0
Australia,Melbourne,2024 Dec Qtr,anchored_call_mean_stress,144,39.8225,fixed,200,1,0,159.34246275823037,200,0.0
Australia,Melbourne,2024 Dec Qtr,anchored_call_mean_stress,144,39.8225,adaptive,200,1,0,159.34246275823037,200,0.0
Australia,Melbourne,2025 Mar Qtr,no_anchor_delay,0,0.0,fixed,200,1,0,159.34246275823037,200,0.0
Australia,Melbourne,2025 Mar Qtr,no_anchor_delay,0,0.0,adaptive,200,1,0,159.34246275823037,200,0.0
Australia,Melbourne,2025 Mar Qtr,no_anchor_delay,12,0.0,fixed,200,1,0,159.34246275823037,200,0.0
Australia,Melbourne,2025 Mar Qtr,no_anchor_delay,12,0.0,adaptive,200,1,0,159.34246275823037,200,0.0
Australia,Melbourne,2025 Mar Qtr,no_anchor_delay,24,0.0,fixed,200,1,0,159.34246275823037,200,0.0
Australia,Melbourne,2025 Mar Qtr,no_anchor_delay,24,0.0,adaptive,200,1,0,159.34246275823037,200,0.0
Australia,Melbourne,2025 Mar Qtr,no_anchor_delay,48,0.0,fixed,200,1,0,159.34246275823037,200,0.0
Australia,Melbourne,2025 Mar Qtr,no_anchor_delay,48,0.0,adaptive,200,1,0,159.34246275823037,200,0.0
Australia,Melbourne,2025 Mar Qtr,no_anchor_delay,96,0.0,fixed,200,1,0,159.34246275823037,200,0.0
Australia,Melbourne,2025 Mar Qtr,no_anchor_delay,96,0.0,adaptive,200,1,0,159.34246275823037,200,0.0
Australia,Melbourne,2025 Mar Qtr,no_anchor_delay,144,0.0,fixed,200,1,0,159.34246275823037,200,0.0
Australia,Melbourne,2025 Mar Qtr,no_anchor_delay,144,0.0,adaptive,200,1,0,159.34246275823037,200,0.0
Australia,Melbourne,2025 Mar Qtr,all_calls_mean_proxy,0,1.063968253968254,fixed,200,1,1,159.34246275823037,200,5.527592523054503
Australia,Melbourne,2025 Mar Qtr,all_calls_mean_proxy,0,1.063968253968254,adaptive,200,1,0,168.1502648157052,200,5.527592523054503
Australia,Melbourne,2025 Mar Qtr,all_calls_mean_proxy,12,1.063968253968254,fixed,200,1,0,159.34246275823037,200,0.0
Australia,Melbourne,2025 Mar Qtr,all_calls_mean_proxy,12,1.063968253968254,adaptive,200,1,0,159.34246275823037,200,0.0
Australia,Melbourne,2025 Mar Qtr,all_calls_mean_proxy,24,1.063968253968254,fixed,200,1,0,159.34246275823037,200,0.0
Australia,Melbourne,2025 Mar Qtr,all_calls_mean_proxy,24,1.063968253968254,adaptive,200,1,0,159.34246275823037,200,0.0
Australia,Melbourne,2025 Mar Qtr,all_calls_mean_proxy,48,1.063968253968254,fixed,200,1,0,159.34246275823037,200,0.0
Australia,Melbourne,2025 Mar Qtr,all_calls_mean_proxy,48,1.063968253968254,adaptive,200,1,0,159.34246275823037,200,0.0
Australia,Melbourne,2025 Mar Qtr,all_calls_mean_proxy,96,1.063968253968254,fixed,200,1,0,159.34246275823037,200,0.0
Australia,Melbourne,2025 Mar Qtr,all_calls_mean_proxy,96,1.063968253968254,adaptive,200,1,0,159.34246275823037,200,0.0
Australia,Melbourne,2025 Mar Qtr,all_calls_mean_proxy,144,1.063968253968254,fixed,200,1,0,159.34246275823037,200,0.0
Australia,Melbourne,2025 Mar Qtr,all_calls_mean_proxy,144,1.063968253968254,adaptive,200,1,0,159.34246275823037,200,0.0
Australia,Melbourne,2025 Mar Qtr,anchored_call_mean_stress,0,22.343333333333334,fixed,200,1,1,159.34246275823037,200,44.000000000000014
Australia,Melbourne,2025 Mar Qtr,anchored_call_mean_stress,0,22.343333333333334,adaptive,200,1,1,229.45314637185174,200,44.000000000000014
Australia,Melbourne,2025 Mar Qtr,anchored_call_mean_stress,12,22.343333333333334,fixed,200,1,1,159.34246275823037,200,38.461571974808706
Australia,Melbourne,2025 Mar Qtr,anchored_call_mean_stress,12,22.343333333333334,adaptive,200,1,0,220.6280787584199,200,38.461571974808706
Australia,Melbourne,2025 Mar Qtr,anchored_call_mean_stress,24,22.343333333333334,fixed,200,1,0,159.34246275823037,200,0.0
Australia,Melbourne,2025 Mar Qtr,anchored_call_mean_stress,24,22.343333333333334,adaptive,200,1,0,159.34246275823037,200,0.0
Australia,Melbourne,2025 Mar Qtr,anchored_call_mean_stress,48,22.343333333333334,fixed,200,1,0,159.34246275823037,200,0.0
Australia,Melbourne,2025 Mar Qtr,anchored_call_mean_stress,48,22.343333333333334,adaptive,200,1,0,159.34246275823037,200,0.0
Australia,Melbourne,2025 Mar Qtr,anchored_call_mean_stress,96,22.343333333333334,fixed,200,1,0,159.34246275823037,200,0.0
Australia,Melbourne,2025 Mar Qtr,anchored_call_mean_stress,96,22.343333333333334,adaptive,200,1,0,159.34246275823037,200,0.0
Australia,Melbourne,2025 Mar Qtr,anchored_call_mean_stress,144,22.343333333333334,fixed,200,1,0,159.34246275823037,200,0.0
Australia,Melbourne,2025 Mar Qtr,anchored_call_mean_stress,144,22.343333333333334,adaptive,200,1,0,159.34246275823037,200,0.0
Australia,Melbourne,2025 Jun Qtr,no_anchor_delay,0,0.0,fixed,200,1,0,159.34246275823037,200,0.0
Australia,Melbourne,2025 Jun Qtr,no_anchor_delay,0,0.0,adaptive,200,1,0,159.34246275823037,200,0.0
Australia,Melbourne,2025 Jun Qtr,no_anchor_delay,12,0.0,fixed,200,1,0,159.34246275823037,200,0.0
Australia,Melbourne,2025 Jun Qtr,no_anchor_delay,12,0.0,adaptive,200,1,0,159.34246275823037,200,0.0
Australia,Melbourne,2025 Jun Qtr,no_anchor_delay,24,0.0,fixed,200,1,0,159.34246275823037,200,0.0
Australia,Melbourne,2025 Jun Qtr,no_anchor_delay,24,0.0,adaptive,200,1,0,159.34246275823037,200,0.0
Australia,Melbourne,2025 Jun Qtr,no_anchor_delay,48,0.0,fixed,200,1,0,159.34246275823037,200,0.0
Australia,Melbourne,2025 Jun Qtr,no_anchor_delay,48,0.0,adaptive,200,1,0,159.34246275823037,200,0.0
Australia,Melbourne,2025 Jun Qtr,no_anchor_delay,96,0.0,fixed,200,1,0,159.34246275823037,200,0.0
Australia,Melbourne,2025 Jun Qtr,no_anchor_delay,96,0.0,adaptive,200,1,0,159.34246275823037,200,0.0
Australia,Melbourne,2025 Jun Qtr,no_anchor_delay,144,0.0,fixed,200,1,0,159.34246275823037,200,0.0
Australia,Melbourne,2025 Jun Qtr,no_anchor_delay,144,0.0,adaptive,200,1,0,159.34246275823037,200,0.0
Australia,Melbourne,2025 Jun Qtr,all_calls_mean_proxy,0,0.5792760180995475,fixed,200,1,1,159.34246275823037,200,5.527592523054503
Australia,Melbourne,2025 Jun Qtr,all_calls_mean_proxy,0,0.5792760180995475,adaptive,200,1,0,168.1502648157052,200,5.527592523054503
Australia,Melbourne,2025 Jun Qtr,all_calls_mean_proxy,12,0.5792760180995475,fixed,200,1,0,159.34246275823037,200,0.0
Australia,Melbourne,2025 Jun Qtr,all_calls_mean_proxy,12,0.5792760180995475,adaptive,200,1,0,159.34246275823037,200,0.0
Australia,Melbourne,2025 Jun Qtr,all_calls_mean_proxy,24,0.5792760180995475,fixed,200,1,0,159.34246275823037,200,0.0
Australia,Melbourne,2025 Jun Qtr,all_calls_mean_proxy,24,0.5792760180995475,adaptive,200,1,0,159.34246275823037,200,0.0
Australia,Melbourne,2025 Jun Qtr,all_calls_mean_proxy,48,0.5792760180995475,fixed,200,1,0,159.34246275823037,200,0.0
Australia,Melbourne,2025 Jun Qtr,all_calls_mean_proxy,48,0.5792760180995475,adaptive,200,1,0,159.34246275823037,200,0.0
Australia,Melbourne,2025 Jun Qtr,all_calls_mean_proxy,96,0.5792760180995475,fixed,200,1,0,159.34246275823037,200,0.0
Australia,Melbourne,2025 Jun Qtr,all_calls_mean_proxy,96,0.5792760180995475,adaptive,200,1,0,159.34246275823037,200,0.0
Australia,Melbourne,2025 Jun Qtr,all_calls_mean_proxy,144,0.5792760180995475,fixed,200,1,0,159.34246275823037,200,0.0
Australia,Melbourne,2025 Jun Qtr,all_calls_mean_proxy,144,0.5792760180995475,adaptive,200,1,0,159.34246275823037,200,0.0
Australia,Melbourne,2025 Jun Qtr,anchored_call_mean_stress,0,21.336666666666666,fixed,200,1,1,159.34246275823037,200,44.000000000000014
Australia,Melbourne,2025 Jun Qtr,anchored_call_mean_stress,0,21.336666666666666,adaptive,200,1,1,229.45314637185174,200,44.000000000000014
Australia,Melbourne,2025 Jun Qtr,anchored_call_mean_stress,12,21.336666666666666,fixed,200,1,1,159.34246275823037,200,32.907236992619325
Australia,Melbourne,2025 Jun Qtr,anchored_call_mean_stress,12,21.336666666666666,adaptive,200,1,0,211.77766460795743,200,32.907236992619325
Australia,Melbourne,2025 Jun Qtr,anchored_call_mean_stress,24,21.336666666666666,fixed,200,1,0,159.34246275823037,200,0.0
Australia,Melbourne,2025 Jun Qtr,anchored_call_mean_stress,24,21.336666666666666,adaptive,200,1,0,159.34246275823037,200,0.0
Australia,Melbourne,2025 Jun Qtr,anchored_call_mean_stress,48,21.336666666666666,fixed,200,1,0,159.34246275823037,200,0.0
Australia,Melbourne,2025 Jun Qtr,anchored_call_mean_stress,48,21.336666666666666,adaptive,200,1,0,159.34246275823037,200,0.0
Australia,Melbourne,2025 Jun Qtr,anchored_call_mean_stress,96,21.336666666666666,fixed,200,1,0,159.34246275823037,200,0.0
Australia,Melbourne,2025 Jun Qtr,anchored_call_mean_stress,96,21.336666666666666,adaptive,200,1,0,159.34246275823037,200,0.0
Australia,Melbourne,2025 Jun Qtr,anchored_call_mean_stress,144,21.336666666666666,fixed,200,1,0,159.34246275823037,200,0.0
Australia,Melbourne,2025 Jun Qtr,anchored_call_mean_stress,144,21.336666666666666,adaptive,200,1,0,159.34246275823037,200,0.0
Australia,Adelaide,2023 Mar Qtr,no_anchor_delay,0,0.0,fixed,200,1,0,159.34246275823037,200,0.0
Australia,Adelaide,2023 Mar Qtr,no_anchor_delay,0,0.0,adaptive,200,1,0,159.34246275823037,200,0.0
Australia,Adelaide,2023 Mar Qtr,no_anchor_delay,12,0.0,fixed,200,1,0,159.34246275823037,200,0.0
Australia,Adelaide,2023 Mar Qtr,no_anchor_delay,12,0.0,adaptive,200,1,0,159.34246275823037,200,0.0
Australia,Adelaide,2023 Mar Qtr,no_anchor_delay,24,0.0,fixed,200,1,0,159.34246275823037,200,0.0
Australia,Adelaide,2023 Mar Qtr,no_anchor_delay,24,0.0,adaptive,200,1,0,159.34246275823037,200,0.0
Australia,Adelaide,2023 Mar Qtr,no_anchor_delay,48,0.0,fixed,200,1,0,159.34246275823037,200,0.0
Australia,Adelaide,2023 Mar Qtr,no_anchor_delay,48,0.0,adaptive,200,1,0,159.34246275823037,200,0.0
Australia,Adelaide,2023 Mar Qtr,no_anchor_delay,96,0.0,fixed,200,1,0,159.34246275823037,200,0.0
Australia,Adelaide,2023 Mar Qtr,no_anchor_delay,96,0.0,adaptive,200,1,0,159.34246275823037,200,0.0
Australia,Adelaide,2023 Mar Qtr,no_anchor_delay,144,0.0,fixed,200,1,0,159.34246275823037,200,0.0
Australia,Adelaide,2023 Mar Qtr,no_anchor_delay,144,0.0,adaptive,200,1,0,159.34246275823037,200,0.0
Australia,Adelaide,2023 Mar Qtr,all_calls_mean_proxy,0,1.5163513513513514,fixed,200,1,1,159.34246275823037,200,5.527592523054503
Australia,Adelaide,2023 Mar Qtr,all_calls_mean_proxy,0,1.5163513513513514,adaptive,200,1,0,168.1502648157052,200,5.527592523054503
Australia,Adelaide,2023 Mar Qtr,all_calls_mean_proxy,12,1.5163513513513514,fixed,200,1,0,159.34246275823037,200,0.0
Australia,Adelaide,2023 Mar Qtr,all_calls_mean_proxy,12,1.5163513513513514,adaptive,200,1,0,159.34246275823037,200,0.0
Australia,Adelaide,2023 Mar Qtr,all_calls_mean_proxy,24,1.5163513513513514,fixed,200,1,0,159.34246275823037,200,0.0
Australia,Adelaide,2023 Mar Qtr,all_calls_mean_proxy,24,1.5163513513513514,adaptive,200,1,0,159.34246275823037,200,0.0
Australia,Adelaide,2023 Mar Qtr,all_calls_mean_proxy,48,1.5163513513513514,fixed,200,1,0,159.34246275823037,200,0.0
Australia,Adelaide,2023 Mar Qtr,all_calls_mean_proxy,48,1.5163513513513514,adaptive,200,1,0,159.34246275823037,200,0.0
Australia,Adelaide,2023 Mar Qtr,all_calls_mean_proxy,96,1.5163513513513514,fixed,200,1,0,159.34246275823037,200,0.0
Australia,Adelaide,2023 Mar Qtr,all_calls_mean_proxy,96,1.5163513513513514,adaptive,200,1,0,159.34246275823037,200,0.0
Australia,Adelaide,2023 Mar Qtr,all_calls_mean_proxy,144,1.5163513513513514,fixed,200,1,0,159.34246275823037,200,0.0
Australia,Adelaide,2023 Mar Qtr,all_calls_mean_proxy,144,1.5163513513513514,adaptive,200,1,0,159.34246275823037,200,0.0
Australia,Adelaide,2023 Mar Qtr,anchored_call_mean_stress,0,22.442,fixed,200,1,1,159.34246275823037,200,44.000000000000014
Australia,Adelaide,2023 Mar Qtr,anchored_call_mean_stress,0,22.442,adaptive,200,1,1,229.45314637185174,200,44.000000000000014
Australia,Adelaide,2023 Mar Qtr,anchored_call_mean_stress,12,22.442,fixed,200,1,1,159.34246275823037,200,38.461571974808706
Australia,Adelaide,2023 Mar Qtr,anchored_call_mean_stress,12,22.442,adaptive,200,1,0,220.6280787584199,200,38.461571974808706
Australia,Adelaide,2023 Mar Qtr,anchored_call_mean_stress,24,22.442,fixed,200,1,0,159.34246275823037,200,0.0
Australia,Adelaide,2023 Mar Qtr,anchored_call_mean_stress,24,22.442,adaptive,200,1,0,159.34246275823037,200,0.0
Australia,Adelaide,2023 Mar Qtr,anchored_call_mean_stress,48,22.442,fixed,200,1,0,159.34246275823037,200,0.0
Australia,Adelaide,2023 Mar Qtr,anchored_call_mean_stress,48,22.442,adaptive,200,1,0,159.34246275823037,200,0.0
Australia,Adelaide,2023 Mar Qtr,anchored_call_mean_stress,96,22.442,fixed,200,1,0,159.34246275823037,200,0.0
Australia,Adelaide,2023 Mar Qtr,anchored_call_mean_stress,96,22.442,adaptive,200,1,0,159.34246275823037,200,0.0
Australia,Adelaide,2023 Mar Qtr,anchored_call_mean_stress,144,22.442,fixed,200,1,0,159.34246275823037,200,0.0
Australia,Adelaide,2023 Mar Qtr,anchored_call_mean_stress,144,22.442,adaptive,200,1,0,159.34246275823037,200,0.0
Australia,Adelaide,2023 Jun Qtr,no_anchor_delay,0,0.0,fixed,200,1,0,159.34246275823037,200,0.0
Australia,Adelaide,2023 Jun Qtr,no_anchor_delay,0,0.0,adaptive,200,1,0,159.34246275823037,200,0.0
Australia,Adelaide,2023 Jun Qtr,no_anchor_delay,12,0.0,fixed,200,1,0,159.34246275823037,200,0.0
Australia,Adelaide,2023 Jun Qtr,no_anchor_delay,12,0.0,adaptive,200,1,0,159.34246275823037,200,0.0
Australia,Adelaide,2023 Jun Qtr,no_anchor_delay,24,0.0,fixed,200,1,0,159.34246275823037,200,0.0
Australia,Adelaide,2023 Jun Qtr,no_anchor_delay,24,0.0,adaptive,200,1,0,159.34246275823037,200,0.0
Australia,Adelaide,2023 Jun Qtr,no_anchor_delay,48,0.0,fixed,200,1,0,159.34246275823037,200,0.0
Australia,Adelaide,2023 Jun Qtr,no_anchor_delay,48,0.0,adaptive,200,1,0,159.34246275823037,200,0.0
Australia,Adelaide,2023 Jun Qtr,no_anchor_delay,96,0.0,fixed,200,1,0,159.34246275823037,200,0.0
Australia,Adelaide,2023 Jun Qtr,no_anchor_delay,96,0.0,adaptive,200,1,0,159.34246275823037,200,0.0
Australia,Adelaide,2023 Jun Qtr,no_anchor_delay,144,0.0,fixed,200,1,0,159.34246275823037,200,0.0
Australia,Adelaide,2023 Jun Qtr,no_anchor_delay,144,0.0,adaptive,200,1,0,159.34246275823037,200,0.0
Australia,Adelaide,2023 Jun Qtr,all_calls_mean_proxy,0,2.5587096774193547,fixed,200,1,1,159.34246275823037,200,11.06604802203619
Australia,Adelaide,2023 Jun Qtr,all_calls_mean_proxy,0,2.5587096774193547,adaptive,200,1,0,176.9753762065513,200,11.06604802203619
Australia,Adelaide,2023 Jun Qtr,all_calls_mean_proxy,12,2.5587096774193547,fixed,200,1,0,159.34246275823037,200,0.0
Australia,Adelaide,2023 Jun Qtr,all_calls_mean_proxy,12,2.5587096774193547,adaptive,200,1,0,159.34246275823037,200,0.0
Australia,Adelaide,2023 Jun Qtr,all_calls_mean_proxy,24,2.5587096774193547,fixed,200,1,0,159.34246275823037,200,0.0
Australia,Adelaide,2023 Jun Qtr,all_calls_mean_proxy,24,2.5587096774193547,adaptive,200,1,0,159.34246275823037,200,0.0
Australia,Adelaide,2023 Jun Qtr,all_calls_mean_proxy,48,2.5587096774193547,fixed,200,1,0,159.34246275823037,200,0.0
Australia,Adelaide,2023 Jun Qtr,all_calls_mean_proxy,48,2.5587096774193547,adaptive,200,1,0,159.34246275823037,200,0.0
Australia,Adelaide,2023 Jun Qtr,all_calls_mean_proxy,96,2.5587096774193547,fixed,200,1,0,159.34246275823037,200,0.0
Australia,Adelaide,2023 Jun Qtr,all_calls_mean_proxy,96,2.5587096774193547,adaptive,200,1,0,159.34246275823037,200,0.0
Australia,Adelaide,2023 Jun Qtr,all_calls_mean_proxy,144,2.5587096774193547,fixed,200,1,0,159.34246275823037,200,0.0
Australia,Adelaide,2023 Jun Qtr,all_calls_mean_proxy,144,2.5587096774193547,adaptive,200,1,0,159.34246275823037,200,0.0
Australia,Adelaide,2023 Jun Qtr,anchored_call_mean_stress,0,39.66,fixed,200,1,1,159.34246275823037,200,44.000000000000014
Australia,Adelaide,2023 Jun Qtr,anchored_call_mean_stress,0,39.66,adaptive,200,1,1,229.45314637185174,200,44.000000000000014
Australia,Adelaide,2023 Jun Qtr,anchored_call_mean_stress,12,39.66,fixed,200,1,1,159.34246275823037,200,44.000000000000014
Australia,Adelaide,2023 Jun Qtr,anchored_call_mean_stress,12,39.66,adaptive,200,1,1,229.45314637185174,200,44.000000000000014
Australia,Adelaide,2023 Jun Qtr,anchored_call_mean_stress,24,39.66,fixed,200,1,1,159.34246275823037,200,44.000000000000014
Australia,Adelaide,2023 Jun Qtr,anchored_call_mean_stress,24,39.66,adaptive,200,1,1,229.45314637185174,200,44.000000000000014
Australia,Adelaide,2023 Jun Qtr,anchored_call_mean_stress,48,39.66,fixed,200,1,0,159.34246275823037,200,0.0
Australia,Adelaide,2023 Jun Qtr,anchored_call_mean_stress,48,39.66,adaptive,200,1,0,159.34246275823037,200,0.0
Australia,Adelaide,2023 Jun Qtr,anchored_call_mean_stress,96,39.66,fixed,200,1,0,159.34246275823037,200,0.0
Australia,Adelaide,2023 Jun Qtr,anchored_call_mean_stress,96,39.66,adaptive,200,1,0,159.34246275823037,200,0.0
Australia,Adelaide,2023 Jun Qtr,anchored_call_mean_stress,144,39.66,fixed,200,1,0,159.34246275823037,200,0.0
Australia,Adelaide,2023 Jun Qtr,anchored_call_mean_stress,144,39.66,adaptive,200,1,0,159.34246275823037,200,0.0
Australia,Adelaide,2023 Sep Qtr,no_anchor_delay,0,0.0,fixed,200,1,0,159.34246275823037,200,0.0
Australia,Adelaide,2023 Sep Qtr,no_anchor_delay,0,0.0,adaptive,200,1,0,159.34246275823037,200,0.0
Australia,Adelaide,2023 Sep Qtr,no_anchor_delay,12,0.0,fixed,200,1,0,159.34246275823037,200,0.0
Australia,Adelaide,2023 Sep Qtr,no_anchor_delay,12,0.0,adaptive,200,1,0,159.34246275823037,200,0.0
Australia,Adelaide,2023 Sep Qtr,no_anchor_delay,24,0.0,fixed,200,1,0,159.34246275823037,200,0.0
Australia,Adelaide,2023 Sep Qtr,no_anchor_delay,24,0.0,adaptive,200,1,0,159.34246275823037,200,0.0
Australia,Adelaide,2023 Sep Qtr,no_anchor_delay,48,0.0,fixed,200,1,0,159.34246275823037,200,0.0
Australia,Adelaide,2023 Sep Qtr,no_anchor_delay,48,0.0,adaptive,200,1,0,159.34246275823037,200,0.0
Australia,Adelaide,2023 Sep Qtr,no_anchor_delay,96,0.0,fixed,200,1,0,159.34246275823037,200,0.0
Australia,Adelaide,2023 Sep Qtr,no_anchor_delay,96,0.0,adaptive,200,1,0,159.34246275823037,200,0.0
Australia,Adelaide,2023 Sep Qtr,no_anchor_delay,144,0.0,fixed,200,1,0,159.34246275823037,200,0.0
Australia,Adelaide,2023 Sep Qtr,no_anchor_delay,144,0.0,adaptive,200,1,0,159.34246275823037,200,0.0
Australia,Adelaide,2023 Sep Qtr,all_calls_mean_proxy,0,2.676470588235294,fixed,200,1,1,159.34246275823037,200,11.06604802203619
Australia,Adelaide,2023 Sep Qtr,all_calls_mean_proxy,0,2.676470588235294,adaptive,200,1,0,176.9753762065513,200,11.06604802203619
Australia,Adelaide,2023 Sep Qtr,all_calls_mean_proxy,12,2.676470588235294,fixed,200,1,0,159.34246275823037,200,0.0
Australia,Adelaide,2023 Sep Qtr,all_calls_mean_proxy,12,2.676470588235294,adaptive,200,1,0,159.34246275823037,200,0.0
Australia,Adelaide,2023 Sep Qtr,all_calls_mean_proxy,24,2.676470588235294,fixed,200,1,0,159.34246275823037,200,0.0
Australia,Adelaide,2023 Sep Qtr,all_calls_mean_proxy,24,2.676470588235294,adaptive,200,1,0,159.34246275823037,200,0.0
Australia,Adelaide,2023 Sep Qtr,all_calls_mean_proxy,48,2.676470588235294,fixed,200,1,0,159.34246275823037,200,0.0
Australia,Adelaide,2023 Sep Qtr,all_calls_mean_proxy,48,2.676470588235294,adaptive,200,1,0,159.34246275823037,200,0.0
Australia,Adelaide,2023 Sep Qtr,all_calls_mean_proxy,96,2.676470588235294,fixed,200,1,0,159.34246275823037,200,0.0
Australia,Adelaide,2023 Sep Qtr,all_calls_mean_proxy,96,2.676470588235294,adaptive,200,1,0,159.34246275823037,200,0.0
Australia,Adelaide,2023 Sep Qtr,all_calls_mean_proxy,144,2.676470588235294,fixed,200,1,0,159.34246275823037,200,0.0
Australia,Adelaide,2023 Sep Qtr,all_calls_mean_proxy,144,2.676470588235294,adaptive,200,1,0,159.34246275823037,200,0.0
Australia,Adelaide,2023 Sep Qtr,anchored_call_mean_stress,0,22.75,fixed,200,1,1,159.34246275823037,200,44.000000000000014
Australia,Adelaide,2023 Sep Qtr,anchored_call_mean_stress,0,22.75,adaptive,200,1,1,229.45314637185174,200,44.000000000000014
Australia,Adelaide,2023 Sep Qtr,anchored_call_mean_stress,12,22.75,fixed,200,1,1,159.34246275823037,200,38.461571974808706
Australia,Adelaide,2023 Sep Qtr,anchored_call_mean_stress,12,22.75,adaptive,200,1,0,220.6280787584199,200,38.461571974808706
Australia,Adelaide,2023 Sep Qtr,anchored_call_mean_stress,24,22.75,fixed,200,1,0,159.34246275823037,200,0.0
Australia,Adelaide,2023 Sep Qtr,anchored_call_mean_stress,24,22.75,adaptive,200,1,0,159.34246275823037,200,0.0
Australia,Adelaide,2023 Sep Qtr,anchored_call_mean_stress,48,22.75,fixed,200,1,0,159.34246275823037,200,0.0
Australia,Adelaide,2023 Sep Qtr,anchored_call_mean_stress,48,22.75,adaptive,200,1,0,159.34246275823037,200,0.0
Australia,Adelaide,2023 Sep Qtr,anchored_call_mean_stress,96,22.75,fixed,200,1,0,159.34246275823037,200,0.0
Australia,Adelaide,2023 Sep Qtr,anchored_call_mean_stress,96,22.75,adaptive,200,1,0,159.34246275823037,200,0.0
Australia,Adelaide,2023 Sep Qtr,anchored_call_mean_stress,144,22.75,fixed,200,1,0,159.34246275823037,200,0.0
Australia,Adelaide,2023 Sep Qtr,anchored_call_mean_stress,144,22.75,adaptive,200,1,0,159.34246275823037,200,0.0
Australia,Adelaide,2023 Dec Qtr,no_anchor_delay,0,0.0,fixed,200,1,0,159.34246275823037,200,0.0
Australia,Adelaide,2023 Dec Qtr,no_anchor_delay,0,0.0,adaptive,200,1,0,159.34246275823037,200,0.0
Australia,Adelaide,2023 Dec Qtr,no_anchor_delay,12,0.0,fixed,200,1,0,159.34246275823037,200,0.0
Australia,Adelaide,2023 Dec Qtr,no_anchor_delay,12,0.0,adaptive,200,1,0,159.34246275823037,200,0.0
Australia,Adelaide,2023 Dec Qtr,no_anchor_delay,24,0.0,fixed,200,1,0,159.34246275823037,200,0.0
Australia,Adelaide,2023 Dec Qtr,no_anchor_delay,24,0.0,adaptive,200,1,0,159.34246275823037,200,0.0
Australia,Adelaide,2023 Dec Qtr,no_anchor_delay,48,0.0,fixed,200,1,0,159.34246275823037,200,0.0
Australia,Adelaide,2023 Dec Qtr,no_anchor_delay,48,0.0,adaptive,200,1,0,159.34246275823037,200,0.0
Australia,Adelaide,2023 Dec Qtr,no_anchor_delay,96,0.0,fixed,200,1,0,159.34246275823037,200,0.0
Australia,Adelaide,2023 Dec Qtr,no_anchor_delay,96,0.0,adaptive,200,1,0,159.34246275823037,200,0.0
Australia,Adelaide,2023 Dec Qtr,no_anchor_delay,144,0.0,fixed,200,1,0,159.34246275823037,200,0.0
Australia,Adelaide,2023 Dec Qtr,no_anchor_delay,144,0.0,adaptive,200,1,0,159.34246275823037,200,0.0
Australia,Adelaide,2023 Dec Qtr,all_calls_mean_proxy,0,1.8061764705882353,fixed,200,1,1,159.34246275823037,200,11.06604802203619
Australia,Adelaide,2023 Dec Qtr,all_calls_mean_proxy,0,1.8061764705882353,adaptive,200,1,0,176.9753762065513,200,11.06604802203619
Australia,Adelaide,2023 Dec Qtr,all_calls_mean_proxy,12,1.8061764705882353,fixed,200,1,0,159.34246275823037,200,0.0
Australia,Adelaide,2023 Dec Qtr,all_calls_mean_proxy,12,1.8061764705882353,adaptive,200,1,0,159.34246275823037,200,0.0
Australia,Adelaide,2023 Dec Qtr,all_calls_mean_proxy,24,1.8061764705882353,fixed,200,1,0,159.34246275823037,200,0.0
Australia,Adelaide,2023 Dec Qtr,all_calls_mean_proxy,24,1.8061764705882353,adaptive,200,1,0,159.34246275823037,200,0.0
Australia,Adelaide,2023 Dec Qtr,all_calls_mean_proxy,48,1.8061764705882353,fixed,200,1,0,159.34246275823037,200,0.0
Australia,Adelaide,2023 Dec Qtr,all_calls_mean_proxy,48,1.8061764705882353,adaptive,200,1,0,159.34246275823037,200,0.0
Australia,Adelaide,2023 Dec Qtr,all_calls_mean_proxy,96,1.8061764705882353,fixed,200,1,0,159.34246275823037,200,0.0
Australia,Adelaide,2023 Dec Qtr,all_calls_mean_proxy,96,1.8061764705882353,adaptive,200,1,0,159.34246275823037,200,0.0
Australia,Adelaide,2023 Dec Qtr,all_calls_mean_proxy,144,1.8061764705882353,fixed,200,1,0,159.34246275823037,200,0.0
Australia,Adelaide,2023 Dec Qtr,all_calls_mean_proxy,144,1.8061764705882353,adaptive,200,1,0,159.34246275823037,200,0.0
Australia,Adelaide,2023 Dec Qtr,anchored_call_mean_stress,0,15.352500000000001,fixed,200,1,1,159.34246275823037,200,44.000000000000014
Australia,Adelaide,2023 Dec Qtr,anchored_call_mean_stress,0,15.352500000000001,adaptive,200,1,1,229.45314637185174,200,44.000000000000014
Australia,Adelaide,2023 Dec Qtr,anchored_call_mean_stress,12,15.352500000000001,fixed,200,1,1,159.34246275823037,200,16.508677303991746
Australia,Adelaide,2023 Dec Qtr,anchored_call_mean_stress,12,15.352500000000001,adaptive,200,1,0,185.64779574321986,200,16.508677303991746
Australia,Adelaide,2023 Dec Qtr,anchored_call_mean_stress,24,15.352500000000001,fixed,200,1,0,159.34246275823037,200,0.0
Australia,Adelaide,2023 Dec Qtr,anchored_call_mean_stress,24,15.352500000000001,adaptive,200,1,0,159.34246275823037,200,0.0
Australia,Adelaide,2023 Dec Qtr,anchored_call_mean_stress,48,15.352500000000001,fixed,200,1,0,159.34246275823037,200,0.0
Australia,Adelaide,2023 Dec Qtr,anchored_call_mean_stress,48,15.352500000000001,adaptive,200,1,0,159.34246275823037,200,0.0
Australia,Adelaide,2023 Dec Qtr,anchored_call_mean_stress,96,15.352500000000001,fixed,200,1,0,159.34246275823037,200,0.0
Australia,Adelaide,2023 Dec Qtr,anchored_call_mean_stress,96,15.352500000000001,adaptive,200,1,0,159.34246275823037,200,0.0
Australia,Adelaide,2023 Dec Qtr,anchored_call_mean_stress,144,15.352500000000001,fixed,200,1,0,159.34246275823037,200,0.0
Australia,Adelaide,2023 Dec Qtr,anchored_call_mean_stress,144,15.352500000000001,adaptive,200,1,0,159.34246275823037,200,0.0
Australia,Adelaide,2024 Mar Qtr,no_anchor_delay,0,0.0,fixed,200,1,0,159.34246275823037,200,0.0
Australia,Adelaide,2024 Mar Qtr,no_anchor_delay,0,0.0,adaptive,200,1,0,159.34246275823037,200,0.0
Australia,Adelaide,2024 Mar Qtr,no_anchor_delay,12,0.0,fixed,200,1,0,159.34246275823037,200,0.0
Australia,Adelaide,2024 Mar Qtr,no_anchor_delay,12,0.0,adaptive,200,1,0,159.34246275823037,200,0.0
Australia,Adelaide,2024 Mar Qtr,no_anchor_delay,24,0.0,fixed,200,1,0,159.34246275823037,200,0.0
Australia,Adelaide,2024 Mar Qtr,no_anchor_delay,24,0.0,adaptive,200,1,0,159.34246275823037,200,0.0
Australia,Adelaide,2024 Mar Qtr,no_anchor_delay,48,0.0,fixed,200,1,0,159.34246275823037,200,0.0
Australia,Adelaide,2024 Mar Qtr,no_anchor_delay,48,0.0,adaptive,200,1,0,159.34246275823037,200,0.0
Australia,Adelaide,2024 Mar Qtr,no_anchor_delay,96,0.0,fixed,200,1,0,159.34246275823037,200,0.0
Australia,Adelaide,2024 Mar Qtr,no_anchor_delay,96,0.0,adaptive,200,1,0,159.34246275823037,200,0.0
Australia,Adelaide,2024 Mar Qtr,no_anchor_delay,144,0.0,fixed,200,1,0,159.34246275823037,200,0.0
Australia,Adelaide,2024 Mar Qtr,no_anchor_delay,144,0.0,adaptive,200,1,0,159.34246275823037,200,0.0
Australia,Adelaide,2024 Mar Qtr,all_calls_mean_proxy,0,1.5534920634920635,fixed,200,1,1,159.34246275823037,200,5.527592523054503
Australia,Adelaide,2024 Mar Qtr,all_calls_mean_proxy,0,1.5534920634920635,adaptive,200,1,0,168.1502648157052,200,5.527592523054503
Australia,Adelaide,2024 Mar Qtr,all_calls_mean_proxy,12,1.5534920634920635,fixed,200,1,0,159.34246275823037,200,0.0
Australia,Adelaide,2024 Mar Qtr,all_calls_mean_proxy,12,1.5534920634920635,adaptive,200,1,0,159.34246275823037,200,0.0
Australia,Adelaide,2024 Mar Qtr,all_calls_mean_proxy,24,1.5534920634920635,fixed,200,1,0,159.34246275823037,200,0.0
Australia,Adelaide,2024 Mar Qtr,all_calls_mean_proxy,24,1.5534920634920635,adaptive,200,1,0,159.34246275823037,200,0.0
Australia,Adelaide,2024 Mar Qtr,all_calls_mean_proxy,48,1.5534920634920635,fixed,200,1,0,159.34246275823037,200,0.0
Australia,Adelaide,2024 Mar Qtr,all_calls_mean_proxy,48,1.5534920634920635,adaptive,200,1,0,159.34246275823037,200,0.0
Australia,Adelaide,2024 Mar Qtr,all_calls_mean_proxy,96,1.5534920634920635,fixed,200,1,0,159.34246275823037,200,0.0
Australia,Adelaide,2024 Mar Qtr,all_calls_mean_proxy,96,1.5534920634920635,adaptive,200,1,0,159.34246275823037,200,0.0
Australia,Adelaide,2024 Mar Qtr,all_calls_mean_proxy,144,1.5534920634920635,fixed,200,1,0,159.34246275823037,200,0.0
Australia,Adelaide,2024 Mar Qtr,all_calls_mean_proxy,144,1.5534920634920635,adaptive,200,1,0,159.34246275823037,200,0.0
Australia,Adelaide,2024 Mar Qtr,anchored_call_mean_stress,0,32.623333333333335,fixed,200,1,1,159.34246275823037,200,44.000000000000014
Australia,Adelaide,2024 Mar Qtr,anchored_call_mean_stress,0,32.623333333333335,adaptive,200,1,1,229.45314637185174,200,44.000000000000014
Australia,Adelaide,2024 Mar Qtr,anchored_call_mean_stress,12,32.623333333333335,fixed,200,1,1,159.34246275823037,200,44.000000000000014
Australia,Adelaide,2024 Mar Qtr,anchored_call_mean_stress,12,32.623333333333335,adaptive,200,1,1,229.45314637185174,200,44.000000000000014
Australia,Adelaide,2024 Mar Qtr,anchored_call_mean_stress,24,32.623333333333335,fixed,200,1,1,159.34246275823037,200,32.907236992619325
Australia,Adelaide,2024 Mar Qtr,anchored_call_mean_stress,24,32.623333333333335,adaptive,200,1,0,211.77766460795743,200,32.907236992619325
Australia,Adelaide,2024 Mar Qtr,anchored_call_mean_stress,48,32.623333333333335,fixed,200,1,0,159.34246275823037,200,0.0
Australia,Adelaide,2024 Mar Qtr,anchored_call_mean_stress,48,32.623333333333335,adaptive,200,1,0,159.34246275823037,200,0.0
Australia,Adelaide,2024 Mar Qtr,anchored_call_mean_stress,96,32.623333333333335,fixed,200,1,0,159.34246275823037,200,0.0
Australia,Adelaide,2024 Mar Qtr,anchored_call_mean_stress,96,32.623333333333335,adaptive,200,1,0,159.34246275823037,200,0.0
Australia,Adelaide,2024 Mar Qtr,anchored_call_mean_stress,144,32.623333333333335,fixed,200,1,0,159.34246275823037,200,0.0
Australia,Adelaide,2024 Mar Qtr,anchored_call_mean_stress,144,32.623333333333335,adaptive,200,1,0,159.34246275823037,200,0.0
Australia,Adelaide,2024 Jun Qtr,no_anchor_delay,0,0.0,fixed,200,1,0,159.34246275823037,200,0.0
Australia,Adelaide,2024 Jun Qtr,no_anchor_delay,0,0.0,adaptive,200,1,0,159.34246275823037,200,0.0
Australia,Adelaide,2024 Jun Qtr,no_anchor_delay,12,0.0,fixed,200,1,0,159.34246275823037,200,0.0
Australia,Adelaide,2024 Jun Qtr,no_anchor_delay,12,0.0,adaptive,200,1,0,159.34246275823037,200,0.0
Australia,Adelaide,2024 Jun Qtr,no_anchor_delay,24,0.0,fixed,200,1,0,159.34246275823037,200,0.0
Australia,Adelaide,2024 Jun Qtr,no_anchor_delay,24,0.0,adaptive,200,1,0,159.34246275823037,200,0.0
Australia,Adelaide,2024 Jun Qtr,no_anchor_delay,48,0.0,fixed,200,1,0,159.34246275823037,200,0.0
Australia,Adelaide,2024 Jun Qtr,no_anchor_delay,48,0.0,adaptive,200,1,0,159.34246275823037,200,0.0
Australia,Adelaide,2024 Jun Qtr,no_anchor_delay,96,0.0,fixed,200,1,0,159.34246275823037,200,0.0
Australia,Adelaide,2024 Jun Qtr,no_anchor_delay,96,0.0,adaptive,200,1,0,159.34246275823037,200,0.0
Australia,Adelaide,2024 Jun Qtr,no_anchor_delay,144,0.0,fixed,200,1,0,159.34246275823037,200,0.0
Australia,Adelaide,2024 Jun Qtr,no_anchor_delay,144,0.0,adaptive,200,1,0,159.34246275823037,200,0.0
Australia,Adelaide,2024 Jun Qtr,all_calls_mean_proxy,0,0.836206896551724,fixed,200,1,1,159.34246275823037,200,5.527592523054503
Australia,Adelaide,2024 Jun Qtr,all_calls_mean_proxy,0,0.836206896551724,adaptive,200,1,0,168.1502648157052,200,5.527592523054503
Australia,Adelaide,2024 Jun Qtr,all_calls_mean_proxy,12,0.836206896551724,fixed,200,1,0,159.34246275823037,200,0.0
Australia,Adelaide,2024 Jun Qtr,all_calls_mean_proxy,12,0.836206896551724,adaptive,200,1,0,159.34246275823037,200,0.0
Australia,Adelaide,2024 Jun Qtr,all_calls_mean_proxy,24,0.836206896551724,fixed,200,1,0,159.34246275823037,200,0.0
Australia,Adelaide,2024 Jun Qtr,all_calls_mean_proxy,24,0.836206896551724,adaptive,200,1,0,159.34246275823037,200,0.0
Australia,Adelaide,2024 Jun Qtr,all_calls_mean_proxy,48,0.836206896551724,fixed,200,1,0,159.34246275823037,200,0.0
Australia,Adelaide,2024 Jun Qtr,all_calls_mean_proxy,48,0.836206896551724,adaptive,200,1,0,159.34246275823037,200,0.0
Australia,Adelaide,2024 Jun Qtr,all_calls_mean_proxy,96,0.836206896551724,fixed,200,1,0,159.34246275823037,200,0.0
Australia,Adelaide,2024 Jun Qtr,all_calls_mean_proxy,96,0.836206896551724,adaptive,200,1,0,159.34246275823037,200,0.0
Australia,Adelaide,2024 Jun Qtr,all_calls_mean_proxy,144,0.836206896551724,fixed,200,1,0,159.34246275823037,200,0.0
Australia,Adelaide,2024 Jun Qtr,all_calls_mean_proxy,144,0.836206896551724,adaptive,200,1,0,159.34246275823037,200,0.0
Australia,Adelaide,2024 Jun Qtr,anchored_call_mean_stress,0,16.166666666666664,fixed,200,1,1,159.34246275823037,200,44.000000000000014
Australia,Adelaide,2024 Jun Qtr,anchored_call_mean_stress,0,16.166666666666664,adaptive,200,1,1,229.45314637185174,200,44.000000000000014
Australia,Adelaide,2024 Jun Qtr,anchored_call_mean_stress,12,16.166666666666664,fixed,200,1,1,159.34246275823037,200,16.508677303991746
Australia,Adelaide,2024 Jun Qtr,anchored_call_mean_stress,12,16.166666666666664,adaptive,200,1,0,185.64779574321986,200,16.508677303991746
Australia,Adelaide,2024 Jun Qtr,anchored_call_mean_stress,24,16.166666666666664,fixed,200,1,0,159.34246275823037,200,0.0
Australia,Adelaide,2024 Jun Qtr,anchored_call_mean_stress,24,16.166666666666664,adaptive,200,1,0,159.34246275823037,200,0.0
Australia,Adelaide,2024 Jun Qtr,anchored_call_mean_stress,48,16.166666666666664,fixed,200,1,0,159.34246275823037,200,0.0
Australia,Adelaide,2024 Jun Qtr,anchored_call_mean_stress,48,16.166666666666664,adaptive,200,1,0,159.34246275823037,200,0.0
Australia,Adelaide,2024 Jun Qtr,anchored_call_mean_stress,96,16.166666666666664,fixed,200,1,0,159.34246275823037,200,0.0
Australia,Adelaide,2024 Jun Qtr,anchored_call_mean_stress,96,16.166666666666664,adaptive,200,1,0,159.34246275823037,200,0.0
Australia,Adelaide,2024 Jun Qtr,anchored_call_mean_stress,144,16.166666666666664,fixed,200,1,0,159.34246275823037,200,0.0
Australia,Adelaide,2024 Jun Qtr,anchored_call_mean_stress,144,16.166666666666664,adaptive,200,1,0,159.34246275823037,200,0.0
Australia,Adelaide,2024 Sep Qtr,no_anchor_delay,0,0.0,fixed,200,1,0,159.34246275823037,200,0.0
Australia,Adelaide,2024 Sep Qtr,no_anchor_delay,0,0.0,adaptive,200,1,0,159.34246275823037,200,0.0
Australia,Adelaide,2024 Sep Qtr,no_anchor_delay,12,0.0,fixed,200,1,0,159.34246275823037,200,0.0
Australia,Adelaide,2024 Sep Qtr,no_anchor_delay,12,0.0,adaptive,200,1,0,159.34246275823037,200,0.0
Australia,Adelaide,2024 Sep Qtr,no_anchor_delay,24,0.0,fixed,200,1,0,159.34246275823037,200,0.0
Australia,Adelaide,2024 Sep Qtr,no_anchor_delay,24,0.0,adaptive,200,1,0,159.34246275823037,200,0.0
Australia,Adelaide,2024 Sep Qtr,no_anchor_delay,48,0.0,fixed,200,1,0,159.34246275823037,200,0.0
Australia,Adelaide,2024 Sep Qtr,no_anchor_delay,48,0.0,adaptive,200,1,0,159.34246275823037,200,0.0
Australia,Adelaide,2024 Sep Qtr,no_anchor_delay,96,0.0,fixed,200,1,0,159.34246275823037,200,0.0
Australia,Adelaide,2024 Sep Qtr,no_anchor_delay,96,0.0,adaptive,200,1,0,159.34246275823037,200,0.0
Australia,Adelaide,2024 Sep Qtr,no_anchor_delay,144,0.0,fixed,200,1,0,159.34246275823037,200,0.0
Australia,Adelaide,2024 Sep Qtr,no_anchor_delay,144,0.0,adaptive,200,1,0,159.34246275823037,200,0.0
Australia,Adelaide,2024 Sep Qtr,all_calls_mean_proxy,0,2.9019298245614036,fixed,200,1,1,159.34246275823037,200,11.06604802203619
Australia,Adelaide,2024 Sep Qtr,all_calls_mean_proxy,0,2.9019298245614036,adaptive,200,1,0,176.9753762065513,200,11.06604802203619
Australia,Adelaide,2024 Sep Qtr,all_calls_mean_proxy,12,2.9019298245614036,fixed,200,1,0,159.34246275823037,200,0.0
Australia,Adelaide,2024 Sep Qtr,all_calls_mean_proxy,12,2.9019298245614036,adaptive,200,1,0,159.34246275823037,200,0.0
Australia,Adelaide,2024 Sep Qtr,all_calls_mean_proxy,24,2.9019298245614036,fixed,200,1,0,159.34246275823037,200,0.0
Australia,Adelaide,2024 Sep Qtr,all_calls_mean_proxy,24,2.9019298245614036,adaptive,200,1,0,159.34246275823037,200,0.0
Australia,Adelaide,2024 Sep Qtr,all_calls_mean_proxy,48,2.9019298245614036,fixed,200,1,0,159.34246275823037,200,0.0
Australia,Adelaide,2024 Sep Qtr,all_calls_mean_proxy,48,2.9019298245614036,adaptive,200,1,0,159.34246275823037,200,0.0
Australia,Adelaide,2024 Sep Qtr,all_calls_mean_proxy,96,2.9019298245614036,fixed,200,1,0,159.34246275823037,200,0.0
Australia,Adelaide,2024 Sep Qtr,all_calls_mean_proxy,96,2.9019298245614036,adaptive,200,1,0,159.34246275823037,200,0.0
Australia,Adelaide,2024 Sep Qtr,all_calls_mean_proxy,144,2.9019298245614036,fixed,200,1,0,159.34246275823037,200,0.0
Australia,Adelaide,2024 Sep Qtr,all_calls_mean_proxy,144,2.9019298245614036,adaptive,200,1,0,159.34246275823037,200,0.0
Australia,Adelaide,2024 Sep Qtr,anchored_call_mean_stress,0,33.082,fixed,200,1,1,159.34246275823037,200,44.000000000000014
Australia,Adelaide,2024 Sep Qtr,anchored_call_mean_stress,0,33.082,adaptive,200,1,1,229.45314637185174,200,44.000000000000014
Australia,Adelaide,2024 Sep Qtr,anchored_call_mean_stress,12,33.082,fixed,200,1,1,159.34246275823037,200,44.000000000000014
Australia,Adelaide,2024 Sep Qtr,anchored_call_mean_stress,12,33.082,adaptive,200,1,1,229.45314637185174,200,44.000000000000014
Australia,Adelaide,2024 Sep Qtr,anchored_call_mean_stress,24,33.082,fixed,200,1,1,159.34246275823037,200,32.907236992619325
Australia,Adelaide,2024 Sep Qtr,anchored_call_mean_stress,24,33.082,adaptive,200,1,0,211.77766460795743,200,32.907236992619325
Australia,Adelaide,2024 Sep Qtr,anchored_call_mean_stress,48,33.082,fixed,200,1,0,159.34246275823037,200,0.0
Australia,Adelaide,2024 Sep Qtr,anchored_call_mean_stress,48,33.082,adaptive,200,1,0,159.34246275823037,200,0.0
Australia,Adelaide,2024 Sep Qtr,anchored_call_mean_stress,96,33.082,fixed,200,1,0,159.34246275823037,200,0.0
Australia,Adelaide,2024 Sep Qtr,anchored_call_mean_stress,96,33.082,adaptive,200,1,0,159.34246275823037,200,0.0
Australia,Adelaide,2024 Sep Qtr,anchored_call_mean_stress,144,33.082,fixed,200,1,0,159.34246275823037,200,0.0
Australia,Adelaide,2024 Sep Qtr,anchored_call_mean_stress,144,33.082,adaptive,200,1,0,159.34246275823037,200,0.0
Australia,Adelaide,2024 Dec Qtr,no_anchor_delay,0,0.0,fixed,200,1,0,159.34246275823037,200,0.0
Australia,Adelaide,2024 Dec Qtr,no_anchor_delay,0,0.0,adaptive,200,1,0,159.34246275823037,200,0.0
Australia,Adelaide,2024 Dec Qtr,no_anchor_delay,12,0.0,fixed,200,1,0,159.34246275823037,200,0.0
Australia,Adelaide,2024 Dec Qtr,no_anchor_delay,12,0.0,adaptive,200,1,0,159.34246275823037,200,0.0
Australia,Adelaide,2024 Dec Qtr,no_anchor_delay,24,0.0,fixed,200,1,0,159.34246275823037,200,0.0
Australia,Adelaide,2024 Dec Qtr,no_anchor_delay,24,0.0,adaptive,200,1,0,159.34246275823037,200,0.0
Australia,Adelaide,2024 Dec Qtr,no_anchor_delay,48,0.0,fixed,200,1,0,159.34246275823037,200,0.0
Australia,Adelaide,2024 Dec Qtr,no_anchor_delay,48,0.0,adaptive,200,1,0,159.34246275823037,200,0.0
Australia,Adelaide,2024 Dec Qtr,no_anchor_delay,96,0.0,fixed,200,1,0,159.34246275823037,200,0.0
Australia,Adelaide,2024 Dec Qtr,no_anchor_delay,96,0.0,adaptive,200,1,0,159.34246275823037,200,0.0
Australia,Adelaide,2024 Dec Qtr,no_anchor_delay,144,0.0,fixed,200,1,0,159.34246275823037,200,0.0
Australia,Adelaide,2024 Dec Qtr,no_anchor_delay,144,0.0,adaptive,200,1,0,159.34246275823037,200,0.0
Australia,Adelaide,2024 Dec Qtr,all_calls_mean_proxy,0,0.6421428571428571,fixed,200,1,1,159.34246275823037,200,5.527592523054503
Australia,Adelaide,2024 Dec Qtr,all_calls_mean_proxy,0,0.6421428571428571,adaptive,200,1,0,168.1502648157052,200,5.527592523054503
Australia,Adelaide,2024 Dec Qtr,all_calls_mean_proxy,12,0.6421428571428571,fixed,200,1,0,159.34246275823037,200,0.0
Australia,Adelaide,2024 Dec Qtr,all_calls_mean_proxy,12,0.6421428571428571,adaptive,200,1,0,159.34246275823037,200,0.0
Australia,Adelaide,2024 Dec Qtr,all_calls_mean_proxy,24,0.6421428571428571,fixed,200,1,0,159.34246275823037,200,0.0
Australia,Adelaide,2024 Dec Qtr,all_calls_mean_proxy,24,0.6421428571428571,adaptive,200,1,0,159.34246275823037,200,0.0
Australia,Adelaide,2024 Dec Qtr,all_calls_mean_proxy,48,0.6421428571428571,fixed,200,1,0,159.34246275823037,200,0.0
Australia,Adelaide,2024 Dec Qtr,all_calls_mean_proxy,48,0.6421428571428571,adaptive,200,1,0,159.34246275823037,200,0.0
Australia,Adelaide,2024 Dec Qtr,all_calls_mean_proxy,96,0.6421428571428571,fixed,200,1,0,159.34246275823037,200,0.0
Australia,Adelaide,2024 Dec Qtr,all_calls_mean_proxy,96,0.6421428571428571,adaptive,200,1,0,159.34246275823037,200,0.0
Australia,Adelaide,2024 Dec Qtr,all_calls_mean_proxy,144,0.6421428571428571,fixed,200,1,0,159.34246275823037,200,0.0
Australia,Adelaide,2024 Dec Qtr,all_calls_mean_proxy,144,0.6421428571428571,adaptive,200,1,0,159.34246275823037,200,0.0
Australia,Adelaide,2024 Dec Qtr,anchored_call_mean_stress,0,17.98,fixed,200,1,1,159.34246275823037,200,44.000000000000014
Australia,Adelaide,2024 Dec Qtr,anchored_call_mean_stress,0,17.98,adaptive,200,1,1,229.45314637185174,200,44.000000000000014
Australia,Adelaide,2024 Dec Qtr,anchored_call_mean_stress,12,17.98,fixed,200,1,1,159.34246275823037,200,21.978501061142765
Australia,Adelaide,2024 Dec Qtr,anchored_call_mean_stress,12,17.98,adaptive,200,1,0,194.36354762639905,200,21.978501061142765
Australia,Adelaide,2024 Dec Qtr,anchored_call_mean_stress,24,17.98,fixed,200,1,0,159.34246275823037,200,0.0
Australia,Adelaide,2024 Dec Qtr,anchored_call_mean_stress,24,17.98,adaptive,200,1,0,159.34246275823037,200,0.0
Australia,Adelaide,2024 Dec Qtr,anchored_call_mean_stress,48,17.98,fixed,200,1,0,159.34246275823037,200,0.0
Australia,Adelaide,2024 Dec Qtr,anchored_call_mean_stress,48,17.98,adaptive,200,1,0,159.34246275823037,200,0.0
Australia,Adelaide,2024 Dec Qtr,anchored_call_mean_stress,96,17.98,fixed,200,1,0,159.34246275823037,200,0.0
Australia,Adelaide,2024 Dec Qtr,anchored_call_mean_stress,96,17.98,adaptive,200,1,0,159.34246275823037,200,0.0
Australia,Adelaide,2024 Dec Qtr,anchored_call_mean_stress,144,17.98,fixed,200,1,0,159.34246275823037,200,0.0
Australia,Adelaide,2024 Dec Qtr,anchored_call_mean_stress,144,17.98,adaptive,200,1,0,159.34246275823037,200,0.0
Australia,Adelaide,2025 Mar Qtr,no_anchor_delay,0,0.0,fixed,200,1,0,159.34246275823037,200,0.0
Australia,Adelaide,2025 Mar Qtr,no_anchor_delay,0,0.0,adaptive,200,1,0,159.34246275823037,200,0.0
Australia,Adelaide,2025 Mar Qtr,no_anchor_delay,12,0.0,fixed,200,1,0,159.34246275823037,200,0.0
Australia,Adelaide,2025 Mar Qtr,no_anchor_delay,12,0.0,adaptive,200,1,0,159.34246275823037,200,0.0
Australia,Adelaide,2025 Mar Qtr,no_anchor_delay,24,0.0,fixed,200,1,0,159.34246275823037,200,0.0
Australia,Adelaide,2025 Mar Qtr,no_anchor_delay,24,0.0,adaptive,200,1,0,159.34246275823037,200,0.0
Australia,Adelaide,2025 Mar Qtr,no_anchor_delay,48,0.0,fixed,200,1,0,159.34246275823037,200,0.0
Australia,Adelaide,2025 Mar Qtr,no_anchor_delay,48,0.0,adaptive,200,1,0,159.34246275823037,200,0.0
Australia,Adelaide,2025 Mar Qtr,no_anchor_delay,96,0.0,fixed,200,1,0,159.34246275823037,200,0.0
Australia,Adelaide,2025 Mar Qtr,no_anchor_delay,96,0.0,adaptive,200,1,0,159.34246275823037,200,0.0
Australia,Adelaide,2025 Mar Qtr,no_anchor_delay,144,0.0,fixed,200,1,0,159.34246275823037,200,0.0
Australia,Adelaide,2025 Mar Qtr,no_anchor_delay,144,0.0,adaptive,200,1,0,159.34246275823037,200,0.0
Australia,Adelaide,2025 Mar Qtr,all_calls_mean_proxy,0,2.4109523809523807,fixed,200,1,1,159.34246275823037,200,11.06604802203619
Australia,Adelaide,2025 Mar Qtr,all_calls_mean_proxy,0,2.4109523809523807,adaptive,200,1,0,176.9753762065513,200,11.06604802203619
Australia,Adelaide,2025 Mar Qtr,all_calls_mean_proxy,12,2.4109523809523807,fixed,200,1,0,159.34246275823037,200,0.0
Australia,Adelaide,2025 Mar Qtr,all_calls_mean_proxy,12,2.4109523809523807,adaptive,200,1,0,159.34246275823037,200,0.0
Australia,Adelaide,2025 Mar Qtr,all_calls_mean_proxy,24,2.4109523809523807,fixed,200,1,0,159.34246275823037,200,0.0
Australia,Adelaide,2025 Mar Qtr,all_calls_mean_proxy,24,2.4109523809523807,adaptive,200,1,0,159.34246275823037,200,0.0
Australia,Adelaide,2025 Mar Qtr,all_calls_mean_proxy,48,2.4109523809523807,fixed,200,1,0,159.34246275823037,200,0.0
Australia,Adelaide,2025 Mar Qtr,all_calls_mean_proxy,48,2.4109523809523807,adaptive,200,1,0,159.34246275823037,200,0.0
Australia,Adelaide,2025 Mar Qtr,all_calls_mean_proxy,96,2.4109523809523807,fixed,200,1,0,159.34246275823037,200,0.0
Australia,Adelaide,2025 Mar Qtr,all_calls_mean_proxy,96,2.4109523809523807,adaptive,200,1,0,159.34246275823037,200,0.0
Australia,Adelaide,2025 Mar Qtr,all_calls_mean_proxy,144,2.4109523809523807,fixed,200,1,0,159.34246275823037,200,0.0
Australia,Adelaide,2025 Mar Qtr,all_calls_mean_proxy,144,2.4109523809523807,adaptive,200,1,0,159.34246275823037,200,0.0
Australia,Adelaide,2025 Mar Qtr,anchored_call_mean_stress,0,30.378,fixed,200,1,1,159.34246275823037,200,44.000000000000014
Australia,Adelaide,2025 Mar Qtr,anchored_call_mean_stress,0,30.378,adaptive,200,1,1,229.45314637185174,200,44.000000000000014
Australia,Adelaide,2025 Mar Qtr,anchored_call_mean_stress,12,30.378,fixed,200,1,1,159.34246275823037,200,44.000000000000014
Australia,Adelaide,2025 Mar Qtr,anchored_call_mean_stress,12,30.378,adaptive,200,1,1,229.45314637185174,200,44.000000000000014
Australia,Adelaide,2025 Mar Qtr,anchored_call_mean_stress,24,30.378,fixed,200,1,1,159.34246275823037,200,21.978501061142765
Australia,Adelaide,2025 Mar Qtr,anchored_call_mean_stress,24,30.378,adaptive,200,1,0,194.36354762639905,200,21.978501061142765
Australia,Adelaide,2025 Mar Qtr,anchored_call_mean_stress,48,30.378,fixed,200,1,0,159.34246275823037,200,0.0
Australia,Adelaide,2025 Mar Qtr,anchored_call_mean_stress,48,30.378,adaptive,200,1,0,159.34246275823037,200,0.0
Australia,Adelaide,2025 Mar Qtr,anchored_call_mean_stress,96,30.378,fixed,200,1,0,159.34246275823037,200,0.0
Australia,Adelaide,2025 Mar Qtr,anchored_call_mean_stress,96,30.378,adaptive,200,1,0,159.34246275823037,200,0.0
Australia,Adelaide,2025 Mar Qtr,anchored_call_mean_stress,144,30.378,fixed,200,1,0,159.34246275823037,200,0.0
Australia,Adelaide,2025 Mar Qtr,anchored_call_mean_stress,144,30.378,adaptive,200,1,0,159.34246275823037,200,0.0
Australia,Adelaide,2025 Jun Qtr,no_anchor_delay,0,0.0,fixed,200,1,0,159.34246275823037,200,0.0
Australia,Adelaide,2025 Jun Qtr,no_anchor_delay,0,0.0,adaptive,200,1,0,159.34246275823037,200,0.0
Australia,Adelaide,2025 Jun Qtr,no_anchor_delay,12,0.0,fixed,200,1,0,159.34246275823037,200,0.0
Australia,Adelaide,2025 Jun Qtr,no_anchor_delay,12,0.0,adaptive,200,1,0,159.34246275823037,200,0.0
Australia,Adelaide,2025 Jun Qtr,no_anchor_delay,24,0.0,fixed,200,1,0,159.34246275823037,200,0.0
Australia,Adelaide,2025 Jun Qtr,no_anchor_delay,24,0.0,adaptive,200,1,0,159.34246275823037,200,0.0
Australia,Adelaide,2025 Jun Qtr,no_anchor_delay,48,0.0,fixed,200,1,0,159.34246275823037,200,0.0
Australia,Adelaide,2025 Jun Qtr,no_anchor_delay,48,0.0,adaptive,200,1,0,159.34246275823037,200,0.0
Australia,Adelaide,2025 Jun Qtr,no_anchor_delay,96,0.0,fixed,200,1,0,159.34246275823037,200,0.0
Australia,Adelaide,2025 Jun Qtr,no_anchor_delay,96,0.0,adaptive,200,1,0,159.34246275823037,200,0.0
Australia,Adelaide,2025 Jun Qtr,no_anchor_delay,144,0.0,fixed,200,1,0,159.34246275823037,200,0.0
Australia,Adelaide,2025 Jun Qtr,no_anchor_delay,144,0.0,adaptive,200,1,0,159.34246275823037,200,0.0
Australia,Adelaide,2025 Jun Qtr,all_calls_mean_proxy,0,2.2422033898305083,fixed,200,1,1,159.34246275823037,200,11.06604802203619
Australia,Adelaide,2025 Jun Qtr,all_calls_mean_proxy,0,2.2422033898305083,adaptive,200,1,0,176.9753762065513,200,11.06604802203619
Australia,Adelaide,2025 Jun Qtr,all_calls_mean_proxy,12,2.2422033898305083,fixed,200,1,0,159.34246275823037,200,0.0
Australia,Adelaide,2025 Jun Qtr,all_calls_mean_proxy,12,2.2422033898305083,adaptive,200,1,0,159.34246275823037,200,0.0
Australia,Adelaide,2025 Jun Qtr,all_calls_mean_proxy,24,2.2422033898305083,fixed,200,1,0,159.34246275823037,200,0.0
Australia,Adelaide,2025 Jun Qtr,all_calls_mean_proxy,24,2.2422033898305083,adaptive,200,1,0,159.34246275823037,200,0.0
Australia,Adelaide,2025 Jun Qtr,all_calls_mean_proxy,48,2.2422033898305083,fixed,200,1,0,159.34246275823037,200,0.0
Australia,Adelaide,2025 Jun Qtr,all_calls_mean_proxy,48,2.2422033898305083,adaptive,200,1,0,159.34246275823037,200,0.0
Australia,Adelaide,2025 Jun Qtr,all_calls_mean_proxy,96,2.2422033898305083,fixed,200,1,0,159.34246275823037,200,0.0
Australia,Adelaide,2025 Jun Qtr,all_calls_mean_proxy,96,2.2422033898305083,adaptive,200,1,0,159.34246275823037,200,0.0
Australia,Adelaide,2025 Jun Qtr,all_calls_mean_proxy,144,2.2422033898305083,fixed,200,1,0,159.34246275823037,200,0.0
Australia,Adelaide,2025 Jun Qtr,all_calls_mean_proxy,144,2.2422033898305083,adaptive,200,1,0,159.34246275823037,200,0.0
Australia,Adelaide,2025 Jun Qtr,anchored_call_mean_stress,0,22.048333333333332,fixed,200,1,1,159.34246275823037,200,44.000000000000014
Australia,Adelaide,2025 Jun Qtr,anchored_call_mean_stress,0,22.048333333333332,adaptive,200,1,1,229.45314637185174,200,44.000000000000014
Australia,Adelaide,2025 Jun Qtr,anchored_call_mean_stress,12,22.048333333333332,fixed,200,1,1,159.34246275823037,200,38.461571974808706
Australia,Adelaide,2025 Jun Qtr,anchored_call_mean_stress,12,22.048333333333332,adaptive,200,1,0,220.6280787584199,200,38.461571974808706
Australia,Adelaide,2025 Jun Qtr,anchored_call_mean_stress,24,22.048333333333332,fixed,200,1,0,159.34246275823037,200,0.0
Australia,Adelaide,2025 Jun Qtr,anchored_call_mean_stress,24,22.048333333333332,adaptive,200,1,0,159.34246275823037,200,0.0
Australia,Adelaide,2025 Jun Qtr,anchored_call_mean_stress,48,22.048333333333332,fixed,200,1,0,159.34246275823037,200,0.0
Australia,Adelaide,2025 Jun Qtr,anchored_call_mean_stress,48,22.048333333333332,adaptive,200,1,0,159.34246275823037,200,0.0
Australia,Adelaide,2025 Jun Qtr,anchored_call_mean_stress,96,22.048333333333332,fixed,200,1,0,159.34246275823037,200,0.0
Australia,Adelaide,2025 Jun Qtr,anchored_call_mean_stress,96,22.048333333333332,adaptive,200,1,0,159.34246275823037,200,0.0
Australia,Adelaide,2025 Jun Qtr,anchored_call_mean_stress,144,22.048333333333332,fixed,200,1,0,159.34246275823037,200,0.0
Australia,Adelaide,2025 Jun Qtr,anchored_call_mean_stress,144,22.048333333333332,adaptive,200,1,0,159.34246275823037,200,0.0
Australia,Fremantle,2023 Mar Qtr,no_anchor_delay,0,0.0,fixed,200,1,0,159.34246275823037,200,0.0
Australia,Fremantle,2023 Mar Qtr,no_anchor_delay,0,0.0,adaptive,200,1,0,159.34246275823037,200,0.0
Australia,Fremantle,2023 Mar Qtr,no_anchor_delay,12,0.0,fixed,200,1,0,159.34246275823037,200,0.0
Australia,Fremantle,2023 Mar Qtr,no_anchor_delay,12,0.0,adaptive,200,1,0,159.34246275823037,200,0.0
Australia,Fremantle,2023 Mar Qtr,no_anchor_delay,24,0.0,fixed,200,1,0,159.34246275823037,200,0.0
Australia,Fremantle,2023 Mar Qtr,no_anchor_delay,24,0.0,adaptive,200,1,0,159.34246275823037,200,0.0
Australia,Fremantle,2023 Mar Qtr,no_anchor_delay,48,0.0,fixed,200,1,0,159.34246275823037,200,0.0
Australia,Fremantle,2023 Mar Qtr,no_anchor_delay,48,0.0,adaptive,200,1,0,159.34246275823037,200,0.0
Australia,Fremantle,2023 Mar Qtr,no_anchor_delay,96,0.0,fixed,200,1,0,159.34246275823037,200,0.0
Australia,Fremantle,2023 Mar Qtr,no_anchor_delay,96,0.0,adaptive,200,1,0,159.34246275823037,200,0.0
Australia,Fremantle,2023 Mar Qtr,no_anchor_delay,144,0.0,fixed,200,1,0,159.34246275823037,200,0.0
Australia,Fremantle,2023 Mar Qtr,no_anchor_delay,144,0.0,adaptive,200,1,0,159.34246275823037,200,0.0
Australia,Fremantle,2023 Mar Qtr,all_calls_mean_proxy,0,4.250499438832771,fixed,200,1,1,159.34246275823037,200,16.508677303991746
Australia,Fremantle,2023 Mar Qtr,all_calls_mean_proxy,0,4.250499438832771,adaptive,200,1,0,185.64779574321986,200,16.508677303991746
Australia,Fremantle,2023 Mar Qtr,all_calls_mean_proxy,12,4.250499438832771,fixed,200,1,0,159.34246275823037,200,0.0
Australia,Fremantle,2023 Mar Qtr,all_calls_mean_proxy,12,4.250499438832771,adaptive,200,1,0,159.34246275823037,200,0.0
Australia,Fremantle,2023 Mar Qtr,all_calls_mean_proxy,24,4.250499438832771,fixed,200,1,0,159.34246275823037,200,0.0
Australia,Fremantle,2023 Mar Qtr,all_calls_mean_proxy,24,4.250499438832771,adaptive,200,1,0,159.34246275823037,200,0.0
Australia,Fremantle,2023 Mar Qtr,all_calls_mean_proxy,48,4.250499438832771,fixed,200,1,0,159.34246275823037,200,0.0
Australia,Fremantle,2023 Mar Qtr,all_calls_mean_proxy,48,4.250499438832771,adaptive,200,1,0,159.34246275823037,200,0.0
Australia,Fremantle,2023 Mar Qtr,all_calls_mean_proxy,96,4.250499438832771,fixed,200,1,0,159.34246275823037,200,0.0
Australia,Fremantle,2023 Mar Qtr,all_calls_mean_proxy,96,4.250499438832771,adaptive,200,1,0,159.34246275823037,200,0.0
Australia,Fremantle,2023 Mar Qtr,all_calls_mean_proxy,144,4.250499438832771,fixed,200,1,0,159.34246275823037,200,0.0
Australia,Fremantle,2023 Mar Qtr,all_calls_mean_proxy,144,4.250499438832771,adaptive,200,1,0,159.34246275823037,200,0.0
Australia,Fremantle,2023 Mar Qtr,anchored_call_mean_stress,0,30.057103174603167,fixed,200,1,1,159.34246275823037,200,44.000000000000014
Australia,Fremantle,2023 Mar Qtr,anchored_call_mean_stress,0,30.057103174603167,adaptive,200,1,1,229.45314637185174,200,44.000000000000014
Australia,Fremantle,2023 Mar Qtr,anchored_call_mean_stress,12,30.057103174603167,fixed,200,1,1,159.34246275823037,200,44.000000000000014
Australia,Fremantle,2023 Mar Qtr,anchored_call_mean_stress,12,30.057103174603167,adaptive,200,1,1,229.45314637185174,200,44.000000000000014
Australia,Fremantle,2023 Mar Qtr,anchored_call_mean_stress,24,30.057103174603167,fixed,200,1,1,159.34246275823037,200,21.978501061142765
Australia,Fremantle,2023 Mar Qtr,anchored_call_mean_stress,24,30.057103174603167,adaptive,200,1,0,194.36354762639905,200,21.978501061142765
Australia,Fremantle,2023 Mar Qtr,anchored_call_mean_stress,48,30.057103174603167,fixed,200,1,0,159.34246275823037,200,0.0
Australia,Fremantle,2023 Mar Qtr,anchored_call_mean_stress,48,30.057103174603167,adaptive,200,1,0,159.34246275823037,200,0.0
Australia,Fremantle,2023 Mar Qtr,anchored_call_mean_stress,96,30.057103174603167,fixed,200,1,0,159.34246275823037,200,0.0
Australia,Fremantle,2023 Mar Qtr,anchored_call_mean_stress,96,30.057103174603167,adaptive,200,1,0,159.34246275823037,200,0.0
Australia,Fremantle,2023 Mar Qtr,anchored_call_mean_stress,144,30.057103174603167,fixed,200,1,0,159.34246275823037,200,0.0
Australia,Fremantle,2023 Mar Qtr,anchored_call_mean_stress,144,30.057103174603167,adaptive,200,1,0,159.34246275823037,200,0.0
Australia,Fremantle,2023 Jun Qtr,no_anchor_delay,0,0.0,fixed,200,1,0,159.34246275823037,200,0.0
Australia,Fremantle,2023 Jun Qtr,no_anchor_delay,0,0.0,adaptive,200,1,0,159.34246275823037,200,0.0
Australia,Fremantle,2023 Jun Qtr,no_anchor_delay,12,0.0,fixed,200,1,0,159.34246275823037,200,0.0
Australia,Fremantle,2023 Jun Qtr,no_anchor_delay,12,0.0,adaptive,200,1,0,159.34246275823037,200,0.0
Australia,Fremantle,2023 Jun Qtr,no_anchor_delay,24,0.0,fixed,200,1,0,159.34246275823037,200,0.0
Australia,Fremantle,2023 Jun Qtr,no_anchor_delay,24,0.0,adaptive,200,1,0,159.34246275823037,200,0.0
Australia,Fremantle,2023 Jun Qtr,no_anchor_delay,48,0.0,fixed,200,1,0,159.34246275823037,200,0.0
Australia,Fremantle,2023 Jun Qtr,no_anchor_delay,48,0.0,adaptive,200,1,0,159.34246275823037,200,0.0
Australia,Fremantle,2023 Jun Qtr,no_anchor_delay,96,0.0,fixed,200,1,0,159.34246275823037,200,0.0
Australia,Fremantle,2023 Jun Qtr,no_anchor_delay,96,0.0,adaptive,200,1,0,159.34246275823037,200,0.0
Australia,Fremantle,2023 Jun Qtr,no_anchor_delay,144,0.0,fixed,200,1,0,159.34246275823037,200,0.0
Australia,Fremantle,2023 Jun Qtr,no_anchor_delay,144,0.0,adaptive,200,1,0,159.34246275823037,200,0.0
Australia,Fremantle,2023 Jun Qtr,all_calls_mean_proxy,0,6.43050114547537,fixed,200,1,1,159.34246275823037,200,21.978501061142765
Australia,Fremantle,2023 Jun Qtr,all_calls_mean_proxy,0,6.43050114547537,adaptive,200,1,0,194.36354762639905,200,21.978501061142765
Australia,Fremantle,2023 Jun Qtr,all_calls_mean_proxy,12,6.43050114547537,fixed,200,1,0,159.34246275823037,200,0.0
Australia,Fremantle,2023 Jun Qtr,all_calls_mean_proxy,12,6.43050114547537,adaptive,200,1,0,159.34246275823037,200,0.0
Australia,Fremantle,2023 Jun Qtr,all_calls_mean_proxy,24,6.43050114547537,fixed,200,1,0,159.34246275823037,200,0.0
Australia,Fremantle,2023 Jun Qtr,all_calls_mean_proxy,24,6.43050114547537,adaptive,200,1,0,159.34246275823037,200,0.0
Australia,Fremantle,2023 Jun Qtr,all_calls_mean_proxy,48,6.43050114547537,fixed,200,1,0,159.34246275823037,200,0.0
Australia,Fremantle,2023 Jun Qtr,all_calls_mean_proxy,48,6.43050114547537,adaptive,200,1,0,159.34246275823037,200,0.0
Australia,Fremantle,2023 Jun Qtr,all_calls_mean_proxy,96,6.43050114547537,fixed,200,1,0,159.34246275823037,200,0.0
Australia,Fremantle,2023 Jun Qtr,all_calls_mean_proxy,96,6.43050114547537,adaptive,200,1,0,159.34246275823037,200,0.0
Australia,Fremantle,2023 Jun Qtr,all_calls_mean_proxy,144,6.43050114547537,fixed,200,1,0,159.34246275823037,200,0.0
Australia,Fremantle,2023 Jun Qtr,all_calls_mean_proxy,144,6.43050114547537,adaptive,200,1,0,159.34246275823037,200,0.0
Australia,Fremantle,2023 Jun Qtr,anchored_call_mean_stress,0,31.187930555555546,fixed,200,1,1,159.34246275823037,200,44.000000000000014
Australia,Fremantle,2023 Jun Qtr,anchored_call_mean_stress,0,31.187930555555546,adaptive,200,1,1,229.45314637185174,200,44.000000000000014
Australia,Fremantle,2023 Jun Qtr,anchored_call_mean_stress,12,31.187930555555546,fixed,200,1,1,159.34246275823037,200,44.000000000000014
Australia,Fremantle,2023 Jun Qtr,anchored_call_mean_stress,12,31.187930555555546,adaptive,200,1,1,229.45314637185174,200,44.000000000000014
Australia,Fremantle,2023 Jun Qtr,anchored_call_mean_stress,24,31.187930555555546,fixed,200,1,1,159.34246275823037,200,27.434265500145226
Australia,Fremantle,2023 Jun Qtr,anchored_call_mean_stress,24,31.187930555555546,adaptive,200,1,0,203.05689704579333,200,27.434265500145226
Australia,Fremantle,2023 Jun Qtr,anchored_call_mean_stress,48,31.187930555555546,fixed,200,1,0,159.34246275823037,200,0.0
Australia,Fremantle,2023 Jun Qtr,anchored_call_mean_stress,48,31.187930555555546,adaptive,200,1,0,159.34246275823037,200,0.0
Australia,Fremantle,2023 Jun Qtr,anchored_call_mean_stress,96,31.187930555555546,fixed,200,1,0,159.34246275823037,200,0.0
Australia,Fremantle,2023 Jun Qtr,anchored_call_mean_stress,96,31.187930555555546,adaptive,200,1,0,159.34246275823037,200,0.0
Australia,Fremantle,2023 Jun Qtr,anchored_call_mean_stress,144,31.187930555555546,fixed,200,1,0,159.34246275823037,200,0.0
Australia,Fremantle,2023 Jun Qtr,anchored_call_mean_stress,144,31.187930555555546,adaptive,200,1,0,159.34246275823037,200,0.0
Australia,Fremantle,2023 Sep Qtr,no_anchor_delay,0,0.0,fixed,200,1,0,159.34246275823037,200,0.0
Australia,Fremantle,2023 Sep Qtr,no_anchor_delay,0,0.0,adaptive,200,1,0,159.34246275823037,200,0.0
Australia,Fremantle,2023 Sep Qtr,no_anchor_delay,12,0.0,fixed,200,1,0,159.34246275823037,200,0.0
Australia,Fremantle,2023 Sep Qtr,no_anchor_delay,12,0.0,adaptive,200,1,0,159.34246275823037,200,0.0
Australia,Fremantle,2023 Sep Qtr,no_anchor_delay,24,0.0,fixed,200,1,0,159.34246275823037,200,0.0
Australia,Fremantle,2023 Sep Qtr,no_anchor_delay,24,0.0,adaptive,200,1,0,159.34246275823037,200,0.0
Australia,Fremantle,2023 Sep Qtr,no_anchor_delay,48,0.0,fixed,200,1,0,159.34246275823037,200,0.0
Australia,Fremantle,2023 Sep Qtr,no_anchor_delay,48,0.0,adaptive,200,1,0,159.34246275823037,200,0.0
Australia,Fremantle,2023 Sep Qtr,no_anchor_delay,96,0.0,fixed,200,1,0,159.34246275823037,200,0.0
Australia,Fremantle,2023 Sep Qtr,no_anchor_delay,96,0.0,adaptive,200,1,0,159.34246275823037,200,0.0
Australia,Fremantle,2023 Sep Qtr,no_anchor_delay,144,0.0,fixed,200,1,0,159.34246275823037,200,0.0
Australia,Fremantle,2023 Sep Qtr,no_anchor_delay,144,0.0,adaptive,200,1,0,159.34246275823037,200,0.0
Australia,Fremantle,2023 Sep Qtr,all_calls_mean_proxy,0,4.890145631067962,fixed,200,1,1,159.34246275823037,200,16.508677303991746
Australia,Fremantle,2023 Sep Qtr,all_calls_mean_proxy,0,4.890145631067962,adaptive,200,1,0,185.64779574321986,200,16.508677303991746
Australia,Fremantle,2023 Sep Qtr,all_calls_mean_proxy,12,4.890145631067962,fixed,200,1,0,159.34246275823037,200,0.0
Australia,Fremantle,2023 Sep Qtr,all_calls_mean_proxy,12,4.890145631067962,adaptive,200,1,0,159.34246275823037,200,0.0
Australia,Fremantle,2023 Sep Qtr,all_calls_mean_proxy,24,4.890145631067962,fixed,200,1,0,159.34246275823037,200,0.0
Australia,Fremantle,2023 Sep Qtr,all_calls_mean_proxy,24,4.890145631067962,adaptive,200,1,0,159.34246275823037,200,0.0
Australia,Fremantle,2023 Sep Qtr,all_calls_mean_proxy,48,4.890145631067962,fixed,200,1,0,159.34246275823037,200,0.0
Australia,Fremantle,2023 Sep Qtr,all_calls_mean_proxy,48,4.890145631067962,adaptive,200,1,0,159.34246275823037,200,0.0
Australia,Fremantle,2023 Sep Qtr,all_calls_mean_proxy,96,4.890145631067962,fixed,200,1,0,159.34246275823037,200,0.0
Australia,Fremantle,2023 Sep Qtr,all_calls_mean_proxy,96,4.890145631067962,adaptive,200,1,0,159.34246275823037,200,0.0
Australia,Fremantle,2023 Sep Qtr,all_calls_mean_proxy,144,4.890145631067962,fixed,200,1,0,159.34246275823037,200,0.0
Australia,Fremantle,2023 Sep Qtr,all_calls_mean_proxy,144,4.890145631067962,adaptive,200,1,0,159.34246275823037,200,0.0
Australia,Fremantle,2023 Sep Qtr,anchored_call_mean_stress,0,25.184250000000006,fixed,200,1,1,159.34246275823037,200,44.000000000000014
Australia,Fremantle,2023 Sep Qtr,anchored_call_mean_stress,0,25.184250000000006,adaptive,200,1,1,229.45314637185174,200,44.000000000000014
Australia,Fremantle,2023 Sep Qtr,anchored_call_mean_stress,12,25.184250000000006,fixed,200,1,1,159.34246275823037,200,44.000000000000014
Australia,Fremantle,2023 Sep Qtr,anchored_call_mean_stress,12,25.184250000000006,adaptive,200,1,0,229.45314637185174,200,44.000000000000014
Australia,Fremantle,2023 Sep Qtr,anchored_call_mean_stress,24,25.184250000000006,fixed,200,1,1,159.34246275823037,200,5.527592523054503
Australia,Fremantle,2023 Sep Qtr,anchored_call_mean_stress,24,25.184250000000006,adaptive,200,1,0,168.1502648157052,200,5.527592523054503
Australia,Fremantle,2023 Sep Qtr,anchored_call_mean_stress,48,25.184250000000006,fixed,200,1,0,159.34246275823037,200,0.0
Australia,Fremantle,2023 Sep Qtr,anchored_call_mean_stress,48,25.184250000000006,adaptive,200,1,0,159.34246275823037,200,0.0
Australia,Fremantle,2023 Sep Qtr,anchored_call_mean_stress,96,25.184250000000006,fixed,200,1,0,159.34246275823037,200,0.0
Australia,Fremantle,2023 Sep Qtr,anchored_call_mean_stress,96,25.184250000000006,adaptive,200,1,0,159.34246275823037,200,0.0
Australia,Fremantle,2023 Sep Qtr,anchored_call_mean_stress,144,25.184250000000006,fixed,200,1,0,159.34246275823037,200,0.0
Australia,Fremantle,2023 Sep Qtr,anchored_call_mean_stress,144,25.184250000000006,adaptive,200,1,0,159.34246275823037,200,0.0
Australia,Fremantle,2023 Dec Qtr,no_anchor_delay,0,0.0,fixed,200,1,0,159.34246275823037,200,0.0
Australia,Fremantle,2023 Dec Qtr,no_anchor_delay,0,0.0,adaptive,200,1,0,159.34246275823037,200,0.0
Australia,Fremantle,2023 Dec Qtr,no_anchor_delay,12,0.0,fixed,200,1,0,159.34246275823037,200,0.0
Australia,Fremantle,2023 Dec Qtr,no_anchor_delay,12,0.0,adaptive,200,1,0,159.34246275823037,200,0.0
Australia,Fremantle,2023 Dec Qtr,no_anchor_delay,24,0.0,fixed,200,1,0,159.34246275823037,200,0.0
Australia,Fremantle,2023 Dec Qtr,no_anchor_delay,24,0.0,adaptive,200,1,0,159.34246275823037,200,0.0
Australia,Fremantle,2023 Dec Qtr,no_anchor_delay,48,0.0,fixed,200,1,0,159.34246275823037,200,0.0
Australia,Fremantle,2023 Dec Qtr,no_anchor_delay,48,0.0,adaptive,200,1,0,159.34246275823037,200,0.0
Australia,Fremantle,2023 Dec Qtr,no_anchor_delay,96,0.0,fixed,200,1,0,159.34246275823037,200,0.0
Australia,Fremantle,2023 Dec Qtr,no_anchor_delay,96,0.0,adaptive,200,1,0,159.34246275823037,200,0.0
Australia,Fremantle,2023 Dec Qtr,no_anchor_delay,144,0.0,fixed,200,1,0,159.34246275823037,200,0.0
Australia,Fremantle,2023 Dec Qtr,no_anchor_delay,144,0.0,adaptive,200,1,0,159.34246275823037,200,0.0
Australia,Fremantle,2023 Dec Qtr,all_calls_mean_proxy,0,19.88771392081736,fixed,200,1,1,159.34246275823037,200,44.000000000000014
Australia,Fremantle,2023 Dec Qtr,all_calls_mean_proxy,0,19.88771392081736,adaptive,200,1,1,229.45314637185174,200,44.000000000000014
Australia,Fremantle,2023 Dec Qtr,all_calls_mean_proxy,12,19.88771392081736,fixed,200,1,1,159.34246275823037,200,27.434265500145226
Australia,Fremantle,2023 Dec Qtr,all_calls_mean_proxy,12,19.88771392081736,adaptive,200,1,0,203.05689704579333,200,27.434265500145226
Australia,Fremantle,2023 Dec Qtr,all_calls_mean_proxy,24,19.88771392081736,fixed,200,1,0,159.34246275823037,200,0.0
Australia,Fremantle,2023 Dec Qtr,all_calls_mean_proxy,24,19.88771392081736,adaptive,200,1,0,159.34246275823037,200,0.0
Australia,Fremantle,2023 Dec Qtr,all_calls_mean_proxy,48,19.88771392081736,fixed,200,1,0,159.34246275823037,200,0.0
Australia,Fremantle,2023 Dec Qtr,all_calls_mean_proxy,48,19.88771392081736,adaptive,200,1,0,159.34246275823037,200,0.0
Australia,Fremantle,2023 Dec Qtr,all_calls_mean_proxy,96,19.88771392081736,fixed,200,1,0,159.34246275823037,200,0.0
Australia,Fremantle,2023 Dec Qtr,all_calls_mean_proxy,96,19.88771392081736,adaptive,200,1,0,159.34246275823037,200,0.0
Australia,Fremantle,2023 Dec Qtr,all_calls_mean_proxy,144,19.88771392081736,fixed,200,1,0,159.34246275823037,200,0.0
Australia,Fremantle,2023 Dec Qtr,all_calls_mean_proxy,144,19.88771392081736,adaptive,200,1,0,159.34246275823037,200,0.0
Australia,Fremantle,2023 Dec Qtr,anchored_call_mean_stress,0,59.6631417624521,fixed,200,1,1,159.34246275823037,200,44.000000000000014
Australia,Fremantle,2023 Dec Qtr,anchored_call_mean_stress,0,59.6631417624521,adaptive,200,1,1,229.45314637185174,200,44.000000000000014
Australia,Fremantle,2023 Dec Qtr,anchored_call_mean_stress,12,59.6631417624521,fixed,200,1,1,159.34246275823037,200,44.000000000000014
Australia,Fremantle,2023 Dec Qtr,anchored_call_mean_stress,12,59.6631417624521,adaptive,200,1,1,229.45314637185174,200,44.000000000000014
Australia,Fremantle,2023 Dec Qtr,anchored_call_mean_stress,24,59.6631417624521,fixed,200,1,1,159.34246275823037,200,44.000000000000014
Australia,Fremantle,2023 Dec Qtr,anchored_call_mean_stress,24,59.6631417624521,adaptive,200,1,1,229.45314637185174,200,44.000000000000014
Australia,Fremantle,2023 Dec Qtr,anchored_call_mean_stress,48,59.6631417624521,fixed,200,1,1,159.34246275823037,200,38.461571974808706
Australia,Fremantle,2023 Dec Qtr,anchored_call_mean_stress,48,59.6631417624521,adaptive,200,1,0,220.6280787584199,200,38.461571974808706
Australia,Fremantle,2023 Dec Qtr,anchored_call_mean_stress,96,59.6631417624521,fixed,200,1,0,159.34246275823037,200,0.0
Australia,Fremantle,2023 Dec Qtr,anchored_call_mean_stress,96,59.6631417624521,adaptive,200,1,0,159.34246275823037,200,0.0
Australia,Fremantle,2023 Dec Qtr,anchored_call_mean_stress,144,59.6631417624521,fixed,200,1,0,159.34246275823037,200,0.0
Australia,Fremantle,2023 Dec Qtr,anchored_call_mean_stress,144,59.6631417624521,adaptive,200,1,0,159.34246275823037,200,0.0
Australia,Fremantle,2024 Mar Qtr,no_anchor_delay,0,0.0,fixed,200,1,0,159.34246275823037,200,0.0
Australia,Fremantle,2024 Mar Qtr,no_anchor_delay,0,0.0,adaptive,200,1,0,159.34246275823037,200,0.0
Australia,Fremantle,2024 Mar Qtr,no_anchor_delay,12,0.0,fixed,200,1,0,159.34246275823037,200,0.0
Australia,Fremantle,2024 Mar Qtr,no_anchor_delay,12,0.0,adaptive,200,1,0,159.34246275823037,200,0.0
Australia,Fremantle,2024 Mar Qtr,no_anchor_delay,24,0.0,fixed,200,1,0,159.34246275823037,200,0.0
Australia,Fremantle,2024 Mar Qtr,no_anchor_delay,24,0.0,adaptive,200,1,0,159.34246275823037,200,0.0
Australia,Fremantle,2024 Mar Qtr,no_anchor_delay,48,0.0,fixed,200,1,0,159.34246275823037,200,0.0
Australia,Fremantle,2024 Mar Qtr,no_anchor_delay,48,0.0,adaptive,200,1,0,159.34246275823037,200,0.0
Australia,Fremantle,2024 Mar Qtr,no_anchor_delay,96,0.0,fixed,200,1,0,159.34246275823037,200,0.0
Australia,Fremantle,2024 Mar Qtr,no_anchor_delay,96,0.0,adaptive,200,1,0,159.34246275823037,200,0.0
Australia,Fremantle,2024 Mar Qtr,no_anchor_delay,144,0.0,fixed,200,1,0,159.34246275823037,200,0.0
Australia,Fremantle,2024 Mar Qtr,no_anchor_delay,144,0.0,adaptive,200,1,0,159.34246275823037,200,0.0
Australia,Fremantle,2024 Mar Qtr,all_calls_mean_proxy,0,8.415757275132275,fixed,200,1,1,159.34246275823037,200,32.907236992619325
Australia,Fremantle,2024 Mar Qtr,all_calls_mean_proxy,0,8.415757275132275,adaptive,200,1,0,211.77766460795743,200,32.907236992619325
Australia,Fremantle,2024 Mar Qtr,all_calls_mean_proxy,12,8.415757275132275,fixed,200,1,0,159.34246275823037,200,0.0
Australia,Fremantle,2024 Mar Qtr,all_calls_mean_proxy,12,8.415757275132275,adaptive,200,1,0,159.34246275823037,200,0.0
Australia,Fremantle,2024 Mar Qtr,all_calls_mean_proxy,24,8.415757275132275,fixed,200,1,0,159.34246275823037,200,0.0
Australia,Fremantle,2024 Mar Qtr,all_calls_mean_proxy,24,8.415757275132275,adaptive,200,1,0,159.34246275823037,200,0.0
Australia,Fremantle,2024 Mar Qtr,all_calls_mean_proxy,48,8.415757275132275,fixed,200,1,0,159.34246275823037,200,0.0
Australia,Fremantle,2024 Mar Qtr,all_calls_mean_proxy,48,8.415757275132275,adaptive,200,1,0,159.34246275823037,200,0.0
Australia,Fremantle,2024 Mar Qtr,all_calls_mean_proxy,96,8.415757275132275,fixed,200,1,0,159.34246275823037,200,0.0
Australia,Fremantle,2024 Mar Qtr,all_calls_mean_proxy,96,8.415757275132275,adaptive,200,1,0,159.34246275823037,200,0.0
Australia,Fremantle,2024 Mar Qtr,all_calls_mean_proxy,144,8.415757275132275,fixed,200,1,0,159.34246275823037,200,0.0
Australia,Fremantle,2024 Mar Qtr,all_calls_mean_proxy,144,8.415757275132275,adaptive,200,1,0,159.34246275823037,200,0.0
Australia,Fremantle,2024 Mar Qtr,anchored_call_mean_stress,0,32.13289141414141,fixed,200,1,1,159.34246275823037,200,44.000000000000014
Australia,Fremantle,2024 Mar Qtr,anchored_call_mean_stress,0,32.13289141414141,adaptive,200,1,1,229.45314637185174,200,44.000000000000014
Australia,Fremantle,2024 Mar Qtr,anchored_call_mean_stress,12,32.13289141414141,fixed,200,1,1,159.34246275823037,200,44.000000000000014
Australia,Fremantle,2024 Mar Qtr,anchored_call_mean_stress,12,32.13289141414141,adaptive,200,1,1,229.45314637185174,200,44.000000000000014
Australia,Fremantle,2024 Mar Qtr,anchored_call_mean_stress,24,32.13289141414141,fixed,200,1,1,159.34246275823037,200,27.434265500145226
Australia,Fremantle,2024 Mar Qtr,anchored_call_mean_stress,24,32.13289141414141,adaptive,200,1,0,203.05689704579333,200,27.434265500145226
Australia,Fremantle,2024 Mar Qtr,anchored_call_mean_stress,48,32.13289141414141,fixed,200,1,0,159.34246275823037,200,0.0
Australia,Fremantle,2024 Mar Qtr,anchored_call_mean_stress,48,32.13289141414141,adaptive,200,1,0,159.34246275823037,200,0.0
Australia,Fremantle,2024 Mar Qtr,anchored_call_mean_stress,96,32.13289141414141,fixed,200,1,0,159.34246275823037,200,0.0
Australia,Fremantle,2024 Mar Qtr,anchored_call_mean_stress,96,32.13289141414141,adaptive,200,1,0,159.34246275823037,200,0.0
Australia,Fremantle,2024 Mar Qtr,anchored_call_mean_stress,144,32.13289141414141,fixed,200,1,0,159.34246275823037,200,0.0
Australia,Fremantle,2024 Mar Qtr,anchored_call_mean_stress,144,32.13289141414141,adaptive,200,1,0,159.34246275823037,200,0.0
Australia,Fremantle,2024 Jun Qtr,no_anchor_delay,0,0.0,fixed,200,1,0,159.34246275823037,200,0.0
Australia,Fremantle,2024 Jun Qtr,no_anchor_delay,0,0.0,adaptive,200,1,0,159.34246275823037,200,0.0
Australia,Fremantle,2024 Jun Qtr,no_anchor_delay,12,0.0,fixed,200,1,0,159.34246275823037,200,0.0
Australia,Fremantle,2024 Jun Qtr,no_anchor_delay,12,0.0,adaptive,200,1,0,159.34246275823037,200,0.0
Australia,Fremantle,2024 Jun Qtr,no_anchor_delay,24,0.0,fixed,200,1,0,159.34246275823037,200,0.0
Australia,Fremantle,2024 Jun Qtr,no_anchor_delay,24,0.0,adaptive,200,1,0,159.34246275823037,200,0.0
Australia,Fremantle,2024 Jun Qtr,no_anchor_delay,48,0.0,fixed,200,1,0,159.34246275823037,200,0.0
Australia,Fremantle,2024 Jun Qtr,no_anchor_delay,48,0.0,adaptive,200,1,0,159.34246275823037,200,0.0
Australia,Fremantle,2024 Jun Qtr,no_anchor_delay,96,0.0,fixed,200,1,0,159.34246275823037,200,0.0
Australia,Fremantle,2024 Jun Qtr,no_anchor_delay,96,0.0,adaptive,200,1,0,159.34246275823037,200,0.0
Australia,Fremantle,2024 Jun Qtr,no_anchor_delay,144,0.0,fixed,200,1,0,159.34246275823037,200,0.0
Australia,Fremantle,2024 Jun Qtr,no_anchor_delay,144,0.0,adaptive,200,1,0,159.34246275823037,200,0.0
Australia,Fremantle,2024 Jun Qtr,all_calls_mean_proxy,0,8.287668038408775,fixed,200,1,1,159.34246275823037,200,27.434265500145226
Australia,Fremantle,2024 Jun Qtr,all_calls_mean_proxy,0,8.287668038408775,adaptive,200,1,0,203.05689704579333,200,27.434265500145226
Australia,Fremantle,2024 Jun Qtr,all_calls_mean_proxy,12,8.287668038408775,fixed,200,1,0,159.34246275823037,200,0.0
Australia,Fremantle,2024 Jun Qtr,all_calls_mean_proxy,12,8.287668038408775,adaptive,200,1,0,159.34246275823037,200,0.0
Australia,Fremantle,2024 Jun Qtr,all_calls_mean_proxy,24,8.287668038408775,fixed,200,1,0,159.34246275823037,200,0.0
Australia,Fremantle,2024 Jun Qtr,all_calls_mean_proxy,24,8.287668038408775,adaptive,200,1,0,159.34246275823037,200,0.0
Australia,Fremantle,2024 Jun Qtr,all_calls_mean_proxy,48,8.287668038408775,fixed,200,1,0,159.34246275823037,200,0.0
Australia,Fremantle,2024 Jun Qtr,all_calls_mean_proxy,48,8.287668038408775,adaptive,200,1,0,159.34246275823037,200,0.0
Australia,Fremantle,2024 Jun Qtr,all_calls_mean_proxy,96,8.287668038408775,fixed,200,1,0,159.34246275823037,200,0.0
Australia,Fremantle,2024 Jun Qtr,all_calls_mean_proxy,96,8.287668038408775,adaptive,200,1,0,159.34246275823037,200,0.0
Australia,Fremantle,2024 Jun Qtr,all_calls_mean_proxy,144,8.287668038408775,fixed,200,1,0,159.34246275823037,200,0.0
Australia,Fremantle,2024 Jun Qtr,all_calls_mean_proxy,144,8.287668038408775,adaptive,200,1,0,159.34246275823037,200,0.0
Australia,Fremantle,2024 Jun Qtr,anchored_call_mean_stress,0,23.1483141762452,fixed,200,1,1,159.34246275823037,200,44.000000000000014
Australia,Fremantle,2024 Jun Qtr,anchored_call_mean_stress,0,23.1483141762452,adaptive,200,1,1,229.45314637185174,200,44.000000000000014
Australia,Fremantle,2024 Jun Qtr,anchored_call_mean_stress,12,23.1483141762452,fixed,200,1,1,159.34246275823037,200,38.461571974808706
Australia,Fremantle,2024 Jun Qtr,anchored_call_mean_stress,12,23.1483141762452,adaptive,200,1,0,220.6280787584199,200,38.461571974808706
Australia,Fremantle,2024 Jun Qtr,anchored_call_mean_stress,24,23.1483141762452,fixed,200,1,0,159.34246275823037,200,0.0
Australia,Fremantle,2024 Jun Qtr,anchored_call_mean_stress,24,23.1483141762452,adaptive,200,1,0,159.34246275823037,200,0.0
Australia,Fremantle,2024 Jun Qtr,anchored_call_mean_stress,48,23.1483141762452,fixed,200,1,0,159.34246275823037,200,0.0
Australia,Fremantle,2024 Jun Qtr,anchored_call_mean_stress,48,23.1483141762452,adaptive,200,1,0,159.34246275823037,200,0.0
Australia,Fremantle,2024 Jun Qtr,anchored_call_mean_stress,96,23.1483141762452,fixed,200,1,0,159.34246275823037,200,0.0
Australia,Fremantle,2024 Jun Qtr,anchored_call_mean_stress,96,23.1483141762452,adaptive,200,1,0,159.34246275823037,200,0.0
Australia,Fremantle,2024 Jun Qtr,anchored_call_mean_stress,144,23.1483141762452,fixed,200,1,0,159.34246275823037,200,0.0
Australia,Fremantle,2024 Jun Qtr,anchored_call_mean_stress,144,23.1483141762452,adaptive,200,1,0,159.34246275823037,200,0.0
Australia,Fremantle,2024 Sep Qtr,no_anchor_delay,0,0.0,fixed,200,1,0,159.34246275823037,200,0.0
Australia,Fremantle,2024 Sep Qtr,no_anchor_delay,0,0.0,adaptive,200,1,0,159.34246275823037,200,0.0
Australia,Fremantle,2024 Sep Qtr,no_anchor_delay,12,0.0,fixed,200,1,0,159.34246275823037,200,0.0
Australia,Fremantle,2024 Sep Qtr,no_anchor_delay,12,0.0,adaptive,200,1,0,159.34246275823037,200,0.0
Australia,Fremantle,2024 Sep Qtr,no_anchor_delay,24,0.0,fixed,200,1,0,159.34246275823037,200,0.0
Australia,Fremantle,2024 Sep Qtr,no_anchor_delay,24,0.0,adaptive,200,1,0,159.34246275823037,200,0.0
Australia,Fremantle,2024 Sep Qtr,no_anchor_delay,48,0.0,fixed,200,1,0,159.34246275823037,200,0.0
Australia,Fremantle,2024 Sep Qtr,no_anchor_delay,48,0.0,adaptive,200,1,0,159.34246275823037,200,0.0
Australia,Fremantle,2024 Sep Qtr,no_anchor_delay,96,0.0,fixed,200,1,0,159.34246275823037,200,0.0
Australia,Fremantle,2024 Sep Qtr,no_anchor_delay,96,0.0,adaptive,200,1,0,159.34246275823037,200,0.0
Australia,Fremantle,2024 Sep Qtr,no_anchor_delay,144,0.0,fixed,200,1,0,159.34246275823037,200,0.0
Australia,Fremantle,2024 Sep Qtr,no_anchor_delay,144,0.0,adaptive,200,1,0,159.34246275823037,200,0.0
Australia,Fremantle,2024 Sep Qtr,all_calls_mean_proxy,0,5.430938438438439,fixed,200,1,1,159.34246275823037,200,21.978501061142765
Australia,Fremantle,2024 Sep Qtr,all_calls_mean_proxy,0,5.430938438438439,adaptive,200,1,0,194.36354762639905,200,21.978501061142765
Australia,Fremantle,2024 Sep Qtr,all_calls_mean_proxy,12,5.430938438438439,fixed,200,1,0,159.34246275823037,200,0.0
Australia,Fremantle,2024 Sep Qtr,all_calls_mean_proxy,12,5.430938438438439,adaptive,200,1,0,159.34246275823037,200,0.0
Australia,Fremantle,2024 Sep Qtr,all_calls_mean_proxy,24,5.430938438438439,fixed,200,1,0,159.34246275823037,200,0.0
Australia,Fremantle,2024 Sep Qtr,all_calls_mean_proxy,24,5.430938438438439,adaptive,200,1,0,159.34246275823037,200,0.0
Australia,Fremantle,2024 Sep Qtr,all_calls_mean_proxy,48,5.430938438438439,fixed,200,1,0,159.34246275823037,200,0.0
Australia,Fremantle,2024 Sep Qtr,all_calls_mean_proxy,48,5.430938438438439,adaptive,200,1,0,159.34246275823037,200,0.0
Australia,Fremantle,2024 Sep Qtr,all_calls_mean_proxy,96,5.430938438438439,fixed,200,1,0,159.34246275823037,200,0.0
Australia,Fremantle,2024 Sep Qtr,all_calls_mean_proxy,96,5.430938438438439,adaptive,200,1,0,159.34246275823037,200,0.0
Australia,Fremantle,2024 Sep Qtr,all_calls_mean_proxy,144,5.430938438438439,fixed,200,1,0,159.34246275823037,200,0.0
Australia,Fremantle,2024 Sep Qtr,all_calls_mean_proxy,144,5.430938438438439,adaptive,200,1,0,159.34246275823037,200,0.0
Australia,Fremantle,2024 Sep Qtr,anchored_call_mean_stress,0,21.152076023391814,fixed,200,1,1,159.34246275823037,200,44.000000000000014
Australia,Fremantle,2024 Sep Qtr,anchored_call_mean_stress,0,21.152076023391814,adaptive,200,1,1,229.45314637185174,200,44.000000000000014
Australia,Fremantle,2024 Sep Qtr,anchored_call_mean_stress,12,21.152076023391814,fixed,200,1,1,159.34246275823037,200,32.907236992619325
Australia,Fremantle,2024 Sep Qtr,anchored_call_mean_stress,12,21.152076023391814,adaptive,200,1,0,211.77766460795743,200,32.907236992619325
Australia,Fremantle,2024 Sep Qtr,anchored_call_mean_stress,24,21.152076023391814,fixed,200,1,0,159.34246275823037,200,0.0
Australia,Fremantle,2024 Sep Qtr,anchored_call_mean_stress,24,21.152076023391814,adaptive,200,1,0,159.34246275823037,200,0.0
Australia,Fremantle,2024 Sep Qtr,anchored_call_mean_stress,48,21.152076023391814,fixed,200,1,0,159.34246275823037,200,0.0
Australia,Fremantle,2024 Sep Qtr,anchored_call_mean_stress,48,21.152076023391814,adaptive,200,1,0,159.34246275823037,200,0.0
Australia,Fremantle,2024 Sep Qtr,anchored_call_mean_stress,96,21.152076023391814,fixed,200,1,0,159.34246275823037,200,0.0
Australia,Fremantle,2024 Sep Qtr,anchored_call_mean_stress,96,21.152076023391814,adaptive,200,1,0,159.34246275823037,200,0.0
Australia,Fremantle,2024 Sep Qtr,anchored_call_mean_stress,144,21.152076023391814,fixed,200,1,0,159.34246275823037,200,0.0
Australia,Fremantle,2024 Sep Qtr,anchored_call_mean_stress,144,21.152076023391814,adaptive,200,1,0,159.34246275823037,200,0.0
Australia,Fremantle,2024 Dec Qtr,no_anchor_delay,0,0.0,fixed,200,1,0,159.34246275823037,200,0.0
Australia,Fremantle,2024 Dec Qtr,no_anchor_delay,0,0.0,adaptive,200,1,0,159.34246275823037,200,0.0
Australia,Fremantle,2024 Dec Qtr,no_anchor_delay,12,0.0,fixed,200,1,0,159.34246275823037,200,0.0
Australia,Fremantle,2024 Dec Qtr,no_anchor_delay,12,0.0,adaptive,200,1,0,159.34246275823037,200,0.0
Australia,Fremantle,2024 Dec Qtr,no_anchor_delay,24,0.0,fixed,200,1,0,159.34246275823037,200,0.0
Australia,Fremantle,2024 Dec Qtr,no_anchor_delay,24,0.0,adaptive,200,1,0,159.34246275823037,200,0.0
Australia,Fremantle,2024 Dec Qtr,no_anchor_delay,48,0.0,fixed,200,1,0,159.34246275823037,200,0.0
Australia,Fremantle,2024 Dec Qtr,no_anchor_delay,48,0.0,adaptive,200,1,0,159.34246275823037,200,0.0
Australia,Fremantle,2024 Dec Qtr,no_anchor_delay,96,0.0,fixed,200,1,0,159.34246275823037,200,0.0
Australia,Fremantle,2024 Dec Qtr,no_anchor_delay,96,0.0,adaptive,200,1,0,159.34246275823037,200,0.0
Australia,Fremantle,2024 Dec Qtr,no_anchor_delay,144,0.0,fixed,200,1,0,159.34246275823037,200,0.0
Australia,Fremantle,2024 Dec Qtr,no_anchor_delay,144,0.0,adaptive,200,1,0,159.34246275823037,200,0.0
Australia,Fremantle,2024 Dec Qtr,all_calls_mean_proxy,0,8.03694128787879,fixed,200,1,1,159.34246275823037,200,27.434265500145226
Australia,Fremantle,2024 Dec Qtr,all_calls_mean_proxy,0,8.03694128787879,adaptive,200,1,0,203.05689704579333,200,27.434265500145226
Australia,Fremantle,2024 Dec Qtr,all_calls_mean_proxy,12,8.03694128787879,fixed,200,1,0,159.34246275823037,200,0.0
Australia,Fremantle,2024 Dec Qtr,all_calls_mean_proxy,12,8.03694128787879,adaptive,200,1,0,159.34246275823037,200,0.0
Australia,Fremantle,2024 Dec Qtr,all_calls_mean_proxy,24,8.03694128787879,fixed,200,1,0,159.34246275823037,200,0.0
Australia,Fremantle,2024 Dec Qtr,all_calls_mean_proxy,24,8.03694128787879,adaptive,200,1,0,159.34246275823037,200,0.0
Australia,Fremantle,2024 Dec Qtr,all_calls_mean_proxy,48,8.03694128787879,fixed,200,1,0,159.34246275823037,200,0.0
Australia,Fremantle,2024 Dec Qtr,all_calls_mean_proxy,48,8.03694128787879,adaptive,200,1,0,159.34246275823037,200,0.0
Australia,Fremantle,2024 Dec Qtr,all_calls_mean_proxy,96,8.03694128787879,fixed,200,1,0,159.34246275823037,200,0.0
Australia,Fremantle,2024 Dec Qtr,all_calls_mean_proxy,96,8.03694128787879,adaptive,200,1,0,159.34246275823037,200,0.0
Australia,Fremantle,2024 Dec Qtr,all_calls_mean_proxy,144,8.03694128787879,fixed,200,1,0,159.34246275823037,200,0.0
Australia,Fremantle,2024 Dec Qtr,all_calls_mean_proxy,144,8.03694128787879,adaptive,200,1,0,159.34246275823037,200,0.0
Australia,Fremantle,2024 Dec Qtr,anchored_call_mean_stress,0,32.14776515151516,fixed,200,1,1,159.34246275823037,200,44.000000000000014
Australia,Fremantle,2024 Dec Qtr,anchored_call_mean_stress,0,32.14776515151516,adaptive,200,1,1,229.45314637185174,200,44.000000000000014
Australia,Fremantle,2024 Dec Qtr,anchored_call_mean_stress,12,32.14776515151516,fixed,200,1,1,159.34246275823037,200,44.000000000000014
Australia,Fremantle,2024 Dec Qtr,anchored_call_mean_stress,12,32.14776515151516,adaptive,200,1,1,229.45314637185174,200,44.000000000000014
Australia,Fremantle,2024 Dec Qtr,anchored_call_mean_stress,24,32.14776515151516,fixed,200,1,1,159.34246275823037,200,27.434265500145226
Australia,Fremantle,2024 Dec Qtr,anchored_call_mean_stress,24,32.14776515151516,adaptive,200,1,0,203.05689704579333,200,27.434265500145226
Australia,Fremantle,2024 Dec Qtr,anchored_call_mean_stress,48,32.14776515151516,fixed,200,1,0,159.34246275823037,200,0.0
Australia,Fremantle,2024 Dec Qtr,anchored_call_mean_stress,48,32.14776515151516,adaptive,200,1,0,159.34246275823037,200,0.0
Australia,Fremantle,2024 Dec Qtr,anchored_call_mean_stress,96,32.14776515151516,fixed,200,1,0,159.34246275823037,200,0.0
Australia,Fremantle,2024 Dec Qtr,anchored_call_mean_stress,96,32.14776515151516,adaptive,200,1,0,159.34246275823037,200,0.0
Australia,Fremantle,2024 Dec Qtr,anchored_call_mean_stress,144,32.14776515151516,fixed,200,1,0,159.34246275823037,200,0.0
Australia,Fremantle,2024 Dec Qtr,anchored_call_mean_stress,144,32.14776515151516,adaptive,200,1,0,159.34246275823037,200,0.0
Australia,Fremantle,2025 Mar Qtr,no_anchor_delay,0,0.0,fixed,200,1,0,159.34246275823037,200,0.0
Australia,Fremantle,2025 Mar Qtr,no_anchor_delay,0,0.0,adaptive,200,1,0,159.34246275823037,200,0.0
Australia,Fremantle,2025 Mar Qtr,no_anchor_delay,12,0.0,fixed,200,1,0,159.34246275823037,200,0.0
Australia,Fremantle,2025 Mar Qtr,no_anchor_delay,12,0.0,adaptive,200,1,0,159.34246275823037,200,0.0
Australia,Fremantle,2025 Mar Qtr,no_anchor_delay,24,0.0,fixed,200,1,0,159.34246275823037,200,0.0
Australia,Fremantle,2025 Mar Qtr,no_anchor_delay,24,0.0,adaptive,200,1,0,159.34246275823037,200,0.0
Australia,Fremantle,2025 Mar Qtr,no_anchor_delay,48,0.0,fixed,200,1,0,159.34246275823037,200,0.0
Australia,Fremantle,2025 Mar Qtr,no_anchor_delay,48,0.0,adaptive,200,1,0,159.34246275823037,200,0.0
Australia,Fremantle,2025 Mar Qtr,no_anchor_delay,96,0.0,fixed,200,1,0,159.34246275823037,200,0.0
Australia,Fremantle,2025 Mar Qtr,no_anchor_delay,96,0.0,adaptive,200,1,0,159.34246275823037,200,0.0
Australia,Fremantle,2025 Mar Qtr,no_anchor_delay,144,0.0,fixed,200,1,0,159.34246275823037,200,0.0
Australia,Fremantle,2025 Mar Qtr,no_anchor_delay,144,0.0,adaptive,200,1,0,159.34246275823037,200,0.0
Australia,Fremantle,2025 Mar Qtr,all_calls_mean_proxy,0,7.012803030303025,fixed,200,1,1,159.34246275823037,200,27.434265500145226
Australia,Fremantle,2025 Mar Qtr,all_calls_mean_proxy,0,7.012803030303025,adaptive,200,1,0,203.05689704579333,200,27.434265500145226
Australia,Fremantle,2025 Mar Qtr,all_calls_mean_proxy,12,7.012803030303025,fixed,200,1,0,159.34246275823037,200,0.0
Australia,Fremantle,2025 Mar Qtr,all_calls_mean_proxy,12,7.012803030303025,adaptive,200,1,0,159.34246275823037,200,0.0
Australia,Fremantle,2025 Mar Qtr,all_calls_mean_proxy,24,7.012803030303025,fixed,200,1,0,159.34246275823037,200,0.0
Australia,Fremantle,2025 Mar Qtr,all_calls_mean_proxy,24,7.012803030303025,adaptive,200,1,0,159.34246275823037,200,0.0
Australia,Fremantle,2025 Mar Qtr,all_calls_mean_proxy,48,7.012803030303025,fixed,200,1,0,159.34246275823037,200,0.0
Australia,Fremantle,2025 Mar Qtr,all_calls_mean_proxy,48,7.012803030303025,adaptive,200,1,0,159.34246275823037,200,0.0
Australia,Fremantle,2025 Mar Qtr,all_calls_mean_proxy,96,7.012803030303025,fixed,200,1,0,159.34246275823037,200,0.0
Australia,Fremantle,2025 Mar Qtr,all_calls_mean_proxy,96,7.012803030303025,adaptive,200,1,0,159.34246275823037,200,0.0
Australia,Fremantle,2025 Mar Qtr,all_calls_mean_proxy,144,7.012803030303025,fixed,200,1,0,159.34246275823037,200,0.0
Australia,Fremantle,2025 Mar Qtr,all_calls_mean_proxy,144,7.012803030303025,adaptive,200,1,0,159.34246275823037,200,0.0
Australia,Fremantle,2025 Mar Qtr,anchored_call_mean_stress,0,33.74911458333331,fixed,200,1,1,159.34246275823037,200,44.000000000000014
Australia,Fremantle,2025 Mar Qtr,anchored_call_mean_stress,0,33.74911458333331,adaptive,200,1,1,229.45314637185174,200,44.000000000000014
Australia,Fremantle,2025 Mar Qtr,anchored_call_mean_stress,12,33.74911458333331,fixed,200,1,1,159.34246275823037,200,44.000000000000014
Australia,Fremantle,2025 Mar Qtr,anchored_call_mean_stress,12,33.74911458333331,adaptive,200,1,1,229.45314637185174,200,44.000000000000014
Australia,Fremantle,2025 Mar Qtr,anchored_call_mean_stress,24,33.74911458333331,fixed,200,1,1,159.34246275823037,200,32.907236992619325
Australia,Fremantle,2025 Mar Qtr,anchored_call_mean_stress,24,33.74911458333331,adaptive,200,1,0,211.77766460795743,200,32.907236992619325
Australia,Fremantle,2025 Mar Qtr,anchored_call_mean_stress,48,33.74911458333331,fixed,200,1,0,159.34246275823037,200,0.0
Australia,Fremantle,2025 Mar Qtr,anchored_call_mean_stress,48,33.74911458333331,adaptive,200,1,0,159.34246275823037,200,0.0
Australia,Fremantle,2025 Mar Qtr,anchored_call_mean_stress,96,33.74911458333331,fixed,200,1,0,159.34246275823037,200,0.0
Australia,Fremantle,2025 Mar Qtr,anchored_call_mean_stress,96,33.74911458333331,adaptive,200,1,0,159.34246275823037,200,0.0
Australia,Fremantle,2025 Mar Qtr,anchored_call_mean_stress,144,33.74911458333331,fixed,200,1,0,159.34246275823037,200,0.0
Australia,Fremantle,2025 Mar Qtr,anchored_call_mean_stress,144,33.74911458333331,adaptive,200,1,0,159.34246275823037,200,0.0
Australia,Fremantle,2025 Jun Qtr,no_anchor_delay,0,0.0,fixed,200,1,0,159.34246275823037,200,0.0
Australia,Fremantle,2025 Jun Qtr,no_anchor_delay,0,0.0,adaptive,200,1,0,159.34246275823037,200,0.0
Australia,Fremantle,2025 Jun Qtr,no_anchor_delay,12,0.0,fixed,200,1,0,159.34246275823037,200,0.0
Australia,Fremantle,2025 Jun Qtr,no_anchor_delay,12,0.0,adaptive,200,1,0,159.34246275823037,200,0.0
Australia,Fremantle,2025 Jun Qtr,no_anchor_delay,24,0.0,fixed,200,1,0,159.34246275823037,200,0.0
Australia,Fremantle,2025 Jun Qtr,no_anchor_delay,24,0.0,adaptive,200,1,0,159.34246275823037,200,0.0
Australia,Fremantle,2025 Jun Qtr,no_anchor_delay,48,0.0,fixed,200,1,0,159.34246275823037,200,0.0
Australia,Fremantle,2025 Jun Qtr,no_anchor_delay,48,0.0,adaptive,200,1,0,159.34246275823037,200,0.0
Australia,Fremantle,2025 Jun Qtr,no_anchor_delay,96,0.0,fixed,200,1,0,159.34246275823037,200,0.0
Australia,Fremantle,2025 Jun Qtr,no_anchor_delay,96,0.0,adaptive,200,1,0,159.34246275823037,200,0.0
Australia,Fremantle,2025 Jun Qtr,no_anchor_delay,144,0.0,fixed,200,1,0,159.34246275823037,200,0.0
Australia,Fremantle,2025 Jun Qtr,no_anchor_delay,144,0.0,adaptive,200,1,0,159.34246275823037,200,0.0
Australia,Fremantle,2025 Jun Qtr,all_calls_mean_proxy,0,5.698048611111112,fixed,200,1,1,159.34246275823037,200,21.978501061142765
Australia,Fremantle,2025 Jun Qtr,all_calls_mean_proxy,0,5.698048611111112,adaptive,200,1,0,194.36354762639905,200,21.978501061142765
Australia,Fremantle,2025 Jun Qtr,all_calls_mean_proxy,12,5.698048611111112,fixed,200,1,0,159.34246275823037,200,0.0
Australia,Fremantle,2025 Jun Qtr,all_calls_mean_proxy,12,5.698048611111112,adaptive,200,1,0,159.34246275823037,200,0.0
Australia,Fremantle,2025 Jun Qtr,all_calls_mean_proxy,24,5.698048611111112,fixed,200,1,0,159.34246275823037,200,0.0
Australia,Fremantle,2025 Jun Qtr,all_calls_mean_proxy,24,5.698048611111112,adaptive,200,1,0,159.34246275823037,200,0.0
Australia,Fremantle,2025 Jun Qtr,all_calls_mean_proxy,48,5.698048611111112,fixed,200,1,0,159.34246275823037,200,0.0
Australia,Fremantle,2025 Jun Qtr,all_calls_mean_proxy,48,5.698048611111112,adaptive,200,1,0,159.34246275823037,200,0.0
Australia,Fremantle,2025 Jun Qtr,all_calls_mean_proxy,96,5.698048611111112,fixed,200,1,0,159.34246275823037,200,0.0
Australia,Fremantle,2025 Jun Qtr,all_calls_mean_proxy,96,5.698048611111112,adaptive,200,1,0,159.34246275823037,200,0.0
Australia,Fremantle,2025 Jun Qtr,all_calls_mean_proxy,144,5.698048611111112,fixed,200,1,0,159.34246275823037,200,0.0
Australia,Fremantle,2025 Jun Qtr,all_calls_mean_proxy,144,5.698048611111112,adaptive,200,1,0,159.34246275823037,200,0.0
Australia,Fremantle,2025 Jun Qtr,anchored_call_mean_stress,0,32.560277777777785,fixed,200,1,1,159.34246275823037,200,44.000000000000014
Australia,Fremantle,2025 Jun Qtr,anchored_call_mean_stress,0,32.560277777777785,adaptive,200,1,1,229.45314637185174,200,44.000000000000014
Australia,Fremantle,2025 Jun Qtr,anchored_call_mean_stress,12,32.560277777777785,fixed,200,1,1,159.34246275823037,200,44.000000000000014
Australia,Fremantle,2025 Jun Qtr,anchored_call_mean_stress,12,32.560277777777785,adaptive,200,1,1,229.45314637185174,200,44.000000000000014
Australia,Fremantle,2025 Jun Qtr,anchored_call_mean_stress,24,32.560277777777785,fixed,200,1,1,159.34246275823037,200,32.907236992619325
Australia,Fremantle,2025 Jun Qtr,anchored_call_mean_stress,24,32.560277777777785,adaptive,200,1,0,211.77766460795743,200,32.907236992619325
Australia,Fremantle,2025 Jun Qtr,anchored_call_mean_stress,48,32.560277777777785,fixed,200,1,0,159.34246275823037,200,0.0
Australia,Fremantle,2025 Jun Qtr,anchored_call_mean_stress,48,32.560277777777785,adaptive,200,1,0,159.34246275823037,200,0.0
Australia,Fremantle,2025 Jun Qtr,anchored_call_mean_stress,96,32.560277777777785,fixed,200,1,0,159.34246275823037,200,0.0
Australia,Fremantle,2025 Jun Qtr,anchored_call_mean_stress,96,32.560277777777785,adaptive,200,1,0,159.34246275823037,200,0.0
Australia,Fremantle,2025 Jun Qtr,anchored_call_mean_stress,144,32.560277777777785,fixed,200,1,0,159.34246275823037,200,0.0
Australia,Fremantle,2025 Jun Qtr,anchored_call_mean_stress,144,32.560277777777785,adaptive,200,1,0,159.34246275823037,200,0.0
