입항구분명,입항년도,입항항차,총톤수,벙커량,예정시작일,예정종료일,등록일
출항,2024,1,3038,100,2024-08-26,2024-08-26,2024-08-06
출항,2024,1,114221,1800,2024-08-12,2024-08-13,2024-08-07
출항,2024,1,5917,540,2024-08-11,2024-08-11,2024-08-09
출항,2024,3,30948,920,2024-08-11,2024-08-12,2024-08-09
출항,2024,1,24522,480,2024-08-10,2024-08-11,2024-08-06
출항,2024,10,2691,0,2024-08-10,2024-08-10,2024-08-07
통과,2024,1,12101,560,2024-08-10,2024-08-10,2024-08-07
입항,2024,2,12078,200,2024-08-10,2024-08-11,2024-08-08
출항,2024,2,16222,200,2024-08-10,2024-08-10,2024-08-08
출항,2024,4,5518,250,2024-08-09,2024-08-09,2024-07-31
입항,2024,1,4724,30,2024-08-09,2024-08-09,2024-08-07
출항,2024,21,4862,170,2024-08-09,2024-08-09,2024-08-08
출항,2024,3,2028,59,2024-08-09,2024-08-09,2024-08-07
입항,2024,1,4048,150,2024-08-09,2024-08-09,2024-08-08
출항,2024,1,4475,150,2024-08-09,2024-08-09,2024-08-08
입항,2024,1,82987,1200,2024-08-09,2024-08-09,2024-08-08
입항,2024,1,29996,310,2024-08-09,2024-08-09,2024-08-08
출항,2024,1,4040,150,2024-08-09,2024-08-10,2024-08-08
입항,2024,1,28426,800,2024-08-08,2024-08-08,2024-08-07
출항,2024,6,17208,620,2024-08-08,2024-08-08,2024-08-07
출항,2024,1,29707,535,2024-08-08,2024-08-08,2024-08-07
출항,2024,1,29707,500,2024-08-08,2024-08-08,2024-08-07
출항,2024,1,4164,150,2024-08-08,2024-08-08,2024-08-07
출항,2024,1,4261,254,2024-08-08,2024-08-08,2024-08-08
출항,2024,1,2999,185,2024-08-07,2024-08-07,2024-08-05
출항,2024,1,23216,100,2024-08-07,2024-08-07,2024-08-06
출항,2024,1,4091,150,2024-08-07,2024-08-07,2024-08-06
출항,2024,15,2403,100,2024-08-07,2024-08-07,2024-08-06
입항,2024,1,3376,150,2024-08-07,2024-08-07,2024-08-06
입항,2024,1,2993,80,2024-08-07,2024-08-07,2024-08-06
출항,2024,1,4873,200,2024-08-07,2024-08-07,2024-08-06
입항,2024,1,29289,500,2024-08-07,2024-08-07,2024-08-06
출항,2024,12,2438,100,2024-08-06,2024-08-06,2024-08-05
입항,2024,3,2999,185,2024-08-05,2024-08-05,2024-08-01
입항,2024,1,29289,1100,2024-08-05,2024-08-05,2024-08-02
출항,2024,1,8254,300,2024-08-05,2024-08-05,2024-08-02
출항,2024,1,63673,1000,2024-08-05,2024-08-05,2024-08-02
출항,2024,1,160007,1500,2024-08-05,2024-08-06,2024-08-05
출항,2024,1,2106,100,2024-08-05,2024-08-06,2024-08-05
입항,2024,1,29991,600,2024-08-05,2024-08-06,2024-08-05
출항,2024,7,11290,400,2024-08-04,2024-08-05,2024-08-01
출항,2024,1,7271,350,2024-08-04,2024-08-04,2024-08-02
출항,2024,7,11290,400,2024-08-04,2024-08-05,2024-08-02
출항,2024,1,4833,20,2024-08-04,2024-08-04,2024-08-02
입항,2024,1,7368,300,2024-08-03,2024-08-05,2024-07-30
출항,2024,4,2999,24,2024-08-03,2024-08-04,2024-07-31
출항,2024,1,11986,500,2024-08-03,2024-08-03,2024-08-02
출항,2024,1,29657,300,2024-08-03,2024-08-04,2024-08-02
출항,2024,1,16177,340,2024-08-03,2024-08-03,2024-08-02
출항,2024,1,15818,100,2024-08-03,2024-08-03,2024-08-02
출항,2024,1,29987,400,2024-08-03,2024-08-03,2024-08-02
출항,2024,1,4828,210,2024-08-03,2024-08-03,2024-08-02
입항,2024,4,5487,25,2024-08-03,2024-08-03,2024-08-02
출항,2024,1,26955,70,2024-08-03,2024-08-04,2024-08-02
입항,2024,1,29657,100,2024-08-02,2024-08-03,2024-07-31
입항,2024,13,5598,100,2024-08-02,2024-08-02,2024-07-31
입항,2024,1,22988,300,2024-08-02,2024-08-03,2024-07-31
입항,2024,1,3138,200,2024-08-02,2024-08-02,2024-08-01
출항,2024,3,47287,1500,2024-08-02,2024-08-02,2024-08-01
출항,2024,1,47287,1500,2024-08-02,2024-08-02,2024-08-01
입항,2024,1,8504,150,2024-08-02,2024-08-02,2024-08-01
통과,2024,2,24625,100,2024-08-02,2024-08-02,2024-08-01
출항,2024,7,11749,500,2024-08-01,2024-08-01,2024-07-17
입항,2024,1,4544,130,2024-08-01,2024-08-01,2024-07-31
출항,2024,4,21316,640,2024-08-01,2024-08-01,2024-08-01
출항,2024,1,5060,100,2024-08-01,2024-08-01,2024-07-31
통과,2024,1,30560,1350,2024-08-01,2024-08-02,2024-07-31
입항,2024,1,29507,800,2024-08-01,2024-08-01,2024-07-31
입항,2024,1,11640,50,2024-08-01,2024-08-01,2024-07-31
입항,2024,1,17208,400,2024-08-01,2024-08-01,2024-07-31
입항,2024,1,5758,130,2024-08-01,2024-08-01,2024-07-31
출항,2024,1,5273,150,2024-08-01,2024-08-01,2024-07-31
출항,2024,1,13549,100,2024-08-01,2024-08-02,2024-07-31
출항,2024,22,4060,0,2024-08-01,2024-08-02,2024-08-01
출항,2024,1,5758,130,2024-08-01,2024-08-02,2024-08-01
입항,2024,1,30325,600,2024-08-01,2024-08-07,2024-08-07
출항,2024,5,1956,79,2024-07-31,2024-07-31,2024-07-25
입항,2024,5,8260,0,2024-07-31,2024-07-31,2024-07-30
입항,2024,1,6028,100,2024-07-31,2024-07-31,2024-07-30
출항,2024,1,29861,200,2024-07-31,2024-07-30,2024-07-30
출항,2024,1,2059,110,2024-07-30,2024-07-30,2024-07-29
출항,2024,1,2652,100,2024-07-30,2024-07-30,2024-07-29
출항,2024,1,11587,250,2024-07-30,2024-07-31,2024-07-30
출항,2024,1,11587,250,2024-07-30,2024-07-31,2024-07-30
출항,2024,1,29861,980,2024-07-30,2024-07-31,2024-07-30
입항,2024,1,8260,100,2024-07-29,2024-07-29,2024-07-26
입항,2024,1,5723,160,2024-07-29,2024-07-29,2024-07-26
출항,2024,1,29293,700,2024-07-29,2024-07-29,2024-07-28
출항,2024,1,5723,160,2024-07-29,2024-07-30,2024-07-29
입항,2024,1,7240,350,2024-07-29,2024-07-29,2024-07-29
출항,2024,1,4040,100,2024-07-28,2024-07-28,2024-07-23
출항,2024,1,7488,200,2024-07-28,2024-07-28,2024-07-26
출항,2024,1,30237,200,2024-07-28,2024-07-28,2024-07-26
출항,2024,1,30237,200,2024-07-28,2024-07-29,2024-07-26
출항,2024,1,4475,100,2024-07-27,2024-07-27,2024-07-25
출항,2024,1,7687,100,2024-07-27,2024-07-27,2024-07-26
출항,2024,7,8296,100,2024-07-27,2024-07-27,2024-07-26
출항,2024,1,154792,1000,2024-07-27,2024-07-28,2024-07-26
입항,2024,1,29914,520,2024-07-27,2024-07-28,2024-07-26
입항,2024,1,29622,610,2024-07-27,2024-07-27,2024-07-26
출항,2024,1,29293,665,2024-07-27,2024-07-27,2024-07-26
출항,2024,1,2517,150,2024-07-27,2024-07-27,2024-07-26
출항,2024,1,16232,735,2024-07-27,2024-07-27,2024-07-26
출항,2024,1,17208,450,2024-07-27,2024-07-27,2024-07-26
출항,2024,1,8539,20,2024-07-27,2024-07-27,2024-07-26
출항,2024,2,11259,100,2024-07-26,2024-07-27,2024-07-24
입항,2024,1,3773,150,2024-07-26,2024-07-26,2024-07-25
출항,2024,1,7251,258,2024-07-26,2024-07-26,2024-07-25
입항,2024,2,11259,100,2024-07-26,2024-07-25,2024-07-25
입항,2024,1,29266,500,2024-07-26,2024-07-27,2024-07-25
출항,2024,1,4475,150,2024-07-26,2024-07-27,2024-07-26
입항,2024,1,29293,665,2024-07-26,2024-07-26,2024-07-26
입항,2024,1,29737,1000,2024-07-26,2024-07-27,2024-07-26
입항,2024,7,8296,100,2024-07-25,2024-07-25,2024-07-23
입항,2024,2,22987,100,2024-07-25,2024-07-26,2024-07-23
출항,2024,1,30237,160,2024-07-25,2024-07-26,2024-07-24
입항,2024,1,29463,320,2024-07-25,2024-07-25,2024-07-24
입항,2024,13,2997,165,2024-07-25,2024-07-25,2024-07-24
출항,2024,1,19968,500,2024-07-25,2024-07-25,2024-07-24
출항,2024,1,29991,300,2024-07-25,2024-07-26,2024-07-25
입항,2024,5,17208,450,2024-07-25,2024-07-26,2024-07-25
출항,2024,1,5457,250,2024-07-25,2024-07-26,2024-07-25
입항,2024,2,22987,100,2024-07-25,2024-07-25,2024-07-25
통과,2024,1,42711,950,2024-07-25,2024-07-26,2024-07-25
입항,2024,27,2682,100,2024-07-24,2024-07-24,2024-07-23
입항,2024,1,2304,28,2024-07-24,2024-07-24,2024-07-23
입항,2024,8,2362,125,2024-07-24,2024-07-25,2024-07-23
통과,2024,1,30325,850,2024-07-24,2024-07-24,2024-07-23
출항,2024,2,23765,600,2024-07-24,2024-07-26,2024-07-23
입항,2024,1,29411,300,2024-07-23,2024-07-23,2024-07-21
입항,2024,1,64309,1830,2024-07-23,2024-07-23,2024-07-22
출항,2024,1,4067,100,2024-07-23,2024-07-23,2024-07-22
출항,2024,1,11290,150,2024-07-23,2024-07-24,2024-07-22
출항,2024,1,4067,300,2024-07-23,2024-07-23,2024-07-22
입항,2024,1,29266,800,2024-07-23,2024-07-23,2024-07-22
통과,2024,1,29375,500,2024-07-22,2024-07-22,2024-07-16
입항,2024,1,27472,1100,2024-07-22,2024-07-23,2024-07-19
입항,2024,1,29354,500,2024-07-22,2024-07-22,2024-07-19
입항,2024,14,5598,0,2024-07-22,2024-07-22,2024-07-19
출항,2024,1,4277,250,2024-07-22,2024-07-22,2024-07-19
출항,2024,1,2579,130,2024-07-22,2024-07-22,2024-07-21
출항,2024,1,3038,150,2024-07-22,2024-07-22,2024-07-21
출항,2024,1,11290,450,2024-07-22,2024-07-23,2024-07-22
출항,2024,1,20033,800,2024-07-22,2024-07-23,2024-07-22
통과,2024,1,16685,490,2024-07-21,2024-07-21,2024-07-19
출항,2024,3,16232,450,2024-07-21,2024-07-21,2024-07-19
출항,2024,1,29513,1300,2024-07-21,2024-07-21,2024-07-19
출항,2024,1,29806,800,2024-07-21,2024-07-22,2024-07-19
출항,2024,1,29463,900,2024-07-21,2024-07-22,2024-07-19
출항,2024,1,20033,800,2024-07-21,2024-07-22,2024-07-19
출항,2024,1,30945,635,2024-07-20,2024-07-20,2024-07-19
입항,2024,12,5598,100,2024-07-20,2024-07-20,2024-07-19
입항,2024,1,11290,450,2024-07-20,2024-07-20,2024-07-19
출항,2024,1,29168,200,2024-07-19,2024-07-19,2024-07-18
출항,2024,1,4417,150,2024-07-19,2024-07-19,2024-07-18
출항,2024,1,15711,400,2024-07-19,2024-07-20,2024-07-18
출항,2024,1,30170,600,2024-07-19,2024-07-19,2024-07-18
입항,2024,1,33817,100,2024-07-19,2024-07-19,2024-07-18
출항,2024,1,30325,200,2024-07-19,2024-07-19,2024-07-18
입항,2024,1,30043,600,2024-07-19,2024-07-19,2024-07-18
출항,2024,1,4040,130,2024-07-19,2024-07-20,2024-07-18
입항,2024,1,4416,170,2024-07-19,2024-07-19,2024-07-18
출항,2024,1,8562,350,2024-07-19,2024-07-19,2024-07-19
통과,2024,1,32839,250,2024-07-18,2024-07-18,2024-07-09
입항,2024,12,2688,10,2024-07-18,2024-07-19,2024-07-11
출항,2024,1,29807,1500,2024-07-18,2024-07-18,2024-07-12
출항,2024,1,4040,130,2024-07-18,2024-07-19,2024-07-15
출항,2024,1,5060,200,2024-07-18,2024-07-18,2024-07-17
입항,2024,1,2486,110,2024-07-18,2024-07-18,2024-07-17
출항,2024,8,5453,280,2024-07-18,2024-07-18,2024-07-17
출항,2024,1,5376,280,2024-07-18,2024-07-18,2024-07-17
출항,2024,1,2362,100,2024-07-18,2024-07-18,2024-07-18
출항,2024,1,2579,80,2024-07-18,2024-07-18,2024-07-18
입항,2024,1,64705,0,2024-07-18,2024-07-19,2024-07-18
출항,2024,2,16232,735,2024-07-18,2024-07-25,2024-07-25
입항,2024,2,30008,1200,2024-07-17,2024-07-17,2024-07-11
출항,2024,1,5197,165,2024-07-17,2024-07-17,2024-07-16
출항,2024,1,29737,600,2024-07-17,2024-07-17,2024-07-16
입항,2024,1,2993,80,2024-07-17,2024-07-17,2024-07-16
출항,2024,1,4251,100,2024-07-17,2024-07-17,2024-07-16
입항,2024,1,8562,350,2024-07-17,2024-07-17,2024-07-16
입항,2024,1,2362,100,2024-07-17,2024-07-18,2024-07-17
출항,2024,1,20275,650,2024-07-16,2024-07-17,2024-07-15
출항,2024,1,23676,500,2024-07-16,2024-07-16,2024-07-12
출항,2024,1,23676,500,2024-07-16,2024-07-16,2024-07-15
입항,2024,1,5197,165,2024-07-16,2024-07-16,2024-07-15
출항,2024,5,5074,100,2024-07-16,2024-07-17,2024-07-15
입항,2024,21,3887,150,2024-07-16,2024-07-16,2024-07-15
입항,2024,1,5667,170,2024-07-16,2024-07-16,2024-07-16
입항,2024,1,5025,100,2024-07-15,2024-07-15,2024-07-12
입항,2024,2,6219,400,2024-07-15,2024-07-15,2024-07-12
입항,2024,4,3493,200,2024-07-15,2024-07-15,2024-07-12
입항,2024,1,30523,1000,2024-07-15,2024-07-15,2024-07-12
입항,2024,1,62917,1300,2024-07-15,2024-07-16,2024-07-12
출항,2024,1,29806,800,2024-07-15,2024-07-15,2024-07-12
입항,2024,1,30008,1050,2024-07-15,2024-07-15,2024-07-12
출항,2024,1,47965,250,2024-07-15,2024-07-16,2024-07-14
출항,2024,1,5025,100,2024-07-15,2024-07-15,2024-07-15
출항,2024,1,2579,25,2024-07-15,2024-07-15,2024-07-15
출항,2024,1,4048,220,2024-07-15,2024-07-16,2024-07-15
입항,2024,5,4812,200,2024-07-14,2024-07-14,2024-07-11
입항,2024,1,4544,130,2024-07-14,2024-07-14,2024-07-12
입항,2024,1,4303,200,2024-07-14,2024-07-14,2024-07-12
입항,2024,1,2999,120,2024-07-14,2024-07-14,2024-07-12
출항,2024,1,5197,115,2024-07-14,2024-07-15,2024-07-12
출항,2024,1,5667,250,2024-07-13,2024-07-13,2024-07-11
출항,2024,9,1698,100,2024-07-13,2024-07-13,2024-07-12
출항,2024,1,29807,1500,2024-07-13,2024-07-14,2024-07-12
출항,2024,1,2652,100,2024-07-13,2024-07-13,2024-07-12
입항,2024,1,29513,200,2024-07-13,2024-07-13,2024-07-12
출항,2024,2,46999,1200,2024-07-12,2024-07-13,2024-07-10
입항,2024,1,34128,500,2024-07-12,2024-07-12,2024-07-11
출항,2024,1,46999,1200,2024-07-12,2024-07-13,2024-07-11
출항,2024,1,3038,50,2024-07-12,2024-07-12,2024-07-11
입항,2024,1,42869,500,2024-07-12,2024-07-12,2024-07-11
입항,2024,2,9999,250,2024-07-12,2024-07-12,2024-07-11
입항,2024,20,998,150,2024-07-12,2024-07-12,2024-07-11
입항,2024,1,3773,150,2024-07-12,2024-07-12,2024-07-11
입항,2024,1,3887,200,2024-07-12,2024-07-13,2024-07-12
통과,2024,1,24549,525,2024-07-12,2024-07-13,2024-07-12
출항,2024,1,28891,500,2024-07-12,2024-07-19,2024-07-19
출항,2024,1,3887,50,2024-07-11,2024-07-11,2024-07-09
입항,2024,1,29597,990,2024-07-11,2024-07-11,2024-07-10
입항,2024,19,3834,60,2024-07-11,2024-07-11,2024-07-10
입항,2024,1,30873,810,2024-07-11,2024-07-12,2024-07-10
출항,2024,1,2579,10,2024-07-11,2024-07-11,2024-07-11
입항,2024,9,1698,100,2024-07-11,2024-07-12,2024-07-11
입항,2024,1,2110,80,2024-07-11,2024-07-11,2024-07-11
입항,2024,5,4515,30,2024-07-11,2024-07-12,2024-07-11
입항,2024,3,16580,400,2024-07-11,2024-07-12,2024-07-11
입항,2024,1,2691,100,2024-07-10,2024-07-11,2024-07-10
출항,2024,1,29935,500,2024-07-10,2024-07-31,2024-07-30
입항,2024,46,2110,85,2024-07-09,2024-07-09,2024-07-05
입항,2024,1,162761,500,2024-07-09,2024-07-09,2024-07-05
출항,2024,1,3491,210,2024-07-08,2024-07-08,2024-07-05
출항,2024,1,29806,350,2024-07-08,2024-07-08,2024-07-05
출항,2024,1,5723,165,2024-07-08,2024-07-08,2024-07-06
출항,2024,1,8504,200,2024-07-07,2024-07-07,2024-07-05
출항,2024,4,5988,350,2024-07-06,2024-07-06,2024-07-05
출항,2024,1,29434,600,2024-07-06,2024-07-06,2024-07-05
출항,2024,1,7675,200,2024-07-06,2024-07-07,2024-07-05
입항,2024,1,4241,270,2024-07-05,2024-07-04,2024-07-04
출항,2024,1,4060,200,2024-07-05,2024-07-05,2024-07-04
출항,2024,1,8577,300,2024-07-05,2024-07-05,2024-07-04
출항,2024,4,5074,60,2024-07-05,2024-07-05,2024-07-04
출항,2024,1,4060,200,2024-07-05,2024-07-05,2024-07-05
출항,2024,1,17139,480,2024-07-04,2024-07-05,2024-07-01
입항,2024,1,43687,200,2024-07-04,2024-07-04,2024-07-03
입항,2024,1,28747,1070,2024-07-04,2024-07-04,2024-07-03
입항,2024,24,2682,150,2024-07-04,2024-07-05,2024-07-04
출항,2024,2,4060,90,2024-07-02,2024-07-02,2024-07-01
출항,2024,1,5407,200,2024-07-02,2024-07-02,2024-07-01
입항,2024,1,6398,35,2024-07-02,2024-07-02,2024-07-01
입항,2024,5,2497,110,2024-07-02,2024-07-03,2024-07-01
입항,2024,1,6194,180,2024-07-02,2024-07-02,2024-07-01
출항,2024,1,2193,70,2024-07-02,2024-07-02,2024-07-01
출항,2024,1,6398,35,2024-07-02,2024-07-02,2024-07-02
출항,2024,1,5002,200,2024-07-01,2024-07-01,2024-06-28
입항,2024,1,13146,400,2024-07-01,2024-07-01,2024-06-30
출항,2024,3,1956,80,2024-07-01,2024-07-02,2024-07-01
출항,2024,1,5197,100,2024-07-01,2024-07-01,2024-07-01
출항,2024,1,3038,150,2024-07-01,2024-07-02,2024-07-01
출항,2024,1,8535,300,2024-06-29,2024-06-29,2024-06-26
입항,2024,6,11749,360,2024-06-29,2024-06-30,2024-06-27
출항,2024,1,4040,110,2024-06-29,2024-06-29,2024-06-27
입항,2024,1,22816,350,2024-06-29,2024-06-29,2024-06-28
입항,2024,1,7251,300,2024-06-29,2024-06-29,2024-06-28
출항,2024,1,7294,320,2024-06-29,2024-06-29,2024-06-28
출항,2024,1,5519,150,2024-06-29,2024-06-30,2024-06-28
출항,2024,1,30221,400,2024-06-28,2024-06-28,2024-06-26
출항,2024,1,17801,350,2024-06-28,2024-06-28,2024-06-26
출항,2024,8,4376,32,2024-06-28,2024-06-28,2024-06-27
출항,2024,1,22209,580,2024-06-28,2024-06-28,2024-06-27
출항,2024,1,28891,1000,2024-06-28,2024-06-29,2024-06-27
입항,2024,1,8581,235,2024-06-28,2024-06-29,2024-06-28
입항,2024,1,29646,150,2024-06-27,2024-06-28,2024-06-26
출항,2024,1,2696,200,2024-06-27,2024-06-27,2024-06-26
입항,2024,1,3079,150,2024-06-27,2024-06-28,2024-06-26
출항,2024,1,30048,0,2024-06-26,2024-06-26,2024-06-25
출항,2024,1,7687,150,2024-06-26,2024-06-26,2024-06-25
출항,2024,1,7687,200,2024-06-26,2024-06-26,2024-06-25
입항,2024,1,29680,200,2024-06-25,2024-06-25,2024-06-24
입항,2024,1,22209,80,2024-06-25,2024-06-28,2024-06-24
출항,2024,1,20058,900,2024-06-25,2024-06-25,2024-06-24
입항,2024,2,30873,550,2024-06-25,2024-06-26,2024-06-24
입항,2024,2,20151,100,2024-06-25,2024-06-26,2024-06-24
출항,2024,1,2101,80,2024-06-25,2024-06-25,2024-06-25
출항,2024,1,5761,250,2024-06-24,2024-06-25,2024-06-19
출항,2024,1,29680,300,2024-06-24,2024-06-24,2024-06-21
출항,2024,1,1984,200,2024-06-24,2024-06-24,2024-06-21
입항,2024,1,7240,220,2024-06-24,2024-06-24,2024-06-21
출항,2024,1,2999,150,2024-06-24,2024-06-24,2024-06-21
출항,2024,11,5598,100,2024-06-24,2024-06-24,2024-06-24
입항,2024,1,30453,500,2024-06-23,2024-06-24,2024-06-21
출항,2024,1,40803,500,2024-06-22,2024-06-23,2024-06-18
입항,2024,17,3834,130,2024-06-22,2024-06-22,2024-06-19
입항,2024,1,29578,300,2024-06-22,2024-06-22,2024-06-21
입항,2024,1,6270,100,2024-06-22,2024-06-22,2024-06-21
출항,2024,1,3376,170,2024-06-22,2024-06-23,2024-06-21
출항,2024,8,4301,140,2024-06-21,2024-06-21,2024-06-13
출항,2024,1,4522,770,2024-06-21,2024-06-21,2024-06-20
출항,2024,1,8018,150,2024-06-21,2024-06-21,2024-06-20
입항,2024,1,32672,350,2024-06-21,2024-06-22,2024-06-20
출항,2024,1,29737,770,2024-06-20,2024-06-21,2024-06-18
출항,2024,1,5667,200,2024-06-20,2024-06-20,2024-06-19
입항,2024,5,2362,230,2024-06-20,2024-06-20,2024-06-19
출항,2024,1,2579,100,2024-06-20,2024-06-20,2024-06-19
출항,2024,1,1812,76,2024-06-20,2024-06-20,2024-06-19
출항,2024,1,27976,700,2024-06-19,2024-06-19,2024-06-18
입항,2024,1,20058,100,2024-06-19,2024-06-19,2024-06-18
출항,2024,1,30873,0,2024-06-19,2024-06-19,2024-06-18
입항,2024,5,2498,120,2024-06-19,2024-06-19,2024-06-18
입항,2024,7,4301,200,2024-06-19,2024-06-19,2024-06-18
출항,2024,8,4890,120,2024-06-19,2024-06-20,2024-06-19
입항,2024,3,9800,320,2024-06-18,2024-06-18,2024-06-14
출항,2024,12,2695,38,2024-06-18,2024-06-18,2024-06-16
입항,2024,3,9800,320,2024-06-18,2024-06-18,2024-06-17
입항,2024,1,8944,100,2024-06-18,2024-06-18,2024-06-17
입항,2024,1,29680,1000,2024-06-18,2024-06-19,2024-06-18
입항,2024,7,2498,150,2024-06-18,2024-06-18,2024-06-18
출항,2024,1,4500,145,2024-06-17,2024-06-17,2024-06-14
출항,2024,1,6219,250,2024-06-17,2024-06-17,2024-06-14
출항,2024,1,3038,100,2024-06-17,2024-06-18,2024-06-15
출항,2024,3,21326,120,2024-06-17,2024-06-18,2024-06-17
입항,2024,1,4828,170,2024-06-16,2024-06-16,2024-06-14
출항,2024,1,7910,260,2024-06-16,2024-06-16,2024-06-14
입항,2024,1,29914,1000,2024-06-16,2024-06-17,2024-06-14
입항,2024,1,3910,200,2024-06-16,2024-06-16,2024-06-14
출항,2024,1,23676,600,2024-06-16,2024-06-16,2024-06-14
출항,2024,1,2490,150,2024-06-16,2024-06-16,2024-06-15
입항,2024,1,29654,200,2024-06-15,2024-06-15,2024-06-14
입항,2024,7,5376,320,2024-06-15,2024-06-15,2024-06-14
입항,2024,1,7699,100,2024-06-15,2024-06-15,2024-06-14
출항,2024,1,29151,0,2024-06-15,2024-06-15,2024-06-14
출항,2024,1,21326,720,2024-06-14,2024-06-15,2024-06-07
입항,2024,2,2028,59,2024-06-14,2024-06-15,2024-06-12
입항,2024,1,5510,300,2024-06-14,2024-06-14,2024-06-12
출항,2024,1,11572,100,2024-06-14,2024-06-14,2024-06-13
출항,2024,1,5723,150,2024-06-14,2024-06-14,2024-06-13
출항,2024,1,28458,600,2024-06-14,2024-06-14,2024-06-13
입항,2024,9,2517,120,2024-06-14,2024-06-14,2024-06-13
출항,2024,1,46250,1400,2024-06-13,2024-06-13,2024-06-11
출항,2024,1,15801,600,2024-06-13,2024-06-13,2024-06-12
출항,2024,2,29804,0,2024-06-13,2024-06-14,2024-06-12
입항,2024,1,17208,700,2024-06-13,2024-06-13,2024-06-12
출항,2024,11,4873,30,2024-06-13,2024-06-14,2024-06-13
입항,2024,1,15721,1100,2024-06-12,2024-06-12,2024-06-10
출항,2024,17,3887,100,2024-06-12,2024-06-12,2024-06-11
출항,2024,1,44400,1000,2024-06-12,2024-06-12,2024-06-11
입항,2024,1,29300,300,2024-06-12,2024-06-12,2024-06-11
입항,2024,1,2579,150,2024-06-11,2024-06-11,2024-06-10
입항,2024,1,2579,130,2024-06-11,2024-06-11,2024-06-10
출항,2024,1,4040,100,2024-06-11,2024-06-11,2024-06-10
입항,2024,1,29300,500,2024-06-11,2024-06-11,2024-06-10
출항,2024,1,25834,400,2024-06-11,2024-06-12,2024-06-11
입항,2024,1,29767,800,2024-06-11,2024-06-11,2024-06-11
출항,2024,1,29403,1345,2024-06-10,2024-06-10,2024-06-03
출항,2024,10,2999,100,2024-06-10,2024-06-10,2024-06-07
출항,2024,1,5961,345,2024-06-10,2024-06-10,2024-06-07
출항,2024,1,5723,100,2024-06-10,2024-06-10,2024-06-07
출항,2024,3,7233,500,2024-06-10,2024-06-10,2024-06-07
출항,2024,1,16084,500,2024-06-10,2024-06-10,2024-06-07
출항,2024,4,5487,200,2024-06-10,2024-06-10,2024-06-08
출항,2024,1,30945,240,2024-06-10,2024-06-10,2024-06-08
입항,2024,1,29804,700,2024-06-10,2024-06-10,2024-06-09
출항,2024,1,29395,1100,2024-06-10,2024-06-11,2024-06-10
입항,2024,1,29266,1000,2024-06-10,2024-06-11,2024-06-10
출항,2024,4,5523,400,2024-06-09,2024-06-10,2024-06-04
출항,2024,5,11749,500,2024-06-09,2024-06-09,2024-06-04
출항,2024,1,154137,300,2024-06-09,2024-06-09,2024-06-06
출항,2024,1,3595,170,2024-06-09,2024-06-10,2024-06-07
입항,2024,1,5273,150,2024-06-09,2024-06-09,2024-06-07
입항,2024,1,30945,1000,2024-06-08,2024-06-08,2024-06-07
출항,2024,1,5197,135,2024-06-08,2024-06-08,2024-06-07
통과,2024,1,26897,250,2024-06-08,2024-06-09,2024-06-07
입항,2024,1,12105,400,2024-06-08,2024-06-09,2024-06-07
출항,2024,1,3038,90,2024-06-07,2024-06-07,2024-06-05
입항,2024,9,2438,100,2024-06-07,2024-06-07,2024-06-05
입항,2024,3,2249,103,2024-06-07,2024-06-07,2024-06-05
출항,2024,1,8153,190,2024-06-07,2024-06-07,2024-06-05
출항,2024,1,13620,200,2024-06-07,2024-06-07,2024-06-05
입항,2024,1,5988,200,2024-06-07,2024-06-08,2024-06-05
입항,2024,2,29401,1160,2024-06-07,2024-06-07,2024-06-05
출항,2024,9,2438,100,2024-06-07,2024-06-07,2024-06-07
입항,2024,4,4376,25,2024-06-07,2024-06-07,2024-06-07
출항,2024,5,5760,200,2024-06-07,2024-06-07,2024-06-07
입항,2024,1,43551,0,2024-06-07,2024-06-08,2024-06-07
입항,2024,1,30945,240,2024-06-07,2024-06-08,2024-06-07
출항,2024,1,3038,90,2024-06-06,2024-06-06,2024-06-03
출항,2024,1,160869,80,2024-06-06,2024-06-07,2024-06-04
출항,2024,1,29680,500,2024-06-06,2024-06-06,2024-06-05
입항,2024,1,29785,800,2024-06-06,2024-06-07,2024-06-05
출항,2024,1,2993,110,2024-06-06,2024-06-06,2024-06-05
출항,2024,1,2059,165,2024-06-06,2024-07-07,2024-07-05
출항,2024,1,5457,35,2024-06-05,2024-06-05,2024-05-31
출항,2024,2,2999,36,2024-06-05,2024-06-06,2024-06-03
출항,2024,20,5197,50,2024-06-05,2024-06-05,2024-06-04
출항,2024,1,29151,500,2024-06-05,2024-06-06,2024-06-05
입항,2024,7,1698,230,2024-06-05,2024-06-05,2024-06-05
입항,2024,1,4618,160,2024-06-04,2024-06-04,2024-06-03
출항,2024,1,4060,150,2024-06-04,2024-06-04,2024-06-03
출항,2024,1,11572,640,2024-06-03,2024-06-03,2024-05-29
입항,2024,1,23676,595,2024-06-03,2024-06-03,2024-05-30
입항,2024,1,15818,510,2024-06-03,2024-06-03,2024-05-31
입항,2024,1,65830,1200,2024-06-03,2024-06-04,2024-06-03
출항,2024,1,2579,100,2024-06-02,2024-06-02,2024-05-31
출항,2024,1,3240,132,2024-06-02,2024-06-03,2024-05-31
출항,2024,1,6052,210,2024-06-02,2024-06-02,2024-05-31
입항,2024,3,8295,500,2024-06-01,2024-06-01,2024-05-24
출항,2024,14,2163,50,2024-06-01,2024-06-02,2024-05-31
출항,2024,1,4544,130,2024-06-01,2024-06-01,2024-05-31
출항,2024,1,3535,110,2024-06-01,2024-06-01,2024-05-31
입항,2024,1,29447,500,2024-06-01,2024-06-02,2024-05-31
입항,2024,1,2635,90,2024-06-01,2024-06-01,2024-05-31
입항,2024,1,4522,130,2024-06-01,2024-06-02,2024-05-31
출항,2024,1,3535,110,2024-06-01,2024-06-01,2024-05-31
통과,2024,1,4544,130,2024-06-01,2024-06-01,2024-05-31
입항,2024,1,3887,200,2024-06-01,2024-06-02,2024-05-31
입항,2024,1,3834,105,2024-05-31,2024-05-31,2024-05-28
입항,2024,3,18287,115,2024-05-31,2024-05-31,2024-05-29
출항,2024,1,29770,100,2024-05-31,2024-05-31,2024-05-30
출항,2024,1,29597,100,2024-05-31,2024-05-31,2024-05-30
입항,2024,1,5519,200,2024-05-31,2024-05-31,2024-05-30
출항,2024,1,5416,130,2024-05-31,2024-05-31,2024-05-30
출항,2024,1,29463,500,2024-05-31,2024-05-31,2024-05-30
출항,2024,1,5416,130,2024-05-31,2024-06-01,2024-05-31
입항,2024,6,2498,4,2024-05-30,2024-05-30,2024-05-29
출항,2024,1,2783,26,2024-05-30,2024-05-30,2024-05-29
출항,2024,1,29816,300,2024-05-30,2024-05-30,2024-05-29
입항,2024,20,2682,100,2024-05-30,2024-05-30,2024-05-30
출항,2024,1,4040,50,2024-05-29,2024-05-29,2024-05-27
출항,2024,1,155103,2300,2024-05-29,2024-05-29,2024-05-28
통과,2024,1,152727,2800,2024-05-29,2024-05-29,2024-05-28
입항,2024,1,28823,500,2024-05-29,2024-05-29,2024-05-29
입항,2024,30,2110,75,2024-05-29,2024-05-29,2024-05-28
출항,2024,1,1971,150,2024-05-28,2024-05-28,2024-05-27
입항,2024,1,29736,800,2024-05-28,2024-05-28,2024-05-27
입항,2024,1,4060,100,2024-05-28,2024-05-28,2024-05-27
입항,2024,1,29770,0,2024-05-28,2024-05-29,2024-05-28
출항,2024,3,5988,200,2024-05-27,2024-05-28,2024-05-23
출항,2024,1,7271,250,2024-05-27,2024-05-27,2024-05-23
입항,2024,11,2695,148,2024-05-27,2024-05-28,2024-05-27
출항,2024,1,29770,600,2024-05-27,2024-05-28,2024-05-27
출항,2024,1,5457,250,2024-05-27,2024-05-28,2024-05-27
입항,2024,3,5988,200,2024-05-26,2024-05-26,2024-05-23
출항,2024,1,14927,325,2024-05-26,2024-05-28,2024-05-23
출항,2024,1,30008,300,2024-05-26,2024-05-26,2024-05-23
출항,2024,4,9611,60,2024-05-26,2024-05-26,2024-05-23
출항,2024,1,29806,500,2024-05-26,2024-05-26,2024-05-24
출항,2024,1,14927,325,2024-05-26,2024-05-27,2024-05-24
출항,2024,1,21198,1320,2024-05-26,2024-05-26,2024-05-24
출항,2024,1,2106,150,2024-05-26,2024-05-26,2024-05-24
출항,2024,1,2490,150,2024-05-26,2024-05-27,2024-05-24
출항,2024,1,62917,1000,2024-05-26,2024-05-26,2024-05-24
입항,2024,2,29965,700,2024-05-25,2024-05-25,2024-05-24
입항,2024,5,1698,199,2024-05-25,2024-05-25,2024-05-24
출항,2024,1,2101,130,2024-05-25,2024-05-25,2024-05-24
입항,2024,1,30967,300,2024-05-25,2024-05-25,2024-05-24
입항,2024,1,2993,100,2024-05-25,2024-05-25,2024-05-24
출항,2024,1,29671,200,2024-05-25,2024-05-25,2024-05-24
입항,2024,1,1971,150,2024-05-25,2024-05-26,2024-05-24
출항,2024,1,114180,1000,2024-05-24,2024-05-24,2024-05-21
입항,2024,1,29671,200,2024-05-24,2024-05-24,2024-05-23
출항,2024,1,29419,222,2024-05-24,2024-05-24,2024-05-23
입항,2024,1,29354,350,2024-05-24,2024-05-25,2024-05-24
통과,2024,1,66982,1200,2024-05-23,2024-05-24,2024-05-16
입항,2024,1,6976,400,2024-05-23,2024-05-24,2024-05-21
입항,2024,3,17208,780,2024-05-23,2024-05-23,2024-05-22
입항,2024,1,28426,345,2024-05-23,2024-05-23,2024-05-22
입항,2024,1,13122,75,2024-05-23,2024-05-24,2024-05-22
입항,2024,1,4484,300,2024-05-23,2024-05-23,2024-05-22
통과,2024,2,16580,400,2024-05-22,2024-05-22,2024-05-19
출항,2024,1,2823,150,2024-05-22,2024-05-22,2024-05-21
입항,2024,1,4965,200,2024-05-22,2024-05-22,2024-05-21
출항,2024,1,29460,200,2024-05-22,2024-05-22,2024-05-21
출항,2024,1,30501,700,2024-05-22,2024-05-22,2024-05-21
출항,2024,1,2700,145,2024-05-22,2024-05-23,2024-05-22
입항,2024,1,34128,1200,2024-05-22,2024-05-23,2024-05-22
출항,2024,1,4543,100,2024-05-22,2024-05-23,2024-05-22
입항,2024,7,1530,165,2024-05-21,2024-05-21,2024-05-20
출항,2024,1,7488,200,2024-05-21,2024-05-21,2024-05-20
출항,2024,1,22627,400,2024-05-21,2024-05-22,2024-05-20
입항,2024,1,5723,200,2024-05-21,2024-05-21,2024-05-20
입항,2024,1,33817,200,2024-05-21,2024-05-22,2024-05-21
입항,2024,1,62945,700,2024-05-21,2024-05-21,2024-05-20
출항,2024,1,29671,200,2024-05-20,2024-05-20,2024-05-17
출항,2024,1,6288,180,2024-05-20,2024-05-20,2024-05-17
출항,2024,1,7234,200,2024-05-20,2024-05-20,2024-05-17
출항,2024,1,3038,50,2024-05-20,2024-05-20,2024-05-17
출항,2024,1,4091,0,2024-05-20,2024-05-20,2024-05-19
출항,2024,1,30259,500,2024-05-20,2024-05-21,2024-05-20
출항,2024,1,3038,50,2024-05-20,2024-05-21,2024-05-20
입항,2024,2,1956,22,2024-05-19,2024-05-20,2024-05-16
출항,2024,1,2691,50,2024-05-19,2024-05-19,2024-05-17
입항,2024,1,26900,900,2024-05-19,2024-05-19,2024-05-17
입항,2024,15,2691,80,2024-05-19,2024-05-17,2024-05-17
출항,2024,1,5273,210,2024-05-19,2024-05-19,2024-05-17
입항,2024,1,4091,0,2024-05-19,2024-05-19,2024-05-19
출항,2024,1,4040,100,2024-05-18,2024-05-18,2024-05-17
출항,2024,1,2486,70,2024-05-17,2024-05-17,2024-05-14
출항,2024,8,2999,30,2024-05-17,2024-05-17,2024-05-16
출항,2024,1,28985,1000,2024-05-17,2024-05-18,2024-05-16
출항,2024,2,4879,150,2024-05-16,2024-05-16,2024-05-15
출항,2024,4,2497,100,2024-05-15,2024-05-15,2024-05-13
입항,2024,1,43687,140,2024-05-15,2024-05-15,2024-05-13
입항,2024,1,47287,1400,2024-05-15,2024-05-15,2024-05-14
입항,2024,1,29737,620,2024-05-15,2024-05-15,2024-05-14
출항,2024,1,18703,200,2024-05-15,2024-05-15,2024-05-14
입항,2024,1,29707,700,2024-05-15,2024-05-15,2024-05-14
입항,2024,1,4060,100,2024-05-15,2024-05-15,2024-05-14
입항,2024,1,5408,200,2024-05-15,2024-05-15,2024-05-14
출항,2024,1,23676,400,2024-05-14,2024-05-15,2024-05-10
출항,2024,5,4301,250,2024-05-14,2024-05-14,2024-05-13
출항,2024,1,8539,20,2024-05-14,2024-05-14,2024-05-13
출항,2024,1,5197,170,2024-05-14,2024-05-14,2024-05-13
출항,2024,2,29513,1,2024-05-14,2024-05-14,2024-05-13
입항,2024,1,29899,790,2024-05-14,2024-05-15,2024-05-14
통과,2024,1,51976,850,2024-05-13,2024-05-13,2024-05-09
출항,2024,1,4241,220,2024-05-13,2024-05-13,2024-05-10
출항,2024,1,29562,570,2024-05-13,2024-05-13,2024-05-10
출항,2024,1,156975,400,2024-05-13,2024-05-13,2024-05-10
입항,2024,1,3586,150,2024-05-13,2024-05-13,2024-05-10
출항,2024,3,7250,350,2024-05-13,2024-05-13,2024-05-10
출항,2024,1,8050,100,2024-05-13,2024-05-13,2024-05-10
입항,2024,1,29914,1000,2024-05-13,2024-05-13,2024-05-10
출항,2024,1,26328,150,2024-05-13,2024-05-13,2024-05-12
출항,2024,1,4417,140,2024-05-13,2024-05-14,2024-05-13
입항,2024,1,66970,620,2024-05-13,2024-05-14,2024-05-13
출항,2024,2,7368,500,2024-05-12,2024-05-13,2024-05-02
출항,2024,1,4500,160,2024-05-12,2024-05-12,2024-05-09
출항,2024,1,4241,272,2024-05-12,2024-05-12,2024-05-10
출항,2024,1,7240,295,2024-05-12,2024-05-13,2024-05-10
출항,2024,1,4091,60,2024-05-12,2024-05-12,2024-05-11
입항,2024,1,29513,700,2024-05-12,2024-05-13,2024-05-11
출항,2024,7,2101,100,2024-05-11,2024-05-11,2024-05-09
출항,2024,3,5074,160,2024-05-11,2024-05-12,2024-05-09
출항,2024,1,5060,100,2024-05-11,2024-05-11,2024-05-10
출항,2024,1,22209,750,2024-05-11,2024-05-12,2024-05-10
출항,2024,1,3595,180,2024-05-11,2024-05-11,2024-05-10
출항,2024,1,8050,625,2024-05-11,2024-05-11,2024-05-10
입항,2024,1,30152,100,2024-05-11,2024-05-11,2024-05-10
입항,2024,3,5997,200,2024-05-11,2024-05-11,2024-05-10
출항,2024,1,5667,100,2024-05-11,2024-05-11,2024-05-10
출항,2024,1,2993,80,2024-05-11,2024-05-11,2024-05-10
입항,2024,13,2106,70,2024-05-11,2024-05-18,2024-05-17
입항,2024,1,30873,200,2024-05-10,2024-05-10,2024-05-07
통과,2024,1,30264,200,2024-05-10,2024-05-10,2024-05-08
출항,2024,1,5510,400,2024-05-10,2024-05-10,2024-05-09
입항,2024,1,26328,150,2024-05-10,2024-05-11,2024-05-09
출항,2024,1,2252,150,2024-05-10,2024-05-10,2024-05-09
출항,2024,1,62754,700,2024-05-10,2024-05-10,2024-05-09
출항,2024,1,8278,150,2024-05-10,2024-05-10,2024-05-09
출항,2024,1,29667,1000,2024-05-10,2024-05-11,2024-05-10
출항,2024,1,3478,95,2024-05-10,2024-05-10,2024-05-10
입항,2024,1,29667,870,2024-05-09,2024-05-09,2024-05-08
입항,2024,13,3834,90,2024-05-09,2024-05-12,2024-05-08
입항,2024,1,30954,500,2024-05-08,2024-05-09,2024-05-06
출항,2024,1,46129,300,2024-05-08,2024-05-08,2024-05-07
출항,2024,1,30954,500,2024-05-08,2024-05-09,2024-05-07
입항,2024,1,4543,115,2024-05-07,2024-05-07,2024-05-06
출항,2024,1,8455,150,2024-05-06,2024-05-06,2024-05-03
출항,2024,1,16408,100,2024-05-05,2024-05-05,2024-05-03
출항,2024,1,3376,150,2024-05-05,2024-05-05,2024-05-03
출항,2024,1,30967,750,2024-05-05,2024-05-05,2024-05-03
입항,2024,1,2635,94,2024-05-05,2024-05-05,2024-05-03
출항,2024,1,3765,0,2024-05-05,2024-05-05,2024-05-04
출항,2024,2,5665,300,2024-05-04,2024-05-04,2024-04-30
출항,2024,5,4902,135,2024-05-04,2024-05-04,2024-05-03
출항,2024,1,4040,50,2024-05-04,2024-05-04,2024-05-03
입항,2024,1,29472,482,2024-05-04,2024-05-05,2024-05-03
입항,2024,1,4067,100,2024-05-04,2024-05-04,2024-05-03
출항,2024,1,30068,0,2024-05-04,2024-05-04,2024-05-03
입항,2024,2,19910,100,2024-05-04,2024-05-04,2024-05-03
출항,2024,1,29447,500,2024-05-04,2024-05-04,2024-05-03
출항,2024,1,29450,500,2024-05-04,2024-05-04,2024-05-03
입항,2024,1,4544,200,2024-05-03,2024-05-03,2024-05-02
출항,2024,1,21326,400,2024-05-03,2024-05-03,2024-05-02
입항,2024,1,29646,800,2024-05-03,2024-05-03,2024-05-02
출항,2024,1,7675,150,2024-05-03,2024-05-03,2024-05-03
출항,2024,1,2579,50,2024-05-03,2024-05-04,2024-05-03
통과,2024,1,20275,700,2024-05-02,2024-05-02,2024-04-30
출항,2024,13,2691,100,2024-05-02,2024-05-02,2024-04-30
출항,2024,1,16442,1000,2024-05-02,2024-05-02,2024-04-30
출항,2024,1,5723,200,2024-05-02,2024-05-02,2024-04-30
입항,2024,1,5945,380,2024-05-02,2024-05-03,2024-05-01
입항,2024,1,29450,600,2024-05-02,2024-05-02,2024-05-01
출항,2024,1,29767,1000,2024-05-02,2024-05-03,2024-05-02
출항,2024,1,29996,850,2024-05-02,2024-05-02,2024-05-02
출항,2024,1,2253,50,2024-05-02,2024-05-03,2024-05-02
입항,2024,1,2253,100,2024-05-01,2024-05-01,2024-04-30
출항,2024,1,33817,900,2024-04-30,2024-04-30,2024-04-29
출항,2024,1,18311,0,2024-04-30,2024-04-30,2024-04-29
입항,2024,1,3575,150,2024-04-30,2024-04-30,2024-04-29
입항,2024,1,2106,150,2024-04-29,2024-04-29,2024-04-26
입항,2024,1,47985,560,2024-04-29,2024-04-29,2024-04-26
출항,2024,1,11290,340,2024-04-29,2024-04-29,2024-04-26
출항,2024,1,2993,70,2024-04-29,2024-04-29,2024-04-26
출항,2024,1,3038,50,2024-04-28,2024-04-28,2024-04-25
출항,2024,1,4060,125,2024-04-28,2024-04-28,2024-04-26
출항,2024,1,1637,115,2024-04-28,2024-04-28,2024-04-26
입항,2024,1,12105,300,2024-04-28,2024-04-28,2024-04-26
출항,2024,1,7234,300,2024-04-28,2024-04-28,2024-04-26
출항,2024,1,29597,600,2024-04-28,2024-04-28,2024-04-26
출항,2024,1,2999,150,2024-04-28,2024-04-28,2024-04-26
출항,2024,1,28877,700,2024-04-28,2024-04-28,2024-04-26
출항,2024,1,23676,180,2024-04-28,2024-04-28,2024-04-26
출항,2024,16,2682,145,2024-04-28,2024-04-29,2024-04-28
출항,2024,3,11749,600,2024-04-27,2024-04-27,2024-04-19
출항,2024,1,19910,1000,2024-04-27,2024-04-27,2024-04-23
출항,2024,2,12197,200,2024-04-27,2024-04-27,2024-04-25
출항,2024,1,3428,100,2024-04-27,2024-04-28,2024-04-25
입항,2024,1,27976,1050,2024-04-27,2024-04-27,2024-04-26
출항,2024,1,29671,760,2024-04-27,2024-04-27,2024-04-26
입항,2024,1,11259,100,2024-04-27,2024-04-28,2024-04-26
출항,2024,1,63684,350,2024-04-27,2024-04-27,2024-04-26
입항,2024,1,12098,100,2024-04-27,2024-04-27,2024-04-26
출항,2024,1,29996,500,2024-04-27,2024-04-27,2024-04-26
입항,2024,1,2652,40,2024-04-27,2024-04-27,2024-04-27
입항,2024,1,3910,160,2024-04-27,2024-04-27,2024-04-27
출항,2024,3,5523,400,2024-04-26,2024-04-27,2024-04-15
입항,2024,4,8294,250,2024-04-26,2024-04-27,2024-04-23
출항,2024,1,4241,339,2024-04-26,2024-04-26,2024-04-24
출항,2024,1,20059,180,2024-04-26,2024-04-26,2024-04-25
입항,2024,1,29940,840,2024-04-26,2024-04-26,2024-04-25
입항,2024,1,4175,200,2024-04-26,2024-04-26,2024-04-25
입항,2024,2,18287,100,2024-04-26,2024-04-26,2024-04-25
입항,2024,1,3773,100,2024-04-26,2024-04-27,2024-04-26
출항,2024,1,29940,900,2024-04-26,2024-04-26,2024-04-26
출항,2024,1,26809,800,2024-04-25,2024-04-25,2024-04-24
입항,2024,1,29151,1000,2024-04-25,2024-04-25,2024-04-24
입항,2024,1,29671,760,2024-04-25,2024-04-25,2024-04-24
입항,2024,1,17208,600,2024-04-25,2024-04-25,2024-04-24
입항,2024,1,29410,770,2024-04-25,2024-04-25,2024-04-24
입항,2024,1,13146,100,2024-04-25,2024-04-25,2024-04-24
입항,2024,1,29578,1000,2024-04-25,2024-04-25,2024-04-24
출항,2024,1,2163,100,2024-04-25,2024-04-25,2024-04-24
입항,2024,1,29463,580,2024-04-25,2024-04-25,2024-04-24
출항,2024,1,19420,300,2024-04-25,2024-04-25,2024-04-24
출항,2024,1,4175,150,2024-04-25,2024-04-25,2024-04-24
입항,2024,1,28877,700,2024-04-24,2024-04-25,2024-04-23
출항,2024,1,4040,100,2024-04-24,2024-04-24,2024-04-23
출항,2024,1,2691,50,2024-04-24,2024-04-25,2024-04-23
입항,2024,1,2163,100,2024-04-24,2024-04-24,2024-04-24
출항,2024,1,23676,150,2024-04-24,2024-04-25,2024-04-24
입항,2024,1,29597,640,2024-04-22,2024-04-23,2024-04-18
출항,2024,6,2999,192,2024-04-22,2024-04-22,2024-04-19
출항,2024,6,2999,192,2024-04-22,2024-04-23,2024-04-21
입항,2024,1,5197,120,2024-04-21,2024-04-22,2024-04-19
출항,2024,1,5493,100,2024-04-21,2024-04-21,2024-04-19
출항,2024,1,17979,400,2024-04-21,2024-04-21,2024-04-19
출항,2024,1,30873,500,2024-04-20,2024-04-20,2024-04-18
입항,2024,1,3887,120,2024-04-20,2024-04-20,2024-04-19
입항,2024,2,17208,420,2024-04-20,2024-04-20,2024-04-19
입항,2024,1,29744,800,2024-04-20,2024-04-20,2024-04-19
출항,2024,1,29651,500,2024-04-20,2024-04-20,2024-04-19
출항,2024,1,29651,500,2024-04-20,2024-04-20,2024-04-19
입항,2024,1,29744,900,2024-04-20,2024-04-20,2024-04-19
출항,2024,1,2696,150,2024-04-20,2024-04-20,2024-04-19
출항,2024,2,5518,350,2024-04-19,2024-04-20,2024-04-15
출항,2024,1,3428,150,2024-04-19,2024-04-19,2024-04-16
출항,2024,1,3185,200,2024-04-19,2024-04-19,2024-04-18
입항,2024,1,19899,200,2024-04-19,2024-04-19,2024-04-18
출항,2024,3,2492,50,2024-04-19,2024-04-20,2024-04-18
출항,2024,2,22987,100,2024-04-18,2024-04-18,2024-04-15
출항,2024,1,11645,300,2024-04-18,2024-04-18,2024-04-16
입항,2024,1,29707,880,2024-04-18,2024-04-18,2024-04-17
입항,2024,9,2761,160,2024-04-18,2024-04-18,2024-04-17
입항,2024,9,4060,100,2024-04-18,2024-04-18,2024-04-17
출항,2024,1,8261,125,2024-04-17,2024-04-17,2024-04-12
입항,2024,1,5961,300,2024-04-17,2024-04-17,2024-04-15
출항,2024,8,11290,370,2024-04-17,2024-04-17,2024-04-16
출항,2024,1,30237,900,2024-04-17,2024-04-17,2024-04-16
출항,2024,1,8261,125,2024-04-17,2024-04-17,2024-04-16
입항,2024,1,16232,100,2024-04-17,2024-04-17,2024-04-16
입항,2024,1,3376,150,2024-04-17,2024-04-17,2024-04-17
입항,2024,1,4488,200,2024-04-17,2024-04-18,2024-04-17
출항,2024,1,2579,160,2024-04-16,2024-04-16,2024-04-15
출항,2024,1,2497,100,2024-04-16,2024-04-16,2024-04-15
출항,2024,1,3038,110,2024-04-16,2024-04-16,2024-04-15
출항,2024,1,3910,150,2024-04-16,2024-04-16,2024-04-15
출항,2024,1,3575,50,2024-04-16,2024-04-16,2024-04-15
출항,2024,1,5376,280,2024-04-16,2024-04-17,2024-04-16
입항,2024,1,2304,100,2024-04-16,2024-04-16,2024-04-16
출항,2024,1,3109,150,2024-04-16,2024-04-17,2024-04-16
입항,2024,1,13146,100,2024-04-16,2024-04-23,2024-04-23
출항,2024,1,12085,530,2024-04-15,2024-04-15,2024-04-12
입항,2024,1,29993,780,2024-04-15,2024-04-15,2024-04-12
출항,2024,10,3185,100,2024-04-15,2024-04-15,2024-04-12
출항,2024,1,46999,1600,2024-04-15,2024-04-15,2024-04-12
입항,2024,1,3910,150,2024-04-15,2024-04-15,2024-04-14
출항,2024,1,12085,530,2024-04-14,2024-04-14,2024-04-12
출항,2024,1,7675,330,2024-04-14,2024-04-14,2024-04-12
입항,2024,1,22988,150,2024-04-14,2024-04-14,2024-04-12
입항,2024,1,29434,100,2024-04-14,2024-04-14,2024-04-12
출항,2024,4,2442,200,2024-04-14,2024-04-14,2024-04-12
입항,2024,1,30948,917,2024-04-14,2024-04-15,2024-04-12
출항,2024,1,4091,60,2024-04-14,2024-04-14,2024-04-13
출항,2024,3,6843,0,2024-04-13,2024-04-13,2024-04-11
입항,2024,4,2997,80,2024-04-13,2024-04-13,2024-04-11
출항,2024,1,17208,590,2024-04-13,2024-04-13,2024-04-12
출항,2024,3,6843,0,2024-04-13,2024-04-13,2024-04-12
출항,2024,1,4040,50,2024-04-12,2024-04-12,2024-04-11
입항,2024,3,2028,57,2024-04-12,2024-04-13,2024-04-11
출항,2024,3,5487,200,2024-04-12,2024-04-12,2024-04-11
출항,2024,5,4235,300,2024-04-12,2024-04-12,2024-04-11
출항,2024,1,5723,200,2024-04-12,2024-04-12,2024-04-11
입항,2024,1,30040,600,2024-04-11,2024-04-11,2024-04-09
통과,2024,1,29914,520,2024-04-11,2024-04-11,2024-04-09
출항,2024,1,2696,150,2024-04-11,2024-04-11,2024-04-09
출항,2024,1,29914,520,2024-04-11,2024-04-12,2024-04-11
출항,2024,1,8271,200,2024-04-11,2024-04-12,2024-04-11
입항,2024,5,4235,297,2024-04-10,2024-04-11,2024-04-09
출항,2024,12,3595,180,2024-04-10,2024-04-11,2024-04-09
출항,2024,1,5060,200,2024-04-10,2024-04-11,2024-04-09
출항,2024,1,18703,500,2024-04-10,2024-04-10,2024-04-09
입항,2024,1,8271,150,2024-04-10,2024-04-10,2024-04-09
출항,2024,6,2369,6,2024-04-08,2024-04-08,2024-04-05
출항,2024,4,5488,185,2024-04-08,2024-04-08,2024-04-05
출항,2024,1,30068,100,2024-04-08,2024-04-08,2024-04-05
입항,2024,7,2676,190,2024-04-08,2024-04-08,2024-04-06
출항,2024,4,2369,6,2024-04-08,2024-04-08,2024-04-08
입항,2024,2,3380,150,2024-04-08,2024-04-09,2024-04-08
출항,2024,1,29991,700,2024-04-08,2024-04-09,2024-04-08
출항,2024,1,4522,120,2024-04-07,2024-04-07,2024-04-04
통과,2024,1,42968,1120,2024-04-07,2024-04-08,2024-04-04
출항,2024,1,5758,185,2024-04-07,2024-04-07,2024-04-05
입항,2024,1,12101,400,2024-04-07,2024-04-07,2024-04-05
출항,2024,8,2761,0,2024-04-07,2024-04-07,2024-04-05
입항,2024,1,28747,1000,2024-04-07,2024-04-07,2024-04-05
입항,2024,1,8018,200,2024-04-07,2024-04-07,2024-04-05
출항,2024,1,4972,200,2024-04-07,2024-04-07,2024-04-05
출항,2024,11,2691,100,2024-04-07,2024-04-07,2024-04-05
출항,2024,1,2993,50,2024-04-07,2024-04-07,2024-04-05
출항,2024,1,2579,13,2024-04-07,2024-04-07,2024-04-05
출항,2024,1,45965,200,2024-04-07,2024-04-08,2024-04-06
입항,2024,1,30873,630,2024-04-07,2024-04-11,2024-04-10
입항,2024,2,2997,182,2024-04-06,2024-04-06,2024-04-04
입항,2024,4,29940,1000,2024-04-06,2024-04-06,2024-04-05
입항,2024,1,29289,1000,2024-04-06,2024-04-07,2024-04-05
입항,2024,1,3575,150,2024-04-06,2024-04-06,2024-04-05
출항,2024,1,2517,200,2024-04-06,2024-04-07,2024-04-05
출항,2024,1,8072,150,2024-04-06,2024-04-06,2024-04-05
출항,2024,1,5519,150,2024-04-06,2024-04-06,2024-04-05
입항,2024,1,45965,1500,2024-04-06,2024-04-06,2024-04-05
출항,2024,1,5273,200,2024-04-06,2024-04-06,2024-04-06
출항,2024,30,2486,110,2024-04-06,2024-04-06,2024-04-05
출항,2024,1,4500,230,2024-04-05,2024-04-05,2024-04-04
출항,2024,3,2688,109,2024-04-05,2024-04-05,2024-04-04
입항,2024,1,4376,150,2024-04-05,2024-04-05,2024-04-04
입항,2024,1,4060,125,2024-04-05,2024-04-05,2024-04-04
입항,2024,1,4060,125,2024-04-05,2024-04-05,2024-04-04
출항,2024,1,4544,125,2024-04-04,2024-04-04,2024-04-03
입항,2024,2,3493,200,2024-04-03,2024-04-03,2024-04-01
입항,2024,6,2997,30,2024-04-03,2024-04-03,2024-04-02
입항,2024,1,2696,150,2024-04-03,2024-04-03,2024-04-02
출항,2024,1,5273,150,2024-04-03,2024-04-03,2024-04-02
출항,2024,1,12238,400,2024-04-03,2024-04-03,2024-04-03
출항,2024,1,5997,350,2024-04-02,2024-04-02,2024-03-25
출항,2024,1,11749,500,2024-04-02,2024-04-02,2024-03-28
출항,2024,2,4309,200,2024-04-02,2024-04-02,2024-04-01
출항,2024,1,29884,1000,2024-04-02,2024-04-02,2024-04-01
입항,2024,1,2999,195,2024-04-02,2024-04-02,2024-04-01
입항,2024,1,11977,350,2024-04-02,2024-04-02,2024-04-01
출항,2024,1,4040,110,2024-04-02,2024-04-02,2024-04-01
입항,2024,1,6398,90,2024-04-02,2024-04-02,2024-04-01
입항,2024,2,1698,0,2024-04-02,2024-04-02,2024-04-01
출항,2024,1,30030,500,2024-04-02,2024-04-03,2024-04-02
입항,2024,1,30030,400,2024-04-02,2024-04-02,2024-04-02
입항,2024,1,7234,150,2024-04-02,2024-04-02,2024-04-02
입항,2024,13,2682,80,2024-04-02,2024-04-03,2024-04-02
출항,2024,1,156331,320,2024-04-01,2024-04-02,2024-03-20
출항,2024,1,6944,300,2024-04-01,2024-04-01,2024-03-28
통과,2024,1,51976,880,2024-04-01,2024-04-02,2024-03-28
입항,2024,1,1956,75,2024-03-31,2024-03-31,2024-03-28
입항,2024,1,11704,200,2024-03-31,2024-03-31,2024-03-29
출항,2024,1,12035,200,2024-03-31,2024-03-31,2024-03-29
입항,2024,1,26047,200,2024-03-31,2024-03-31,2024-03-29
출항,2024,1,5060,100,2024-03-31,2024-03-31,2024-03-29
출항,2024,1,4060,150,2024-03-31,2024-03-31,2024-03-30
출항,2024,1,6843,200,2024-03-30,2024-03-30,2024-03-26
입항,2024,3,8260,200,2024-03-30,2024-03-30,2024-03-27
입항,2024,1,30523,700,2024-03-30,2024-03-30,2024-03-29
출항,2024,1,12191,400,2024-03-30,2024-03-29,2024-03-29
입항,2024,1,8254,350,2024-03-30,2024-03-30,2024-03-29
입항,2024,1,29667,920,2024-03-30,2024-03-30,2024-03-29
출항,2024,1,30010,150,2024-03-30,2024-03-30,2024-03-29
출항,2024,1,43551,200,2024-03-30,2024-03-31,2024-03-29
입항,2024,2,6843,200,2024-03-29,2024-03-30,2024-03-26
출항,2024,1,6843,200,2024-03-29,2024-03-29,2024-03-27
입항,2024,1,8686,11,2024-03-29,2024-03-29,2024-03-28
출항,2024,1,34128,1070,2024-03-28,2024-03-28,2024-03-26
출항,2024,3,17208,630,2024-03-28,2024-03-28,2024-03-27
입항,2024,1,29553,300,2024-03-28,2024-03-28,2024-03-27
출항,2024,1,30010,580,2024-03-28,2024-03-28,2024-03-27
출항,2024,1,2059,50,2024-03-28,2024-03-28,2024-03-27
출항,2024,1,4544,130,2024-03-28,2024-03-28,2024-03-27
통과,2024,1,20151,500,2024-03-27,2024-03-27,2024-03-25
입항,2024,1,31534,100,2024-03-27,2024-03-27,2024-03-26
입항,2024,1,29667,920,2024-03-27,2024-03-27,2024-03-26
출항,2024,1,3773,50,2024-03-27,2024-03-27,2024-03-26
출항,2024,1,29712,900,2024-03-27,2024-03-27,2024-03-26
입항,2024,1,7294,100,2024-03-27,2024-03-27,2024-03-26
입항,2024,1,8581,120,2024-03-27,2024-03-27,2024-03-26
입항,2024,10,2193,30,2024-03-27,2024-03-27,2024-03-27
입항,2024,1,6194,300,2024-03-27,2024-03-28,2024-03-27
통과,2024,1,29767,800,2024-03-25,2024-03-26,2024-03-15
출항,2024,6,2997,30,2024-03-25,2024-04-01,2024-04-01
통과,2024,1,29267,600,2024-03-24,2024-03-24,2024-03-15
입항,2024,10,11290,460,2024-03-23,2024-03-22,2024-03-22
입항,2024,1,5025,150,2024-03-23,2024-03-23,2024-03-22
출항,2024,1,5376,140,2024-03-23,2024-03-24,2024-03-22
출항,2024,1,12902,150,2024-03-23,2024-03-23,2024-03-22
입항,2024,2,2028,105,2024-03-22,2024-03-22,2024-03-20
출항,2024,1,11724,150,2024-03-22,2024-03-22,2024-03-20
입항,2024,1,4830,200,2024-03-22,2024-03-22,2024-03-21
출항,2024,3,8294,200,2024-03-22,2024-03-22,2024-03-21
출항,2024,1,27976,600,2024-03-22,2024-03-22,2024-03-21
입항,2024,1,3910,200,2024-03-22,2024-03-22,2024-03-21
출항,2024,1,4067,200,2024-03-22,2024-03-22,2024-03-21
입항,2024,1,3079,187,2024-03-22,2024-03-23,2024-03-21
입항,2024,2,8294,200,2024-03-21,2024-03-21,2024-03-18
출항,2024,1,4067,100,2024-03-21,2024-03-21,2024-03-20
출항,2024,1,8018,300,2024-03-21,2024-03-21,2024-03-20
출항,2024,1,3038,50,2024-03-21,2024-03-21,2024-03-20
출항,2024,1,30068,500,2024-03-19,2024-03-19,2024-03-18
출항,2024,1,2028,66,2024-03-18,2024-03-18,2024-03-13
입항,2024,5,2999,250,2024-03-18,2024-03-18,2024-03-15
출항,2024,1,29597,900,2024-03-18,2024-03-18,2024-03-15
출항,2024,1,19968,50,2024-03-18,2024-03-18,2024-03-15
입항,2024,1,29513,400,2024-03-17,2024-03-18,2024-03-15
입항,2024,1,4060,100,2024-03-17,2024-03-17,2024-03-15
출항,2024,1,2579,140,2024-03-17,2024-03-18,2024-03-15
출항,2024,1,29597,895,2024-03-17,2024-03-18,2024-03-15
입항,2024,1,4873,150,2024-03-17,2024-03-18,2024-03-15
출항,2024,1,2304,68,2024-03-17,2024-03-17,2024-03-15
출항,2024,1,2304,60,2024-03-17,2024-03-17,2024-03-15
입항,2024,1,19968,0,2024-03-17,2024-03-17,2024-03-16
출항,2024,1,7251,404,2024-03-17,2024-03-18,2024-03-17
출항,2024,1,2700,150,2024-03-16,2024-03-16,2024-03-13
입항,2024,1,2028,66,2024-03-16,2024-03-17,2024-03-13
입항,2024,1,16440,560,2024-03-16,2024-03-16,2024-03-14
출항,2024,1,81476,900,2024-03-16,2024-03-16,2024-03-14
입항,2024,1,8231,300,2024-03-16,2024-03-17,2024-03-15
입항,2024,1,29991,710,2024-03-16,2024-03-16,2024-03-15
출항,2024,1,29991,800,2024-03-16,2024-03-16,2024-03-15
출항,2024,1,5060,150,2024-03-16,2024-03-16,2024-03-15
출항,2024,1,5060,190,2024-03-16,2024-03-17,2024-03-16
입항,2024,1,9800,300,2024-03-15,2024-03-15,2024-03-08
출항,2024,1,5667,230,2024-03-15,2024-03-15,2024-03-13
출항,2024,1,30325,200,2024-03-15,2024-03-15,2024-03-13
입항,2024,1,29460,600,2024-03-15,2024-03-15,2024-03-14
입항,2024,1,9800,100,2024-03-15,2024-03-15,2024-03-14
출항,2024,1,2579,90,2024-03-15,2024-03-15,2024-03-14
출항,2024,1,4543,90,2024-03-15,2024-03-15,2024-03-14
입항,2024,1,17208,350,2024-03-15,2024-03-15,2024-03-14
출항,2024,1,2696,150,2024-03-15,2024-03-15,2024-03-14
입항,2024,1,5519,200,2024-03-15,2024-03-15,2024-03-14
입항,2024,1,1637,90,2024-03-15,2024-03-15,2024-03-14
입항,2024,1,29460,800,2024-03-15,2024-03-15,2024-03-14
입항,2024,1,29305,1000,2024-03-15,2024-03-16,2024-03-15
통과,2024,1,17208,410,2024-03-14,2024-03-14,2024-03-11
출항,2024,1,3595,190,2024-03-14,2024-03-14,2024-03-11
통과,2024,1,47961,150,2024-03-14,2024-03-14,2024-03-12
출항,2024,1,2101,212,2024-03-14,2024-03-14,2024-03-13
입항,2024,1,3595,160,2024-03-14,2024-03-15,2024-03-13
입항,2024,1,29267,350,2024-03-14,2024-03-14,2024-03-13
출항,2024,1,21275,700,2024-03-14,2024-03-14,2024-03-13
입항,2024,3,5760,225,2024-03-14,2024-03-15,2024-03-13
출항,2024,1,12238,200,2024-03-14,2024-03-14,2024-03-13
입항,2024,1,47129,1600,2024-03-14,2024-03-15,2024-03-14
출항,2024,1,29646,390,2024-03-13,2024-03-13,2024-03-11
출항,2024,1,29807,300,2024-03-13,2024-03-13,2024-03-12
출항,2024,1,17785,100,2024-03-13,2024-03-13,2024-03-12
출항,2024,1,9797,20,2024-03-13,2024-03-13,2024-03-12
출항,2024,1,29804,800,2024-03-13,2024-03-13,2024-03-12
출항,2024,1,7675,400,2024-03-13,2024-03-12,2024-03-12
출항,2024,1,29337,650,2024-03-13,2024-03-13,2024-03-12
입항,2024,1,23676,360,2024-03-13,2024-03-14,2024-03-13
출항,2024,1,30152,1000,2024-03-12,2024-03-12,2024-03-11
출항,2024,1,7488,300,2024-03-12,2024-03-12,2024-03-11
출항,2024,1,4241,170,2024-03-12,2024-03-12,2024-03-11
입항,2024,1,29327,200,2024-03-12,2024-03-12,2024-03-11
입항,2024,1,17208,310,2024-03-12,2024-03-12,2024-03-11
출항,2024,1,2497,100,2024-03-12,2024-03-12,2024-03-11
입항,2024,1,4828,210,2024-03-12,2024-03-12,2024-03-11
입항,2024,1,7675,150,2024-03-12,2024-03-12,2024-03-11
출항,2024,1,5002,150,2024-03-12,2024-03-12,2024-03-11
입항,2024,1,42208,200,2024-03-12,2024-03-12,2024-03-11
출항,2024,1,28799,300,2024-03-12,2024-03-12,2024-03-12
출항,2024,1,3109,30,2024-03-11,2024-03-11,2024-03-08
출항,2024,1,3038,100,2024-03-11,2024-03-11,2024-03-08
출항,2024,1,26192,350,2024-03-11,2024-03-11,2024-03-08
출항,2024,1,15065,600,2024-03-11,2024-03-11,2024-03-08
출항,2024,1,29327,700,2024-03-11,2024-03-11,2024-03-10
출항,2024,1,29465,1500,2024-03-11,2024-03-11,2024-03-10
입항,2024,1,62373,500,2024-03-11,2024-03-11,2024-03-10
출항,2024,1,4091,100,2024-03-11,2024-03-11,2024-03-10
출항,2024,1,3765,150,2024-03-11,2024-03-12,2024-03-11
입항,2024,1,159930,175,2024-03-10,2024-03-10,2024-03-08
입항,2024,1,5197,20,2024-03-10,2024-03-10,2024-03-08
입항,2024,1,11645,100,2024-03-10,2024-03-10,2024-03-08
입항,2024,1,29736,0,2024-03-10,2024-03-10,2024-03-08
입항,2024,1,29804,700,2024-03-10,2024-03-10,2024-03-08
출항,2024,1,62373,1000,2024-03-10,2024-03-11,2024-03-08
입항,2024,1,29804,675,2024-03-10,2024-03-10,2024-03-08
입항,2024,1,29465,1800,2024-03-10,2024-03-10,2024-03-08
출항,2024,1,2823,70,2024-03-10,2024-03-10,2024-03-09
출항,2024,1,56326,100,2024-03-09,2024-03-09,2024-03-04
출항,2024,10,2682,150,2024-03-09,2024-03-09,2024-03-07
입항,2024,2,29917,480,2024-03-09,2024-03-09,2024-03-08
출항,2024,1,159962,220,2024-03-09,2024-03-10,2024-03-08
입항,2024,1,30521,1200,2024-03-09,2024-03-10,2024-03-08
출항,2024,1,4040,110,2024-03-09,2024-03-09,2024-03-08
출항,2024,1,16452,240,2024-03-09,2024-03-10,2024-03-08
출항,2024,1,3887,200,2024-03-09,2024-03-09,2024-03-08
출항,2024,1,8294,150,2024-03-09,2024-03-09,2024-03-08
입항,2024,1,30152,500,2024-03-09,2024-03-10,2024-03-08
출항,2024,1,29735,1200,2024-03-09,2024-03-09,2024-03-08
입항,2024,1,29337,700,2024-03-09,2024-03-10,2024-03-08
출항,2024,1,4060,100,2024-03-09,2024-03-09,2024-03-09
통과,2024,1,29553,600,2024-03-08,2024-03-08,2024-02-28
입항,2024,1,3376,150,2024-03-08,2024-03-08,2024-02-29
입항,2024,5,2997,135,2024-03-08,2024-03-08,2024-03-06
입항,2024,2,17208,660,2024-03-08,2024-03-08,2024-03-07
입항,2024,4,3629,100,2024-03-08,2024-03-08,2024-03-07
출항,2024,1,8072,80,2024-03-08,2024-03-08,2024-03-07
입항,2024,2,5487,40,2024-03-08,2024-03-08,2024-03-07
출항,2024,1,5519,150,2024-03-08,2024-03-08,2024-03-07
출항,2024,1,5493,150,2024-03-08,2024-03-08,2024-03-07
입항,2024,1,2993,110,2024-03-08,2024-03-08,2024-03-07
출항,2024,1,2106,150,2024-03-08,2024-03-09,2024-03-08
입항,2024,1,29991,800,2024-03-08,2024-03-09,2024-03-08
출항,2024,1,3834,100,2024-03-08,2024-03-08,2024-03-08
입항,2024,2,159875,150,2024-03-07,2024-03-08,2024-03-05
통과,2024,1,63555,2000,2024-03-07,2024-03-08,2024-03-05
출항,2024,1,10945,100,2024-03-05,2024-03-05,2024-03-02
출항,2024,1,57468,1400,2024-03-05,2024-03-05,2024-03-04
출항,2024,1,12238,300,2024-03-05,2024-03-12,2024-03-12
출항,2024,1,14927,200,2024-03-04,2024-03-04,2024-02-29
입항,2024,1,23861,200,2024-03-04,2024-03-04,2024-02-29
입항,2024,1,29000,400,2024-03-04,2024-03-04,2024-02-29
입항,2024,1,29646,700,2024-03-04,2024-03-04,2024-03-01
출항,2024,1,7699,300,2024-03-04,2024-03-04,2024-03-02
입항,2024,1,29736,400,2024-03-04,2024-03-04,2024-03-03
입항,2024,1,30873,800,2024-03-04,2024-03-05,2024-03-03
입항,2024,1,29463,647,2024-03-04,2024-03-04,2024-03-04
입항,2024,1,61060,300,2024-03-04,2024-03-05,2024-03-04
출항,2024,1,29447,300,2024-03-03,2024-03-03,2024-03-01
입항,2024,1,29653,1000,2024-03-03,2024-03-03,2024-03-01
출항,2024,1,4091,100,2024-03-03,2024-03-03,2024-03-02
출항,2024,6,4873,110,2024-03-03,2024-03-03,2024-03-02
입항,2024,1,3910,155,2024-03-03,2024-03-04,2024-03-02
입항,2024,1,4488,100,2024-03-02,2024-03-02,2024-02-29
출항,2024,1,8271,150,2024-03-02,2024-03-02,2024-02-29
입항,2024,2,16452,100,2024-03-01,2024-03-01,2024-02-27
출항,2024,1,3038,50,2024-03-01,2024-03-01,2024-02-27
통과,2024,1,2999,210,2024-03-01,2024-03-01,2024-02-28
출항,2024,2,11757,180,2024-03-01,2024-03-02,2024-02-29
출항,2024,1,4067,200,2024-03-01,2024-03-01,2024-02-29
입항,2024,3,29940,515,2024-02-29,2024-03-01,2024-02-28
출항,2024,1,29307,100,2024-02-29,2024-02-29,2024-02-28
출항,2024,2,51976,1520,2024-02-29,2024-03-01,2024-02-28
입항,2024,1,28754,500,2024-02-29,2024-02-29,2024-02-28
입항,2024,1,63915,700,2024-02-29,2024-02-29,2024-02-28
출항,2024,1,84624,1000,2024-02-29,2024-02-29,2024-02-28
입항,2024,1,7561,150,2024-02-29,2024-02-29,2024-02-28
출항,2024,1,4374,150,2024-02-29,2024-02-29,2024-02-28
출항,2024,1,43687,260,2024-02-29,2024-02-29,2024-02-28
입항,2024,2,2498,93,2024-02-29,2024-02-29,2024-02-28
입항,2024,1,28985,200,2024-02-28,2024-02-28,2024-02-26
입항,2024,1,62647,1150,2024-02-28,2024-02-28,2024-02-27
입항,2024,1,29289,500,2024-02-28,2024-02-28,2024-02-27
출항,2024,1,7030,25,2024-02-28,2024-02-28,2024-02-27
출항,2024,1,2490,150,2024-02-28,2024-02-28,2024-02-27
입항,2024,1,5457,230,2024-02-28,2024-02-28,2024-02-27
출항,2024,1,2579,80,2024-02-28,2024-02-28,2024-02-27
통과,2024,1,64309,1050,2024-02-28,2024-02-28,2024-02-27
입항,2024,1,2579,150,2024-02-28,2024-02-29,2024-02-28
출항,2024,1,2517,150,2024-02-28,2024-02-28,2024-02-28
입항,2024,1,62397,1375,2024-02-28,2024-02-29,2024-02-28
통과,2024,1,63684,750,2024-02-28,2024-02-29,2024-02-28
입항,2024,2,29266,900,2024-02-27,2024-02-27,2024-02-26
입항,2024,1,29875,100,2024-02-26,2024-02-26,2024-02-22
출항,2024,1,5727,220,2024-02-26,2024-02-26,2024-02-23
입항,2024,1,29455,500,2024-02-26,2024-02-27,2024-02-23
출항,2024,1,3910,150,2024-02-26,2024-02-26,2024-02-25
출항,2024,4,4890,150,2024-02-25,2024-02-25,2024-02-23
출항,2024,1,5197,50,2024-02-25,2024-02-25,2024-02-23
출항,2024,1,8254,380,2024-02-25,2024-02-25,2024-02-23
입항,2024,1,6194,100,2024-02-25,2024-02-25,2024-02-25
입항,2024,1,29266,900,2024-02-25,2024-02-26,2024-02-25
입항,2024,5,5598,115,2024-02-24,2024-02-24,2024-02-23
출항,2024,1,2993,50,2024-02-24,2024-02-24,2024-02-23
출항,2024,1,2028,88,2024-02-24,2024-02-24,2024-02-23
입항,2024,3,2362,140,2024-02-24,2024-02-24,2024-02-23
출항,2024,1,5667,70,2024-02-24,2024-02-25,2024-02-23
통과,2024,1,29460,900,2024-02-22,2024-02-22,2024-02-15
입항,2024,1,9999,450,2024-02-19,2024-02-19,2024-02-16
출항,2024,1,7411,50,2024-02-18,2024-02-19,2024-02-14
출항,2024,1,8818,130,2024-02-18,2024-02-18,2024-02-15
입항,2024,1,30873,620,2024-02-18,2024-02-18,2024-02-17
입항,2024,2,8260,0,2024-02-17,2024-02-17,2024-02-14
출항,2024,1,18082,75,2024-02-17,2024-02-18,2024-02-14
통과,2024,1,120525,2050,2024-02-17,2024-02-17,2024-02-15
입항,2024,1,30027,1000,2024-02-17,2024-02-17,2024-02-16
출항,2024,1,29987,800,2024-02-17,2024-02-17,2024-02-16
출항,2024,1,17680,590,2024-02-17,2024-02-17,2024-02-16
출항,2024,1,22837,200,2024-02-17,2024-02-17,2024-02-16
입항,2024,1,8018,250,2024-02-17,2024-02-17,2024-02-16
출항,2024,1,2486,90,2024-02-17,2024-02-17,2024-02-16
출항,2024,1,8242,200,2024-02-17,2024-02-18,2024-02-16
입항,2024,5,4873,110,2024-02-17,2024-02-17,2024-02-16
입항,2024,1,30259,660,2024-02-17,2024-02-17,2024-02-16
출항,2024,7,4164,190,2024-02-17,2024-02-17,2024-02-16
출항,2024,1,3420,168,2024-02-17,2024-02-18,2024-02-16
출항,2024,2,5376,300,2024-02-16,2024-02-16,2024-02-13
출항,2024,1,5273,300,2024-02-16,2024-02-16,2024-02-14
입항,2024,1,3834,100,2024-02-16,2024-02-17,2024-02-15
입항,2024,1,5025,170,2024-02-16,2024-02-16,2024-02-16
출항,2024,1,5720,30,2024-02-16,2024-02-17,2024-02-16
출항,2024,2,11988,500,2024-02-15,2024-02-16,2024-02-06
입항,2024,1,11988,500,2024-02-15,2024-02-16,2024-02-07
입항,2024,1,7411,300,2024-02-15,2024-02-16,2024-02-07
출항,2024,3,4301,200,2024-02-15,2024-02-16,2024-02-13
출항,2024,1,29375,800,2024-02-15,2024-02-15,2024-02-13
입항,2024,1,30259,660,2024-02-15,2024-02-15,2024-02-14
출항,2024,1,3887,150,2024-02-15,2024-02-15,2024-02-14
출항,2024,5,3887,100,2024-02-15,2024-02-15,2024-02-14
입항,2024,1,3404,200,2024-02-15,2024-02-15,2024-02-14
출항,2024,1,2106,20,2024-02-15,2024-02-16,2024-02-14
출항,2024,1,2692,50,2024-02-14,2024-02-14,2024-02-08
출항,2024,1,2692,50,2024-02-14,2024-02-14,2024-02-12
입항,2024,2,29980,600,2024-02-14,2024-02-14,2024-02-13
출항,2024,1,30027,600,2024-02-14,2024-02-14,2024-02-13
출항,2024,1,3765,150,2024-02-14,2024-02-14,2024-02-13
출항,2024,1,4060,150,2024-02-14,2024-02-14,2024-02-13
입항,2024,2,15818,220,2024-02-14,2024-02-14,2024-02-13
출항,2024,1,4214,50,2024-02-14,2024-02-15,2024-02-14
입항,2024,1,5197,140,2024-02-14,2024-02-14,2024-02-14
입항,2024,1,47287,1650,2024-02-14,2024-02-15,2024-02-14
출항,2024,1,3376,200,2024-02-14,2024-02-15,2024-02-14
출항,2024,1,16452,300,2024-02-13,2024-02-13,2024-02-07
출항,2024,1,162180,1100,2024-02-13,2024-02-13,2024-02-07
입항,2024,1,18733,580,2024-02-13,2024-02-13,2024-02-08
출항,2024,1,17208,700,2024-02-13,2024-02-13,2024-02-08
출항,2024,1,3038,60,2024-02-13,2024-02-13,2024-02-08
출항,2024,1,30948,500,2024-02-13,2024-02-14,2024-02-08
출항,2024,1,11952,0,2024-02-13,2024-02-13,2024-02-12
입항,2024,2,8294,300,2024-02-13,2024-02-13,2024-02-12
입항,2024,1,29375,800,2024-02-12,2024-02-13,2024-01-30
출항,2024,5,2999,100,2024-02-12,2024-02-12,2024-02-08
출항,2024,1,28778,200,2024-02-12,2024-02-13,2024-02-08
출항,2024,1,4416,125,2024-02-12,2024-02-12,2024-02-11
입항,2024,1,11952,0,2024-02-11,2024-02-11,2024-02-08
출항,2024,4,2997,90,2024-02-11,2024-02-11,2024-02-08
입항,2024,1,4060,20,2024-02-11,2024-02-11,2024-02-08
출항,2024,1,8577,150,2024-02-11,2024-02-11,2024-02-08
출항,2024,1,30325,500,2024-02-11,2024-02-12,2024-02-08
입항,2024,1,29996,760,2024-02-11,2024-02-11,2024-02-08
출항,2024,1,2101,162,2024-02-11,2024-02-11,2024-02-09
출항,2024,1,2328,70,2024-02-11,2024-02-11,2024-02-11
입항,2024,2,5367,200,2024-02-10,2024-02-10,2024-02-08
출항,2024,1,63497,1200,2024-02-10,2024-02-10,2024-02-08
출항,2024,1,20058,300,2024-02-10,2024-02-10,2024-02-08
입항,2024,6,2682,80,2024-02-09,2024-02-09,2024-02-07
출항,2024,1,23676,570,2024-02-09,2024-02-09,2024-02-08
출항,2024,1,5060,80,2024-02-09,2024-02-09,2024-02-08
출항,2024,1,4376,145,2024-02-09,2024-02-10,2024-02-08
출항,2024,1,4040,120,2024-02-09,2024-02-10,2024-02-08
출항,2024,1,2490,150,2024-02-09,2024-02-09,2024-02-08
입항,2024,2,29365,500,2024-02-09,2024-02-10,2024-02-08
입항,2024,1,28985,300,2024-02-09,2024-02-10,2024-02-08
출항,2024,1,28245,760,2024-02-09,2024-02-10,2024-02-08
입항,2024,1,64705,1200,2024-02-09,2024-02-09,2024-02-08
통과,2024,1,29553,500,2024-02-08,2024-02-08,2024-02-06
출항,2024,1,2946,150,2024-02-08,2024-02-08,2024-02-06
입항,2024,1,10754,100,2024-02-08,2024-02-08,2024-02-06
입항,2024,1,30945,1000,2024-02-08,2024-02-09,2024-02-06
출항,2024,1,3887,100,2024-02-08,2024-02-08,2024-02-07
입항,2024,1,30560,1130,2024-02-08,2024-02-08,2024-02-07
출항,2024,1,48738,800,2024-02-08,2024-02-08,2024-02-07
입항,2024,3,2101,100,2024-02-08,2024-02-08,2024-02-07
출항,2024,1,8277,150,2024-02-08,2024-02-08,2024-02-07
입항,2024,1,28777,1200,2024-02-08,2024-02-08,2024-02-07
입항,2024,1,2579,75,2024-02-08,2024-02-08,2024-02-07
입항,2024,1,29649,800,2024-02-08,2024-02-08,2024-02-07
입항,2024,1,29649,955,2024-02-08,2024-02-09,2024-02-08
출항,2024,1,8277,150,2024-02-08,2024-02-09,2024-02-08
통과,2024,1,29327,1045,2024-02-07,2024-02-07,2024-01-24
출항,2024,9,2497,145,2024-02-07,2024-02-07,2024-02-06
출항,2024,1,4522,40,2024-02-07,2024-02-07,2024-02-06
입항,2024,1,29998,200,2024-02-07,2024-02-07,2024-02-06
출항,2024,1,2993,89,2024-02-07,2024-02-07,2024-02-06
출항,2024,2,2517,70,2024-02-07,2024-02-08,2024-02-06
입항,2024,1,29814,850,2024-02-07,2024-02-08,2024-02-07
출항,2024,1,4091,0,2024-02-07,2024-02-08,2024-02-07
출항,2024,1,39964,700,2024-02-06,2024-02-07,2024-02-02
입항,2024,1,4960,150,2024-02-05,2024-02-05,2024-02-02
출항,2024,1,29419,1600,2024-02-04,2024-02-04,2024-01-29
출항,2024,1,2997,5,2024-02-04,2024-02-04,2024-02-02
입항,2024,1,4060,150,2024-02-04,2024-02-04,2024-02-02
입항,2024,1,5519,150,2024-02-04,2024-02-04,2024-02-02
통과,2024,1,120525,2050,2024-02-03,2024-02-03,2024-02-01
통과,2024,1,9994,450,2024-02-03,2024-02-03,2024-02-02
입항,2024,1,28245,760,2024-02-03,2024-02-03,2024-02-02
입항,2024,1,3586,200,2024-02-03,2024-02-03,2024-02-02
출항,2024,1,2696,100,2024-02-03,2024-02-03,2024-02-02
출항,2024,1,8577,150,2024-02-03,2024-02-04,2024-02-02
출항,2024,1,8294,300,2024-02-03,2024-02-03,2024-02-02
출항,2024,1,26914,800,2024-02-01,2024-02-01,2024-01-31
입항,2024,1,2999,125,2024-02-01,2024-02-01,2024-01-31
출항,2024,4,5598,60,2024-01-31,2024-01-31,2024-01-30
입항,2024,1,4060,125,2024-01-31,2024-01-31,2024-01-30
출항,2024,1,64092,2350,2024-01-31,2024-01-31,2024-01-30
출항,2024,1,4873,110,2024-01-31,2024-01-31,2024-01-30
출항,2024,2,2999,189,2024-01-31,2024-02-01,2024-01-30
출항,2024,1,6426,300,2024-01-31,2024-02-01,2024-01-30
출항,2024,1,33817,700,2024-01-31,2024-01-31,2024-01-30
입항,2024,1,3773,200,2024-01-31,2024-01-31,2024-01-30
입항,2024,1,3550,110,2024-01-31,2024-01-31,2024-01-30
입항,2024,1,46793,1300,2024-01-31,2024-01-31,2024-01-30
입항,2024,1,22988,100,2024-01-31,2024-01-31,2024-01-30
출항,2024,1,4902,110,2024-01-30,2024-01-30,2024-01-29
출항,2024,1,63694,735,2024-01-30,2024-01-31,2024-01-29
입항,2024,1,5940,150,2024-01-30,2024-01-30,2024-01-29
출항,2024,1,4544,100,2024-01-30,2024-01-30,2024-01-29
입항,2024,1,29707,800,2024-01-30,2024-01-30,2024-01-29
출항,2024,1,29593,800,2024-01-30,2024-01-30,2024-01-29
입항,2024,1,28985,800,2024-01-30,2024-01-30,2024-01-29
출항,2024,1,5758,100,2024-01-30,2024-01-30,2024-01-29
출항,2024,1,4544,90,2024-01-30,2024-01-30,2024-01-29
출항,2024,1,4543,100,2024-01-30,2024-01-30,2024-01-29
입항,2024,1,8562,150,2024-01-30,2024-01-31,2024-01-29
출항,2024,1,27976,2100,2024-01-30,2024-01-31,2024-01-30
출항,2024,1,25400,500,2024-01-30,2024-01-31,2024-01-30
입항,2024,1,25400,500,2024-01-29,2024-01-29,2024-01-26
출항,2024,1,4387,120,2024-01-29,2024-01-29,2024-01-26
입항,2024,1,33817,800,2024-01-29,2024-01-29,2024-01-27
출항,2024,1,27976,1500,2024-01-29,2024-01-30,2024-01-28
출항,2024,1,172093,5488,2024-01-29,2024-02-02,2024-01-28
출항,2024,2,2101,100,2024-01-28,2024-01-28,2024-01-26
출항,2024,1,5667,240,2024-01-28,2024-01-28,2024-01-26
입항,2024,1,8581,80,2024-01-28,2024-01-28,2024-01-26
출항,2024,1,25400,500,2024-01-28,2024-01-28,2024-01-26
입항,2024,1,30945,1000,2024-01-28,2024-01-29,2024-01-26
입항,2024,1,6052,180,2024-01-28,2024-01-29,2024-01-26
출항,2024,1,6052,150,2024-01-28,2024-01-29,2024-01-26
출항,2024,1,5457,230,2024-01-28,2024-01-28,2024-01-26
출항,2024,1,17139,1050,2024-01-28,2024-01-28,2024-01-26
출항,2024,1,29597,0,2024-01-28,2024-01-28,2024-01-27
출항,2024,1,6052,150,2024-01-28,2024-01-29,2024-01-27
출항,2024,1,2823,150,2024-01-28,2024-01-28,2024-01-27
입항,2024,1,7234,350,2024-01-28,2024-01-29,2024-01-28
입항,2024,1,3887,180,2024-01-27,2024-01-27,2024-01-25
출항,2024,1,29980,600,2024-01-27,2024-01-27,2024-01-25
출항,2024,1,157039,100,2024-01-27,2024-01-28,2024-01-25
출항,2024,1,63915,600,2024-01-27,2024-01-28,2024-01-26
출항,2024,1,5197,46,2024-01-27,2024-01-27,2024-01-26
출항,2024,1,4416,120,2024-01-27,2024-01-27,2024-01-26
입항,2024,1,11757,430,2024-01-27,2024-01-27,2024-01-26
입항,2024,1,11757,430,2024-01-27,2024-01-27,2024-01-26
출항,2024,1,29980,700,2024-01-27,2024-01-27,2024-01-26
입항,2024,1,4965,100,2024-01-27,2024-01-28,2024-01-26
출항,2024,1,3765,150,2024-01-27,2024-01-27,2024-01-26
출항,2024,1,64705,600,2024-01-27,2024-01-28,2024-01-26
입항,2024,1,8270,580,2024-01-26,2024-01-26,2024-01-16
출항,2024,1,42338,600,2024-01-26,2024-01-27,2024-01-25
출항,2024,1,22028,1000,2024-01-25,2024-01-25,2024-01-24
입항,2024,1,3138,200,2024-01-25,2024-01-26,2024-01-25
통과,2024,1,9994,450,2024-01-25,2024-02-01,2024-02-01
입항,2024,1,11988,390,2024-01-24,2024-01-25,2024-01-16
출항,2024,1,4301,200,2024-01-24,2024-01-24,2024-01-19
출항,2024,1,3430,100,2024-01-24,2024-01-24,2024-01-22
입항,2024,2,5988,0,2024-01-24,2024-01-24,2024-01-23
출항,2024,1,29283,170,2024-01-24,2024-01-24,2024-01-23
입항,2024,1,2579,105,2024-01-24,2024-01-24,2024-01-23
출항,2024,1,4060,150,2024-01-24,2024-01-24,2024-01-23
출항,2024,1,29903,300,2024-01-22,2024-01-22,2024-01-19
입항,2024,1,2517,80,2024-01-21,2024-01-21,2024-01-17
통과,2024,1,23353,0,2024-01-21,2024-01-21,2024-01-18
출항,2024,1,29903,300,2024-01-20,2024-01-21,2024-01-19
입항,2024,1,2993,80,2024-01-18,2024-01-18,2024-01-17
출항,2024,1,45965,1800,2024-01-18,2024-01-18,2024-01-17
출항,2024,1,4239,340,2024-01-18,2024-01-18,2024-01-17
출항,2024,1,5488,185,2024-01-17,2024-01-17,2024-01-15
출항,2024,1,19440,300,2024-01-17,2024-01-17,2024-01-16
출항,2024,1,4500,160,2024-01-17,2024-01-22,2024-01-17
입항,2024,1,8539,100,2024-01-16,2024-01-16,2024-01-15
입항,2024,1,30237,1000,2024-01-16,2024-01-17,2024-01-16
출항,2024,1,2059,50,2024-01-16,2024-01-16,2024-01-16
출항,2024,1,6052,40,2024-01-16,2024-01-17,2024-01-16
통과,2024,1,46250,1100,2024-01-15,2024-01-16,2024-01-05
입항,2024,1,4544,105,2024-01-15,2024-01-15,2024-01-12
입항,2024,1,3834,500,2024-01-15,2024-01-15,2024-01-15
입항,2024,1,5988,100,2024-01-14,2024-01-14,2024-01-11
입항,2024,1,159026,200,2024-01-14,2024-01-15,2024-01-12
출항,2024,1,3038,200,2024-01-14,2024-01-15,2024-01-12
출항,2024,1,15839,780,2024-01-14,2024-01-14,2024-01-12
출항,2024,1,4374,100,2024-01-14,2024-01-14,2024-01-12
입항,2024,1,2371,30,2024-01-14,2024-01-14,2024-01-12
입항,2024,1,4060,50,2024-01-14,2024-01-14,2024-01-12
출항,2024,1,160102,200,2024-01-13,2024-01-13,2024-01-08
입항,2024,1,2498,130,2024-01-13,2024-01-13,2024-01-11
출항,2024,1,4040,50,2024-01-13,2024-01-13,2024-01-12
입항,2024,2,2691,60,2024-01-13,2024-01-13,2024-01-12
출항,2024,1,3376,150,2024-01-13,2024-01-13,2024-01-12
입항,2024,1,62754,1000,2024-01-13,2024-01-14,2024-01-12
입항,2024,1,2696,150,2024-01-13,2024-01-14,2024-01-12
출항,2024,1,7687,200,2024-01-13,2024-01-13,2024-01-12
출항,2024,1,17208,600,2024-01-12,2024-01-12,2024-01-11
출항,2024,1,8259,300,2024-01-12,2024-01-12,2024-01-11
입항,2024,2,2682,50,2024-01-12,2024-01-12,2024-01-11
출항,2024,1,29507,870,2024-01-12,2024-01-12,2024-01-11
출항,2024,1,3376,150,2024-01-12,2024-01-12,2024-01-11
출항,2024,1,17208,600,2024-01-12,2024-01-13,2024-01-12
입항,2024,1,29256,1000,2024-01-11,2024-01-11,2024-01-10
출항,2024,1,3910,200,2024-01-11,2024-01-11,2024-01-10
입항,2024,1,30560,580,2024-01-11,2024-01-11,2024-01-10
입항,2024,1,65552,600,2024-01-11,2024-01-11,2024-01-10
출항,2024,3,2486,50,2024-01-11,2024-01-12,2024-01-11
입항,2024,1,2028,61,2024-01-10,2024-01-10,2024-01-05
입항,2024,1,11792,600,2024-01-10,2024-01-10,2024-01-08
출항,2024,1,28891,500,2024-01-10,2024-01-10,2024-01-08
출항,2024,1,4873,110,2024-01-10,2024-01-10,2024-01-09
통과,2024,1,33064,1200,2024-01-09,2024-01-10,2024-01-07
입항,2024,1,29980,600,2024-01-09,2024-01-09,2024-01-08
입항,2024,1,6028,120,2024-01-09,2024-01-09,2024-01-08
출항,2024,1,8060,70,2024-01-09,2024-01-09,2024-01-08
출항,2024,1,2517,150,2024-01-09,2024-01-09,2024-01-08
출항,2024,3,2163,120,2024-01-09,2024-01-09,2024-01-08
출항,2024,1,4873,110,2024-01-08,2024-01-08,2024-01-05
출항,2024,1,2110,80,2024-01-08,2024-01-08,2024-01-07
출항,2024,1,2210,110,2024-01-08,2024-01-08,2024-01-08
출항,2024,1,8278,300,2024-01-08,2024-01-09,2024-01-08
통과,2024,1,26364,900,2024-01-07,2024-01-07,2024-01-05
출항,2024,1,29715,140,2024-01-07,2024-01-08,2024-01-05
출항,2024,1,7233,250,2024-01-07,2024-01-08,2024-01-05
출항,2024,1,2696,30,2024-01-07,2024-01-08,2024-01-05
출항,2024,1,2106,200,2024-01-07,2024-01-08,2024-01-05
출항,2024,1,4060,135,2024-01-07,2024-01-07,2024-01-06
출항,2024,1,4301,200,2024-01-06,2024-01-06,2024-01-02
출항,2024,1,5667,250,2024-01-06,2024-01-06,2024-01-03
입항,2024,1,3773,100,2024-01-06,2024-01-06,2024-01-05
출항,2024,1,4417,180,2024-01-06,2024-01-06,2024-01-05
입항,2024,1,2210,100,2024-01-06,2024-01-06,2024-01-05
출항,2024,1,3038,100,2024-01-05,2024-01-06,2024-01-03
출항,2024,1,4309,200,2024-01-05,2024-01-05,2024-01-04
입항,2024,1,5723,150,2024-01-05,2024-01-05,2024-01-04
입항,2024,1,8261,370,2024-01-05,2024-01-05,2024-01-04
출항,2024,1,3491,160,2024-01-05,2024-01-05,2024-01-04
출항,2024,1,7424,180,2024-01-04,2024-01-04,2024-01-03
출항,2024,1,18287,300,2024-01-04,2024-01-04,2024-01-03
출항,2024,1,27376,500,2024-01-04,2024-01-04,2024-01-03
입항,2024,1,2652,100,2024-01-03,2024-01-03,2024-01-02
출항,2024,1,12105,500,2024-01-03,2024-01-03,2024-01-02
입항,2024,1,29266,520,2024-01-03,2024-01-03,2024-01-02
입항,2024,1,63011,500,2024-01-03,2024-01-03,2024-01-02
출항,2024,1,29649,900,2024-01-03,2024-01-04,2024-01-03
출항,2024,1,29649,800,2024-01-03,2024-01-04,2024-01-03
출항,2023,20,3595,140,2024-01-03,2024-01-03,2024-01-02
출항,2024,1,2579,105,2024-01-02,2024-01-02,2023-12-29
출항,2024,1,29460,400,2024-01-02,2024-01-02,2024-01-01
입항,2024,1,4374,150,2024-01-02,2024-01-02,2024-01-01
입항,2024,1,29707,50,2024-01-02,2024-01-03,2024-01-02
입항,2024,1,29365,600,2024-01-02,2024-01-03,2024-01-02
출항,2024,1,63338,0,2024-01-02,2024-01-02,2024-01-02
입항,2023,1,4060,20,2024-01-02,2024-01-02,2023-12-29
입항,2023,1,29940,700,2024-01-02,2024-01-02,2023-12-29
입항,2023,1,29411,700,2024-01-02,2024-01-02,2023-12-29
출항,2023,1,29649,300,2024-01-01,2024-01-02,2023-12-29
출항,2023,1,4544,110,2024-01-01,2024-01-02,2023-12-31
출항,2023,5,11290,510,2023-12-31,2023-12-31,2023-12-29
출항,2023,1,4224,65,2023-12-31,2023-12-31,2023-12-29
입항,2023,4,16408,300,2023-12-31,2023-12-31,2023-12-29
출항,2023,1,29460,400,2023-12-31,2023-12-31,2023-12-29
출항,2023,1,4374,200,2023-12-31,2023-12-31,2023-12-29
출항,2023,1,29460,400,2023-12-31,2023-12-31,2023-12-29
입항,2023,1,4387,20,2023-12-31,2023-12-31,2023-12-30
입항,2023,20,2999,25,2023-12-30,2023-12-31,2023-12-27
출항,2023,39,2676,0,2023-12-30,2023-12-30,2023-12-28
입항,2023,1,30008,500,2023-12-30,2023-12-30,2023-12-29
입항,2023,1,16408,300,2023-12-30,2023-12-30,2023-12-29
입항,2023,1,2993,70,2023-12-30,2023-12-30,2023-12-29
출항,2023,1,4040,120,2023-12-30,2023-12-31,2023-12-30
입항,2023,1,5523,300,2023-12-29,2023-12-29,2023-12-22
출항,2023,1,30131,1000,2023-12-29,2023-12-30,2023-12-26
출항,2023,1,24785,350,2023-12-29,2023-12-29,2023-12-26
출항,2023,10,2028,20,2023-12-29,2023-12-29,2023-12-27
입항,2023,2,29987,300,2023-12-29,2023-12-29,2023-12-27
출항,2023,1,4060,200,2023-12-29,2023-12-29,2023-12-28
출항,2023,4,18287,150,2023-12-29,2023-12-29,2023-12-28
출항,2023,1,4060,150,2023-12-29,2023-12-29,2023-12-28
통과,2023,1,93928,2250,2023-12-29,2023-12-30,2023-12-28
입항,2023,4,11290,40,2023-12-29,2023-12-29,2023-12-29
출항,2023,38,1755,50,2023-12-29,2023-12-29,2023-12-28
출항,2023,1,11988,800,2023-12-28,2023-12-28,2023-12-20
통과,2023,2,13402,1500,2023-12-28,2023-12-28,2023-12-22
출항,2023,1,29671,800,2023-12-28,2023-12-28,2023-12-27
입항,2023,1,30948,850,2023-12-28,2023-12-28,2023-12-27
출항,2023,2,29974,550,2023-12-28,2023-12-29,2023-12-27
입항,2023,1,5025,100,2023-12-28,2023-12-28,2023-12-27
출항,2023,8,4902,135,2023-12-28,2023-12-28,2023-12-27
입항,2023,2,30237,200,2023-12-28,2023-12-28,2023-12-27
입항,2023,1,29782,500,2023-12-28,2023-12-28,2023-12-28
출항,2023,1,3834,30,2023-12-28,2023-12-28,2023-12-28
출항,2023,1,3887,120,2023-12-27,2023-12-27,2023-12-26
입항,2023,10,2028,20,2023-12-27,2023-12-27,2023-12-26
입항,2023,1,7271,600,2023-12-26,2023-12-26,2023-12-22
입항,2023,10,2688,172,2023-12-26,2023-12-26,2023-12-22
통과,2023,1,23353,100,2023-12-26,2023-12-26,2023-12-22
출항,2023,1,2355,170,2023-12-26,2023-12-26,2023-12-22
통과,2023,7,16580,550,2023-12-25,2023-12-25,2023-12-22
출항,2023,17,4873,80,2023-12-25,2023-12-26,2023-12-22
출항,2023,1,5758,200,2023-12-25,2023-12-26,2023-12-22
출항,2023,1,3887,200,2023-12-25,2023-12-25,2023-12-22
출항,2023,1,2210,80,2023-12-25,2023-12-25,2023-12-23
출항,2023,1,29884,500,2023-12-25,2023-12-26,2023-12-25
통과,2023,1,9305,200,2023-12-24,2023-12-24,2023-12-07
출항,2023,1,30873,800,2023-12-24,2023-12-24,2023-12-22
출항,2023,1,56172,300,2023-12-24,2023-12-24,2023-12-22
입항,2023,1,29671,800,2023-12-24,2023-12-24,2023-12-22
출항,2023,1,81545,2450,2023-12-24,2023-12-24,2023-12-22
출항,2023,1,3376,150,2023-12-24,2023-12-24,2023-12-22
출항,2023,1,2517,100,2023-12-24,2023-12-25,2023-12-22
출항,2023,1,2490,150,2023-12-24,2023-12-24,2023-12-27
출항,2023,1,30237,500,2023-12-23,2023-12-23,2023-12-21
출항,2023,1,159911,600,2023-12-23,2023-12-24,2023-12-22
입항,2023,1,28794,200,2023-12-23,2023-12-23,2023-12-22
출항,2023,26,2403,100,2023-12-23,2023-12-23,2023-12-22
출항,2023,7,5546,270,2023-12-23,2023-12-23,2023-12-22
출항,2023,1,16084,470,2023-12-23,2023-12-23,2023-12-22
출항,2023,1,28794,200,2023-12-23,2023-12-23,2023-12-22
출항,2023,1,56172,300,2023-12-23,2023-12-23,2023-12-22
출항,2023,4,5677,100,2023-12-23,2023-12-23,2023-12-22
입항,2023,1,5571,200,2023-12-21,2023-12-21,2023-12-20
출항,2023,4,9289,400,2023-12-20,2023-12-20,2023-12-18
통과,2023,1,35832,840,2023-12-20,2023-12-21,2023-12-19
통과,2023,1,32309,800,2023-12-20,2023-12-19,2023-12-19
통과,2023,1,35832,840,2023-12-20,2023-12-21,2023-12-19
출항,2023,1,3038,100,2023-12-20,2023-12-20,2023-12-19
출항,2023,5,30873,100,2023-12-20,2023-12-20,2023-12-19
출항,2023,1,8271,250,2023-12-20,2023-12-20,2023-12-19
입항,2023,1,62742,650,2023-12-20,2023-12-20,2023-12-19
입항,2023,1,29266,500,2023-12-20,2023-12-20,2023-12-19
출항,2023,1,159911,500,2023-12-20,2023-12-21,2023-12-19
통과,2023,1,93608,1200,2023-12-19,2023-12-20,2023-12-17
출항,2023,1,3038,120,2023-12-19,2023-12-19,2023-12-17
출항,2023,26,2497,30,2023-12-19,2023-12-19,2023-12-18
출항,2023,3,16442,100,2023-12-19,2023-12-19,2023-12-18
입항,2023,1,31510,500,2023-12-19,2023-12-19,2023-12-18
입항,2023,21,5376,300,2023-12-19,2023-12-19,2023-12-18
출항,2023,1,29667,600,2023-12-19,2023-12-19,2023-12-18
통과,2023,1,93608,1660,2023-12-19,2023-12-20,2023-12-18
입항,2023,1,29667,600,2023-12-19,2023-12-19,2023-12-19
입항,2023,12,2028,67,2023-12-19,2023-12-20,2023-12-19
입항,2023,1,29593,700,2023-12-18,2023-12-18,2023-12-16
출항,2023,1,7041,25,2023-12-18,2023-12-19,2023-12-18
입항,2023,12,2249,150,2023-12-18,2023-12-18,2023-12-18
입항,2023,1,2163,70,2023-12-18,2023-12-18,2023-12-18
입항,2023,38,2676,210,2023-12-18,2023-12-18,2023-12-18
입항,2023,1,6426,200,2023-12-16,2023-12-16,2023-12-14
입항,2023,6,5546,200,2023-12-16,2023-12-16,2023-12-15
출항,2023,1,7240,100,2023-12-15,2023-12-15,2023-12-14
출항,2023,20,2682,90,2023-12-15,2023-12-15,2023-12-14
입항,2023,1,29646,800,2023-12-14,2023-12-14,2023-12-12
출항,2023,1,8271,150,2023-12-14,2023-12-14,2023-12-13
입항,2023,1,7675,150,2023-12-14,2023-12-14,2023-12-13
입항,2023,1,43797,0,2023-12-14,2023-12-14,2023-12-13
입항,2023,2,17968,220,2023-12-14,2023-12-14,2023-12-13
통과,2023,2,17968,20,2023-12-14,2023-12-14,2023-12-13
입항,2023,7,4235,0,2023-12-14,2023-12-14,2023-12-13
입항,2023,1,3887,200,2023-12-13,2023-12-13,2023-12-12
출항,2023,1,8271,150,2023-12-11,2023-12-11,2023-12-08
출항,2023,1,3575,200,2023-12-11,2023-12-11,2023-12-08
출항,2023,1,3575,200,2023-12-11,2023-12-11,2023-12-08
출항,2023,1,4060,150,2023-12-11,2023-12-11,2023-12-08
입항,2023,23,5598,150,2023-12-10,2023-12-10,2023-12-08
출항,2023,1,17139,600,2023-12-10,2023-12-10,2023-12-08
출항,2023,1,2993,90,2023-12-10,2023-12-10,2023-12-08
입항,2023,1,29267,450,2023-12-10,2023-12-10,2023-12-08
출항,2023,1,4543,30,2023-12-10,2023-12-11,2023-12-08
입항,2023,1,4960,150,2023-12-10,2023-12-10,2023-12-08
출항,2023,1,6052,150,2023-12-10,2023-12-10,2023-12-08
출항,2023,1,2106,150,2023-12-10,2023-12-10,2023-12-08
출항,2023,4,30873,800,2023-12-10,2023-12-11,2023-12-09
입항,2023,1,29419,180,2023-12-10,2023-12-11,2023-12-10
입항,2023,1,29419,180,2023-12-10,2023-12-11,2023-12-10
입항,2023,1,3910,0,2023-12-10,2023-12-11,2023-12-10
입항,2023,4,16232,770,2023-12-09,2023-12-09,2023-12-06
출항,2023,16,4873,110,2023-12-09,2023-12-09,2023-12-08
출항,2023,14,2997,54,2023-12-09,2023-12-09,2023-12-08
입항,2023,5,30873,620,2023-12-09,2023-12-10,2023-12-08
출항,2023,1,5273,100,2023-12-09,2023-12-09,2023-12-08
입항,2023,1,2579,75,2023-12-08,2023-12-08,2023-12-06
출항,2023,16,4873,110,2023-12-08,2023-12-08,2023-12-07
입항,2023,7,17208,750,2023-12-08,2023-12-08,2023-12-07
출항,2023,1,2059,125,2023-12-08,2023-12-08,2023-12-07
입항,2023,1,8944,250,2023-12-08,2023-12-08,2023-12-07
입항,2023,6,5518,350,2023-12-07,2023-12-07,2023-12-05
입항,2023,1,30325,500,2023-12-07,2023-12-07,2023-12-06
입항,2023,1,29875,800,2023-12-07,2023-12-08,2023-12-06
출항,2023,1,51976,1730,2023-12-07,2023-12-08,2023-12-07
입항,2023,1,20151,500,2023-12-06,2023-12-07,2023-11-30
입항,2023,1,3428,100,2023-12-06,2023-12-06,2023-12-05
입항,2023,1,11986,100,2023-12-06,2023-12-06,2023-12-05
출항,2023,1,8278,150,2023-12-06,2023-12-06,2023-12-05
입항,2023,1,29737,700,2023-12-06,2023-12-06,2023-12-05
출항,2023,1,8271,200,2023-12-06,2023-12-07,2023-12-06
입항,2023,1,4060,160,2023-12-05,2023-12-05,2023-12-04
입항,2023,1,8254,260,2023-12-05,2023-12-05,2023-12-04
통과,2023,1,18760,1220,2023-12-05,2023-12-05,2023-12-04
입항,2023,7,11290,350,2023-12-05,2023-12-05,2023-12-05
출항,2023,1,3240,200,2023-12-05,2023-12-06,2023-12-05
출항,2023,8,4812,270,2023-12-05,2023-12-06,2023-12-05
출항,2023,1,29804,900,2023-12-05,2023-12-06,2023-12-05
출항,2023,1,51976,1500,2023-12-04,2023-12-04,2023-11-29
출항,2023,1,5376,230,2023-12-04,2023-12-04,2023-12-01
출항,2023,1,8278,300,2023-12-04,2023-12-09,2023-12-01
출항,2023,1,30068,700,2023-12-04,2023-12-04,2023-12-01
출항,2023,1,30068,900,2023-12-04,2023-12-04,2023-12-01
통과,2023,1,18760,1220,2023-12-04,2023-12-04,2023-12-01
출항,2023,1,3038,50,2023-12-04,2023-12-04,2023-12-01
출항,2023,1,31540,550,2023-12-04,2023-12-04,2023-12-03
입항,2023,12,2688,110,2023-12-04,2023-12-04,2023-12-03
입항,2023,1,29484,500,2023-12-04,2023-12-04,2023-12-04
입항,2023,1,90091,1500,2023-12-04,2023-12-05,2023-12-04
입항,2023,1,2993,15,2023-12-03,2023-12-03,2023-11-30
입항,2023,1,11290,450,2023-12-03,2023-12-04,2023-12-01
출항,2023,1,4387,150,2023-12-03,2023-12-03,2023-12-01
입항,2023,1,30967,700,2023-12-03,2023-12-03,2023-12-01
출항,2023,12,4416,145,2023-12-03,2023-12-03,2023-12-02
출항,2023,9,5488,200,2023-12-03,2023-12-04,2023-12-02
출항,2023,3,29680,660,2023-12-02,2023-12-03,2023-11-29
출항,2023,4,25400,400,2023-12-02,2023-12-02,2023-12-01
출항,2023,1,2210,150,2023-12-02,2023-12-02,2023-12-01
입항,2023,1,2579,130,2023-12-02,2023-12-02,2023-12-01
출항,2023,1,5273,0,2023-12-02,2023-12-02,2023-12-02
통과,2023,1,29492,600,2023-12-01,2023-12-01,2023-11-30
입항,2023,1,3910,150,2023-12-01,2023-12-01,2023-11-30
입항,2023,1,3376,150,2023-12-01,2023-12-01,2023-11-30
출항,2023,6,17208,700,2023-12-01,2023-12-01,2023-11-30
출항,2023,1,3376,150,2023-12-01,2023-12-02,2023-12-01
출항,2023,1,8254,100,2023-12-01,2023-12-08,2023-12-08
입항,2023,1,28725,1200,2023-11-30,2023-11-30,2023-11-28
입항,2023,17,2999,194,2023-11-30,2023-11-30,2023-11-29
출항,2023,1,2946,500,2023-11-30,2023-11-30,2023-11-29
입항,2023,1,29884,1100,2023-11-30,2023-12-01,2023-11-29
출항,2023,1,16222,100,2023-11-30,2023-11-30,2023-11-29
출항,2023,11,2028,82,2023-11-29,2023-11-29,2023-11-27
출항,2023,1,4040,120,2023-11-29,2023-11-29,2023-11-27
입항,2023,8,8260,120,2023-11-29,2023-11-29,2023-11-28
출항,2023,1,19984,680,2023-11-29,2023-11-29,2023-11-28
입항,2023,17,2517,155,2023-11-29,2023-11-29,2023-11-28
출항,2023,11,2028,82,2023-11-29,2023-11-30,2023-11-28
입항,2023,15,4873,80,2023-11-29,2023-11-29,2023-11-28
입항,2023,1,4873,80,2023-11-29,2023-11-29,2023-11-29
출항,2023,1,4040,100,2023-11-29,2023-11-29,2023-11-29
입항,2023,1,8242,150,2023-11-28,2023-11-29,2023-11-28
출항,2023,11,4301,200,2023-11-27,2023-11-28,2023-11-23
출항,2023,8,8260,220,2023-11-27,2023-11-28,2023-11-24
입항,2023,1,29305,480,2023-11-27,2023-11-27,2023-11-24
입항,2023,1,6961,230,2023-11-27,2023-11-24,2023-11-24
출항,2023,1,29305,15,2023-11-27,2023-11-27,2023-11-24
출항,2023,1,29991,0,2023-11-27,2023-11-27,2023-11-27
출항,2023,1,29593,600,2023-11-26,2023-11-27,2023-11-24
입항,2023,1,5723,250,2023-11-26,2023-11-26,2023-11-24
입항,2023,1,4374,150,2023-11-26,2023-11-27,2023-11-24
출항,2023,1,7234,265,2023-11-26,2023-11-26,2023-11-24
입항,2023,1,4544,120,2023-11-26,2023-11-26,2023-11-24
입항,2023,1,2993,100,2023-11-26,2023-11-26,2023-11-24
출항,2023,5,4879,150,2023-11-26,2023-11-27,2023-11-24
출항,2023,11,2028,82,2023-11-26,2023-11-26,2023-11-24
출항,2023,1,29671,860,2023-11-25,2023-11-25,2023-11-23
출항,2023,1,47347,975,2023-11-25,2023-11-25,2023-11-24
출항,2023,1,4417,100,2023-11-25,2023-11-25,2023-11-24
출항,2023,1,31510,200,2023-11-25,2023-11-25,2023-11-24
입항,2023,1,19391,150,2023-11-24,2023-11-24,2023-11-20
출항,2023,1,29266,750,2023-11-24,2023-11-24,2023-11-23
입항,2023,1,29266,300,2023-11-23,2023-11-23,2023-11-21
출항,2023,1,15192,50,2023-11-23,2023-11-23,2023-11-21
입항,2023,1,6976,220,2023-11-23,2023-11-23,2023-11-22
입항,2023,1,5416,100,2023-11-23,2023-11-23,2023-11-22
출항,2023,1,7561,150,2023-11-23,2023-11-23,2023-11-22
입항,2023,1,42208,1100,2023-11-23,2023-11-23,2023-11-22
출항,2023,1,4241,170,2023-11-23,2023-11-24,2023-11-23
출항,2023,1,4239,282,2023-11-22,2023-11-22,2023-11-17
출항,2023,1,5667,240,2023-11-22,2023-11-22,2023-11-21
출항,2023,1,3038,160,2023-11-22,2023-11-22,2023-11-21
입항,2023,1,29266,730,2023-11-22,2023-11-22,2023-11-21
출항,2023,1,29694,1000,2023-11-22,2023-11-23,2023-11-21
출항,2023,1,4239,300,2023-11-22,2023-11-22,2023-11-21
출항,2023,1,7251,25,2023-11-22,2023-11-22,2023-11-21
출항,2023,13,11988,100,2023-11-22,2023-11-22,2023-11-21
입항,2023,1,2110,50,2023-11-22,2023-11-22,2023-11-21
출항,2023,1,5074,80,2023-11-22,2023-11-22,2023-11-21
입항,2023,1,28754,670,2023-11-22,2023-11-22,2023-11-21
출항,2023,1,21326,890,2023-11-21,2023-11-22,2023-11-14
출항,2023,13,11988,350,2023-11-21,2023-11-22,2023-11-17
출항,2023,1,29593,600,2023-11-21,2023-11-22,2023-11-20
출항,2023,11,2688,135,2023-11-21,2023-11-21,2023-11-20
출항,2023,1,2696,105,2023-11-21,2023-11-21,2023-11-20
입항,2023,1,8259,300,2023-11-21,2023-11-21,2023-11-21
입항,2023,3,8231,200,2023-11-21,2023-11-21,2023-11-21
입항,2023,46,2682,130,2023-11-21,2023-11-22,2023-11-21
출항,2023,1,5060,150,2023-11-21,2023-11-21,2023-11-21
입항,2023,1,29507,800,2023-11-21,2023-11-22,2023-11-21
출항,2023,31,2438,50,2023-11-21,2023-11-21,2023-11-20
출항,2023,24,2695,185,2023-11-20,2023-11-20,2023-11-17
입항,2023,3,29715,0,2023-11-20,2023-11-20,2023-11-17
출항,2023,1,29445,670,2023-11-20,2023-11-20,2023-11-18
출항,2023,1,29445,760,2023-11-20,2023-11-21,2023-11-20
출항,2023,1,3038,100,2023-11-19,2023-11-19,2023-11-17
출항,2023,10,4416,168,2023-11-19,2023-11-19,2023-11-17
출항,2023,1,9599,200,2023-11-19,2023-11-20,2023-11-17
출항,2023,1,29669,700,2023-11-18,2023-11-19,2023-11-17
입항,2023,25,5598,150,2023-11-17,2023-11-17,2023-11-16
입항,2023,1,29283,600,2023-11-17,2023-11-17,2023-11-16
출항,2023,6,5665,50,2023-11-17,2023-11-17,2023-11-16
입항,2023,8,5760,40,2023-11-17,2023-11-18,2023-11-17
출항,2023,1,63673,2000,2023-11-16,2023-11-16,2023-11-15
입항,2023,23,2101,100,2023-11-16,2023-11-16,2023-11-15
출항,2023,3,29712,340,2023-11-16,2023-11-16,2023-11-15
입항,2023,1,29593,600,2023-11-16,2023-11-16,2023-11-15
입항,2023,1,29283,600,2023-11-16,2023-11-16,2023-11-15
출항,2023,1,9030,300,2023-11-16,2023-11-16,2023-11-15
출항,2023,1,4060,160,2023-11-16,2023-11-16,2023-11-15
입항,2023,1,29551,465,2023-11-16,2023-11-16,2023-11-15
출항,2023,1,4833,300,2023-11-16,2023-11-17,2023-11-16
입항,2023,1,158618,500,2023-11-16,2023-11-17,2023-11-16
출항,2023,1,47342,1000,2023-11-15,2023-11-15,2023-11-13
입항,2023,11,5510,400,2023-11-15,2023-11-15,2023-11-13
출항,2023,1,23676,650,2023-11-15,2023-11-15,2023-11-13
입항,2023,1,63302,1075,2023-11-15,2023-11-15,2023-11-14
입항,2023,2,7521,0,2023-11-15,2023-11-15,2023-11-14
출항,2023,1,2696,150,2023-11-15,2023-11-15,2023-11-14
출항,2023,1,164688,1000,2023-11-15,2023-11-15,2023-11-14
통과,2023,1,16589,665,2023-11-15,2023-11-16,2023-11-14
입항,2023,1,7228,300,2023-11-15,2023-11-16,2023-11-14
출항,2023,1,5519,100,2023-11-15,2023-11-16,2023-11-15
출항,2023,1,4374,100,2023-11-15,2023-11-16,2023-11-15
출항,2023,1,22635,700,2023-11-14,2023-11-14,2023-11-08
출항,2023,1,3185,100,2023-11-14,2023-11-14,2023-11-13
출항,2023,1,5945,290,2023-11-14,2023-11-14,2023-11-13
입항,2023,1,31534,300,2023-11-14,2023-11-15,2023-11-13
입항,2023,1,3765,150,2023-11-14,2023-11-14,2023-11-15
입항,2023,1,4544,100,2023-11-13,2023-11-13,2023-11-10
출항,2023,1,4060,150,2023-11-13,2023-11-14,2023-11-13
출항,2023,1,2579,80,2023-11-13,2023-11-13,2023-11-13
입항,2023,1,2696,150,2023-11-13,2023-11-14,2023-11-13
출항,2023,19,1546,130,2023-11-12,2023-11-12,2023-11-10
출항,2023,1,4543,130,2023-11-12,2023-11-12,2023-11-10
출항,2023,1,25184,300,2023-11-12,2023-11-13,2023-11-10
입항,2023,1,2579,80,2023-11-12,2023-11-12,2023-11-10
출항,2023,1,29658,490,2023-11-11,2023-11-11,2023-11-08
출항,2023,1,6823,13,2023-11-10,2023-11-10,2023-11-07
입항,2023,2,29965,1200,2023-11-10,2023-11-10,2023-11-08
출항,2023,1,3887,200,2023-11-10,2023-11-10,2023-11-08
출항,2023,9,2028,84,2023-11-09,2023-11-09,2023-11-06
출항,2023,1,3038,60,2023-11-09,2023-11-09,2023-11-06
입항,2023,20,5376,330,2023-11-09,2023-11-09,2023-11-07
출항,2023,4,35853,600,2023-11-09,2023-11-10,2023-11-07
출항,2023,1,9823,235,2023-11-09,2023-11-09,2023-11-07
출항,2023,1,25049,200,2023-11-09,2023-11-09,2023-11-08
입항,2023,1,29715,900,2023-11-09,2023-11-10,2023-11-09
출항,2023,6,3430,300,2023-11-08,2023-11-08,2023-11-06
출항,2023,1,48122,1120,2023-11-08,2023-11-09,2023-11-07
출항,2023,1,29562,870,2023-11-08,2023-11-08,2023-11-07
출항,2023,1,29782,800,2023-11-08,2023-11-09,2023-11-08
입항,2023,1,31510,200,2023-11-08,2023-11-09,2023-11-08
출항,2023,1,48122,1120,2023-11-07,2023-11-08,2023-11-03
출항,2023,3,22988,150,2023-11-07,2023-11-07,2023-11-03
입항,2023,9,2028,84,2023-11-07,2023-11-07,2023-11-06
통과,2023,4,7424,270,2023-11-07,2023-11-07,2023-11-06
입항,2023,9,2028,84,2023-11-07,2023-11-08,2023-11-07
입항,2023,1,11594,40,2023-11-07,2023-11-07,2023-11-07
출항,2023,25,2101,100,2023-11-07,2023-12-08,2023-12-06
출항,2023,1,17208,720,2023-11-06,2023-11-06,2023-11-03
입항,2023,1,2106,100,2023-11-06,2023-11-06,2023-11-03
출항,2023,1,4544,80,2023-11-05,2023-11-05,2023-10-27
입항,2023,1,8271,150,2023-11-05,2023-11-05,2023-11-03
입항,2023,1,2355,50,2023-11-05,2023-11-05,2023-11-03
출항,2023,25,2691,100,2023-11-05,2023-11-06,2023-11-04
출항,2023,1,2999,30,2023-11-05,2023-11-05,2023-11-04
입항,2023,30,2691,100,2023-11-05,2023-11-05,2023-11-03
출항,2023,1,7675,350,2023-11-04,2023-11-05,2023-11-03
출항,2023,16,2517,35,2023-11-04,2023-11-04,2023-11-03
입항,2023,1,29266,400,2023-11-03,2023-11-03,2023-11-01
입항,2023,1,29782,800,2023-11-03,2023-11-03,2023-11-01
출항,2023,1,25487,400,2023-11-03,2023-11-03,2023-11-02
입항,2023,1,30063,500,2023-11-03,2023-11-04,2023-11-02
입항,2023,1,11290,150,2023-11-03,2023-11-03,2023-11-02
입항,2023,1,5723,180,2023-11-03,2023-11-03,2023-11-02
출항,2023,1,2993,100,2023-11-03,2023-11-03,2023-11-02
입항,2023,1,43687,200,2023-11-03,2023-11-03,2023-11-02
입항,2023,1,29782,800,2023-11-03,2023-11-04,2023-11-03
입항,2023,1,2579,150,2023-11-03,2023-11-04,2023-11-03
출항,2023,14,2362,100,2023-11-03,2023-11-04,2023-11-03
입항,2023,1,29562,870,2023-11-03,2023-11-04,2023-11-03
입항,2023,2,29987,400,2023-11-02,2023-11-02,2023-11-01
출항,2023,23,2695,30,2023-11-02,2023-11-02,2023-11-01
입항,2023,1,2490,100,2023-11-02,2023-11-02,2023-11-01
입항,2023,1,2490,100,2023-11-02,2023-11-02,2023-11-01
출항,2023,1,8271,200,2023-11-02,2023-11-02,2023-11-01
입항,2023,1,43687,200,2023-11-02,2023-11-02,2023-11-02
입항,2023,1,3376,110,2023-11-02,2023-11-03,2023-11-02
출항,2023,3,6843,400,2023-11-01,2023-11-01,2023-10-30
출항,2023,43,2682,10,2023-11-01,2023-11-01,2023-10-31
출항,2023,1,4040,150,2023-11-01,2023-11-01,2023-10-31
출항,2023,1,29266,100,2023-11-01,2023-11-01,2023-10-31
입항,2023,1,8620,120,2023-11-01,2023-11-01,2023-10-31
출항,2023,1,5677,50,2023-11-01,2023-11-01,2023-11-01
통과,2023,1,35956,1250,2023-10-31,2023-11-01,2023-10-25
통과,2023,1,35956,1250,2023-10-31,2023-10-31,2023-10-26
출항,2023,1,29460,50,2023-10-31,2023-10-31,2023-10-30
출항,2023,1,55898,100,2023-10-31,2023-10-31,2023-10-30
출항,2023,1,29256,500,2023-10-31,2023-10-31,2023-10-30
입항,2023,1,29884,750,2023-10-31,2023-10-31,2023-10-30
출항,2023,1,8006,150,2023-10-31,2023-11-01,2023-10-31
출항,2023,1,51931,2500,2023-10-30,2023-10-31,2023-10-25
출항,2023,22,2101,120,2023-10-30,2023-10-31,2023-10-27
입항,2023,1,5677,20,2023-10-30,2023-10-30,2023-10-27
출항,2023,1,20600,1000,2023-10-30,2023-10-31,2023-10-27
입항,2023,1,29464,1470,2023-10-30,2023-10-30,2023-10-27
출항,2023,1,29492,370,2023-10-30,2023-10-30,2023-10-28
출항,2023,1,29903,1500,2023-10-30,2023-10-31,2023-10-30
출항,2023,1,20267,770,2023-10-30,2023-10-30,2023-10-30
출항,2023,1,12471,250,2023-10-29,2023-10-29,2023-10-26
출항,2023,1,12101,110,2023-10-29,2023-10-30,2023-10-27
입항,2023,10,2249,100,2023-10-29,2023-10-29,2023-10-27
출항,2023,1,29646,455,2023-10-29,2023-10-30,2023-10-27
출항,2023,1,7687,250,2023-10-29,2023-10-29,2023-10-27
출항,2023,1,29646,500,2023-10-29,2023-10-30,2023-10-27
출항,2023,1,7675,100,2023-10-29,2023-10-30,2023-10-28
출항,2023,1,5667,250,2023-10-28,2023-10-28,2023-10-24
출항,2023,1,3038,120,2023-10-28,2023-10-28,2023-10-24
출항,2023,1,3533,300,2023-10-28,2023-10-28,2023-10-26
입항,2023,1,17208,650,2023-10-28,2023-10-28,2023-10-27
출항,2023,1,29875,780,2023-10-28,2023-10-28,2023-10-27
출항,2023,1,29875,780,2023-10-28,2023-10-28,2023-10-27
입항,2023,1,2517,200,2023-10-28,2023-10-28,2023-10-27
출항,2023,1,29528,400,2023-10-27,2023-10-27,2023-10-25
입항,2023,1,5758,185,2023-10-27,2023-10-28,2023-10-26
입항,2023,3,63704,0,2023-10-27,2023-10-27,2023-10-26
출항,2023,1,17955,700,2023-10-27,2023-10-28,2023-10-26
입항,2023,1,2696,100,2023-10-27,2023-10-27,2023-10-26
입항,2023,1,2696,150,2023-10-27,2023-10-28,2023-10-27
출항,2023,19,5598,250,2023-10-26,2023-10-26,2023-10-20
출항,2023,42,5988,120,2023-10-26,2023-10-26,2023-10-20
입항,2023,1,17208,600,2023-10-26,2023-10-26,2023-10-25
출항,2023,12,11988,600,2023-10-26,2023-10-26,2023-10-25
출항,2023,1,2946,37,2023-10-26,2023-10-26,2023-10-25
입항,2023,1,29528,400,2023-10-26,2023-10-26,2023-10-25
출항,2023,1,2946,37,2023-10-26,2023-10-26,2023-10-25
출항,2023,42,2682,120,2023-10-26,2023-10-26,2023-10-25
출항,2023,1,3834,65,2023-10-25,2023-10-25,2023-10-17
입항,2023,9,2999,199,2023-10-25,2023-10-25,2023-10-23
출항,2023,3,2999,156,2023-10-25,2023-10-25,2023-10-23
입항,2023,3,21326,100,2023-10-25,2023-10-25,2023-10-24
출항,2023,1,7234,380,2023-10-25,2023-10-25,2023-10-24
입항,2023,1,2110,100,2023-10-25,2023-10-25,2023-10-24
출항,2023,1,63965,2050,2023-10-25,2023-10-26,2023-10-25
입항,2023,3,29875,0,2023-10-25,2023-10-25,2023-10-25
출항,2023,1,16202,270,2023-10-24,2023-10-24,2023-10-20
출항,2023,4,22987,200,2023-10-24,2023-10-24,2023-10-20
출항,2023,1,1830,100,2023-10-24,2023-10-24,2023-10-23
출항,2023,1,1864,100,2023-10-24,2023-10-24,2023-10-23
입항,2023,1,29804,700,2023-10-24,2023-10-24,2023-10-23
출항,2023,1,29991,500,2023-10-24,2023-10-25,2023-10-23
출항,2023,1,5945,79,2023-10-24,2023-10-24,2023-10-23
입항,2023,1,17915,300,2023-10-24,2023-10-24,2023-10-23
입항,2023,1,4890,130,2023-10-24,2023-10-24,2023-10-23
입항,2023,1,29917,550,2023-10-24,2023-10-25,2023-10-23
입항,2023,23,3629,50,2023-10-24,2023-10-24,2023-10-24
입항,2023,1,2210,150,2023-10-24,2023-10-24,2023-10-24
출항,2023,3,2999,156,2023-10-23,2023-10-23,2023-10-19
입항,2023,1,4060,120,2023-10-23,2023-10-23,2023-10-20
출항,2023,1,2101,120,2023-10-23,2023-10-23,2023-10-20
출항,2023,1,5376,100,2023-10-23,2023-10-23,2023-10-20
입항,2023,1,29987,800,2023-10-23,2023-10-23,2023-10-20
출항,2023,1,5469,540,2023-10-23,2023-10-24,2023-10-21
출항,2023,13,4416,180,2023-10-23,2023-10-23,2023-10-22
출항,2023,1,5025,220,2023-10-22,2023-10-22,2023-10-20
출항,2023,1,8045,230,2023-10-22,2023-10-23,2023-10-20
입항,2023,1,29289,455,2023-10-22,2023-10-22,2023-10-20
입항,2023,1,18760,120,2023-10-22,2023-10-23,2023-10-20
출항,2023,1,66970,500,2023-10-22,2023-10-23,2023-10-20
입항,2023,1,2999,90,2023-10-22,2023-10-22,2023-10-21
출항,2023,1,4544,2023,2023-10-22,2023-10-22,2023-10-21
통과,2023,1,32968,712,2023-10-21,2023-10-22,2023-10-19
입항,2023,1,4060,150,2023-10-21,2023-10-21,2023-10-20
출항,2023,1,3378,50,2023-10-21,2023-10-22,2023-10-20
출항,2023,1,4040,50,2023-10-20,2023-10-20,2023-10-17
출항,2023,1,4040,50,2023-10-20,2023-10-20,2023-10-17
통과,2023,1,8398,200,2023-10-20,2023-10-20,2023-10-18
출항,2023,7,4235,240,2023-10-20,2023-10-20,2023-10-19
출항,2023,1,5083,100,2023-10-20,2023-10-20,2023-10-19
출항,2023,1,11561,200,2023-10-20,2023-10-20,2023-10-19
출항,2023,1,4235,240,2023-10-20,2023-10-20,2023-10-19
출항,2023,1,44732,610,2023-10-19,2023-10-19,2023-10-17
입항,2023,1,26364,1200,2023-10-19,2023-10-19,2023-10-18
입항,2023,1,7294,100,2023-10-19,2023-10-20,2023-10-18
입항,2023,1,5961,400,2023-10-19,2023-10-19,2023-10-18
입항,2023,1,18760,120,2023-10-19,2023-10-19,2023-10-18
출항,2023,1,29266,1100,2023-10-18,2023-10-18,2023-10-17
입항,2023,1,29658,1000,2023-10-18,2023-10-18,2023-10-17
입항,2023,1,5273,0,2023-10-18,2023-10-19,2023-10-18
출항,2023,1,2993,100,2023-10-18,2023-10-18,2023-10-17
입항,2023,1,8263,360,2023-10-18,2023-10-18,2023-10-17
입항,2023,1,29508,195,2023-10-18,2023-10-18,2023-10-17
입항,2023,2,16484,500,2023-10-18,2023-10-19,2023-10-18
출항,2023,1,30523,500,2023-10-18,2023-10-19,2023-10-18
출항,2023,1,19420,750,2023-10-17,2023-10-17,2023-10-13
입항,2023,1,11290,450,2023-10-17,2023-10-17,2023-10-16
입항,2023,1,30259,300,2023-10-17,2023-10-17,2023-10-16
입항,2023,1,29996,640,2023-10-17,2023-10-17,2023-10-16
입항,2023,1,29700,600,2023-10-17,2023-10-17,2023-10-16
출항,2023,1,30325,200,2023-10-17,2023-10-17,2023-10-16
출항,2023,1,2490,150,2023-10-17,2023-10-17,2023-10-16
출항,2023,1,5598,200,2023-10-17,2023-10-18,2023-10-17
출항,2023,1,8242,200,2023-10-17,2023-10-17,2023-10-17
입항,2023,1,29463,565,2023-10-16,2023-10-16,2023-10-13
출항,2023,1,8539,200,2023-10-16,2023-10-16,2023-10-13
입항,2023,1,29996,640,2023-10-16,2023-10-16,2023-10-13
입항,2023,1,29266,1100,2023-10-16,2023-10-16,2023-10-13
입항,2023,1,29293,350,2023-10-16,2023-10-16,2023-10-13
입항,2023,1,29996,500,2023-10-16,2023-10-16,2023-10-13
출항,2023,1,5060,100,2023-10-16,2023-10-16,2023-10-16
출항,2023,1,29293,565,2023-10-16,2023-10-17,2023-10-16
출항,2023,6,8260,250,2023-10-15,2023-10-15,2023-10-12
출항,2023,1,30259,700,2023-10-15,2023-10-15,2023-10-12
출항,2023,1,25711,500,2023-10-15,2023-10-16,2023-10-13
출항,2023,1,16179,280,2023-10-15,2023-10-15,2023-10-13
출항,2023,1,3887,300,2023-10-15,2023-10-16,2023-10-13
출항,2023,1,3910,150,2023-10-15,2023-10-15,2023-10-13
입항,2023,1,29655,800,2023-10-15,2023-10-15,2023-10-13
입항,2023,1,28747,670,2023-10-15,2023-10-16,2023-10-13
출항,2023,1,2999,24,2023-10-15,2023-10-16,2023-10-13
출항,2023,1,29751,500,2023-10-15,2023-10-16,2023-10-13
출항,2023,1,16179,280,2023-10-14,2023-10-15,2023-10-12
입항,2023,1,10692,250,2023-10-14,2023-10-14,2023-10-12
출항,2023,1,4693,305,2023-10-14,2023-10-14,2023-10-12
출항,2023,1,4048,300,2023-10-14,2023-10-14,2023-10-12
출항,2023,1,35872,1105,2023-10-14,2023-10-14,2023-10-13
입항,2023,1,2355,0,2023-10-14,2023-10-15,2023-10-14
출항,2023,19,5376,310,2023-10-13,2023-10-13,2023-10-10
출항,2023,1,29751,330,2023-10-13,2023-10-13,2023-10-11
출항,2023,20,2695,25,2023-10-13,2023-10-13,2023-10-11
출항,2023,1,30945,500,2023-10-13,2023-10-13,2023-10-12
출항,2023,1,2517,200,2023-10-13,2023-10-13,2023-10-12
입항,2023,1,5667,500,2023-10-13,2023-10-13,2023-10-13
입항,2023,1,3910,0,2023-10-13,2023-10-14,2023-10-13
입항,2023,2,16408,550,2023-10-12,2023-10-12,2023-10-06
입항,2023,1,5273,0,2023-10-12,2023-10-12,2023-10-11
출항,2023,1,5723,150,2023-10-12,2023-10-12,2023-10-11
입항,2023,1,2579,100,2023-10-12,2023-10-12,2023-10-11
입항,2023,1,30964,200,2023-10-12,2023-10-12,2023-10-11
입항,2023,1,5273,100,2023-10-12,2023-10-13,2023-10-12
입항,2023,1,4387,60,2023-10-12,2023-10-13,2023-10-12
출항,2023,21,3629,100,2023-10-11,2023-10-11,2023-09-27
입항,2023,1,29293,1000,2023-10-11,2023-10-11,2023-10-06
입항,2023,1,157844,250,2023-10-11,2023-10-12,2023-10-08
출항,2023,1,4040,150,2023-10-11,2023-10-11,2023-10-10
입항,2023,1,11561,200,2023-10-11,2023-10-18,2023-10-18
출항,2023,1,7301,400,2023-10-10,2023-10-11,2023-10-06
출항,2023,1,3834,80,2023-10-10,2023-10-10,2023-10-09
출항,2023,1,2579,90,2023-10-10,2023-10-10,2023-10-09
입항,2023,1,4417,160,2023-10-10,2023-10-10,2023-10-10
입항,2023,1,3185,90,2023-10-10,2023-10-11,2023-10-10
통과,2023,1,17208,1000,2023-10-09,2023-10-09,2023-10-06
입항,2023,1,4387,200,2023-10-09,2023-10-09,2023-10-06
출항,2023,6,4484,250,2023-10-09,2023-10-09,2023-10-06
출항,2023,5,20058,400,2023-10-09,2023-10-06,2023-10-06
출항,2023,1,3910,200,2023-10-09,2023-10-09,2023-10-07
출항,2023,1,47342,650,2023-10-08,2023-10-08,2023-10-05
출항,2023,1,2652,40,2023-10-08,2023-10-08,2023-10-07
출항,2023,2,29712,600,2023-10-07,2023-10-07,2023-10-05
출항,2023,1,29991,160,2023-10-07,2023-10-08,2023-10-06
입항,2023,11,2997,190,2023-10-07,2023-10-08,2023-10-06
출항,2023,1,52506,550,2023-10-06,2023-10-06,2023-10-05
출항,2023,1,3038,80,2023-10-06,2023-10-06,2023-10-05
입항,2023,1,3773,100,2023-10-06,2023-10-06,2023-10-05
출항,2023,1,8072,120,2023-10-06,2023-10-06,2023-10-05
입항,2023,10,11919,650,2023-10-06,2023-10-06,2023-10-05
입항,2023,3,9430,210,2023-10-06,2023-10-06,2023-10-06
출항,2023,2,29965,500,2023-10-05,2023-10-06,2023-10-04
입항,2023,1,9448,740,2023-10-05,2023-10-05,2023-10-04
입항,2023,1,29168,800,2023-10-05,2023-10-06,2023-10-04
출항,2023,1,2696,125,2023-10-05,2023-10-05,2023-10-05
입항,2023,1,4544,100,2023-10-05,2023-11-05,2023-11-03
입항,2023,1,30053,0,2023-10-04,2023-10-04,2023-10-01
출항,2023,1,5667,230,2023-10-04,2023-10-04,2023-10-02
출항,2023,1,30967,200,2023-10-04,2023-10-04,2023-10-02
출항,2023,4,5487,195,2023-10-04,2023-10-04,2023-10-03
입항,2023,1,3765,0,2023-10-04,2023-10-04,2023-10-03
입항,2023,1,7687,200,2023-10-04,2023-10-04,2023-10-03
입항,2023,1,65552,0,2023-10-04,2023-10-04,2023-10-04
입항,2023,14,2517,106,2023-10-03,2023-10-03,2023-09-26
입항,2023,5,17208,580,2023-10-03,2023-10-04,2023-09-27
입항,2023,1,29681,500,2023-10-03,2023-10-04,2023-09-27
입항,2023,1,25400,300,2023-10-03,2023-10-03,2023-09-28
입항,2023,3,29914,750,2023-10-03,2023-10-04,2023-09-29
출항,2023,1,29462,1200,2023-10-03,2023-10-04,2023-10-01
입항,2023,1,4417,30,2023-10-03,2023-10-03,2023-10-02
출항,2023,7,5760,40,2023-10-03,2023-10-03,2023-10-02
출항,2023,1,7234,150,2023-10-03,2023-10-03,2023-10-02
입항,2023,1,8277,200,2023-10-03,2023-10-03,2023-10-02
입항,2023,1,29917,1000,2023-10-03,2023-10-04,2023-10-02
입항,2023,2,7142,385,2023-10-02,2023-10-03,2023-09-26
출항,2023,1,59611,500,2023-10-02,2023-10-02,2023-09-29
출항,2023,1,2059,20,2023-10-02,2023-10-02,2023-09-30
출항,2023,1,2059,20,2023-10-02,2023-10-02,2023-09-30
입항,2023,1,29289,1000,2023-10-02,2023-10-02,2023-10-01
입항,2023,1,3595,105,2023-10-02,2023-10-03,2023-10-02
출항,2023,1,5598,155,2023-10-01,2023-10-01,2023-09-27
출항,2023,1,7234,200,2023-10-01,2023-10-01,2023-09-27
출항,2023,1,5598,15,2023-10-01,2023-10-01,2023-09-27
통과,2023,1,17208,100,2023-10-01,2023-10-01,2023-09-28
출항,2023,1,7240,230,2023-10-01,2023-10-01,2023-09-29
입항,2023,1,29462,200,2023-10-01,2023-10-01,2023-09-29
출항,2023,1,30237,200,2023-10-01,2023-10-01,2023-09-30
출항,2023,1,16703,420,2023-09-30,2023-09-30,2023-09-26
입항,2023,8,5487,230,2023-09-30,2023-09-30,2023-09-26
입항,2023,1,29751,1000,2023-09-30,2023-09-30,2023-09-29
출항,2023,1,5571,100,2023-09-30,2023-10-01,2023-09-29
입항,2023,1,2823,100,2023-09-30,2023-09-30,2023-09-30
입항,2023,3,23124,110,2023-09-29,2023-09-30,2023-09-26
입항,2023,1,3887,160,2023-09-29,2023-09-29,2023-09-27
출항,2023,1,8278,150,2023-09-29,2023-09-29,2023-09-27
출항,2023,1,2823,100,2023-09-29,2023-09-29,2023-09-29
입항,2023,1,7333,0,2023-09-29,2023-09-30,2023-09-29
입항,2023,1,2997,200,2023-09-28,2023-09-29,2023-09-26
출항,2023,1,89129,2100,2023-09-28,2023-09-28,2023-09-26
입항,2023,1,30873,200,2023-09-28,2023-09-28,2023-09-27
출항,2023,3,62615,1330,2023-09-28,2023-09-29,2023-09-27
출항,2023,19,2695,20,2023-09-28,2023-09-28,2023-09-27
입항,2023,1,4544,125,2023-09-28,2023-09-28,2023-09-27
입항,2023,1,30967,500,2023-09-27,2023-09-27,2023-09-25
입항,2023,1,30967,200,2023-09-27,2023-09-27,2023-09-25
출항,2023,1,2993,150,2023-09-27,2023-09-27,2023-09-25
출항,2023,1,11573,950,2023-09-27,2023-09-27,2023-09-26
입항,2023,1,42296,1000,2023-09-27,2023-09-27,2023-09-26
출항,2023,1,3038,50,2023-09-27,2023-09-27,2023-09-26
출항,2023,1,29588,800,2023-09-27,2023-09-27,2023-09-26
출항,2023,1,2993,60,2023-09-27,2023-09-27,2023-09-26
출항,2023,1,2579,95,2023-09-27,2023-09-27,2023-09-26
출항,2023,1,5723,0,2023-09-27,2023-09-27,2023-09-27
입항,2023,8,2028,76,2023-09-26,2023-09-26,2023-09-25
출항,2023,1,46999,420,2023-09-26,2023-09-26,2023-09-25
출항,2023,1,2583,110,2023-09-26,2023-09-26,2023-09-25
입항,2023,1,2682,100,2023-09-26,2023-09-26,2023-09-25
출항,2023,1,114180,3400,2023-09-26,2023-09-27,2023-09-25
입항,2023,1,30053,525,2023-09-26,2023-09-27,2023-09-25
입항,2023,1,2101,50,2023-09-26,2023-09-26,2023-09-25
입항,2023,1,29995,150,2023-09-26,2023-09-26,2023-09-25
출항,2023,1,65830,1800,2023-09-26,2023-09-27,2023-09-26
입항,2023,8,2028,76,2023-09-25,2023-09-25,2023-09-22
출항,2023,1,3595,100,2023-09-25,2023-09-25,2023-09-22
입항,2023,1,29267,700,2023-09-25,2023-09-25,2023-09-22
입항,2023,1,17208,500,2023-09-25,2023-09-25,2023-09-22
출항,2023,1,8271,150,2023-09-25,2023-09-25,2023-09-23
출항,2023,1,6426,500,2023-09-25,2023-09-25,2023-09-24
출항,2023,1,29266,500,2023-09-25,2023-09-26,2023-09-25
출항,2023,1,34128,200,2023-09-24,2023-09-25,2023-09-18
출항,2023,1,7064,500,2023-09-24,2023-09-24,2023-09-20
출항,2023,1,7675,150,2023-09-24,2023-09-24,2023-09-22
입항,2023,1,29924,200,2023-09-24,2023-09-24,2023-09-22
출항,2023,1,18001,900,2023-09-24,2023-09-24,2023-09-22
출항,2023,2,6843,100,2023-09-24,2023-09-24,2023-09-22
출항,2023,2,29914,160,2023-09-23,2023-09-23,2023-09-21
출항,2023,1,29737,730,2023-09-23,2023-09-23,2023-09-22
출항,2023,1,4091,200,2023-09-23,2023-09-23,2023-09-22
입항,2023,1,8271,200,2023-09-23,2023-09-24,2023-09-22
출항,2023,1,62969,660,2023-09-23,2023-09-23,2023-09-22
입항,2023,1,29924,500,2023-09-23,2023-09-24,2023-09-22
입항,2023,1,46999,400,2023-09-22,2023-09-23,2023-09-21
입항,2023,1,7234,15,2023-09-22,2023-09-22,2023-09-21
출항,2023,1,16572,600,2023-09-21,2023-09-21,2023-09-19
통과,2023,1,6976,180,2023-09-21,2023-09-21,2023-09-20
출항,2023,1,1959,150,2023-09-21,2023-09-21,2023-09-20
출항,2023,1,5758,185,2023-09-20,2023-09-20,2023-09-18
입항,2023,1,29995,0,2023-09-20,2023-09-20,2023-09-19
입항,2023,1,29914,500,2023-09-20,2023-09-21,2023-09-19
입항,2023,1,8072,180,2023-09-20,2023-09-20,2023-09-19
출항,2023,1,4040,200,2023-09-19,2023-09-19,2023-09-14
출항,2023,1,48714,870,2023-09-19,2023-09-19,2023-09-17
입항,2023,1,17208,510,2023-09-19,2023-09-19,2023-09-18
출항,2023,1,2997,145,2023-09-19,2023-09-19,2023-09-18
입항,2023,1,11951,500,2023-09-19,2023-09-19,2023-09-18
입항,2023,1,11492,700,2023-09-19,2023-09-19,2023-09-18
출항,2023,1,11492,700,2023-09-19,2023-09-19,2023-09-18
입항,2023,1,11492,700,2023-09-19,2023-09-19,2023-09-18
입항,2023,1,29995,0,2023-09-19,2023-09-19,2023-09-18
입항,2023,1,80540,300,2023-09-19,2023-09-19,2023-09-18
출항,2023,1,2355,150,2023-09-19,2023-09-19,2023-09-18
출항,2023,1,3575,150,2023-09-19,2023-09-19,2023-09-18
출항,2023,1,2696,150,2023-09-19,2023-09-20,2023-09-19
입항,2023,26,2438,100,2023-09-18,2023-09-18,2023-09-15
입항,2023,1,7294,210,2023-09-18,2023-09-18,2023-09-15
출항,2023,1,7687,200,2023-09-18,2023-09-18,2023-09-15
출항,2023,1,57510,900,2023-09-18,2023-09-18,2023-09-15
출항,2023,10,4873,100,2023-09-18,2023-09-18,2023-09-17
출항,2023,1,3887,200,2023-09-18,2023-09-18,2023-09-17
입항,2023,1,4164,150,2023-09-18,2023-09-18,2023-09-18
입항,2023,1,11951,30,2023-09-18,2023-09-18,2023-09-18
입항,2023,1,29419,840,2023-09-17,2023-09-18,2023-09-14
입항,2023,7,2688,140,2023-09-17,2023-09-17,2023-09-15
출항,2023,1,11917,100,2023-09-17,2023-09-17,2023-09-15
출항,2023,1,83469,300,2023-09-17,2023-09-17,2023-09-15
출항,2023,1,29544,500,2023-09-17,2023-09-17,2023-09-15
통과,2023,1,34650,690,2023-09-17,2023-09-18,2023-09-16
출항,2023,10,2028,97,2023-09-16,2023-09-17,2023-09-14
입항,2023,1,30945,230,2023-09-16,2023-09-16,2023-09-14
출항,2023,1,6028,320,2023-09-16,2023-09-16,2023-09-15
입항,2023,1,26900,640,2023-09-16,2023-09-16,2023-09-15
통과,2023,1,64677,300,2023-09-16,2023-09-17,2023-09-15
입항,2023,1,4239,100,2023-09-16,2023-09-17,2023-09-15
출항,2023,1,5376,235,2023-09-16,2023-09-16,2023-09-15
출항,2023,1,3376,200,2023-09-16,2023-09-16,2023-09-15
출항,2023,1,2210,200,2023-09-16,2023-09-16,2023-09-15
입항,2023,1,29657,500,2023-09-16,2023-09-17,2023-09-16
입항,2023,1,3765,150,2023-09-15,2023-09-15,2023-09-14
출항,2023,1,48773,1235,2023-09-15,2023-09-15,2023-09-14
출항,2023,1,4500,145,2023-09-15,2023-09-15,2023-09-14
입항,2023,1,5723,200,2023-09-15,2023-09-15,2023-09-14
입항,2023,1,30110,330,2023-09-15,2023-09-16,2023-09-15
입항,2023,1,3910,300,2023-09-15,2023-09-15,2023-09-15
출항,2023,1,5723,250,2023-09-15,2023-09-16,2023-09-15
출항,2023,13,2517,170,2023-09-14,2023-09-14,2023-09-12
출항,2023,16,2403,50,2023-09-14,2023-09-14,2023-09-12
출항,2023,1,29917,600,2023-09-14,2023-09-14,2023-09-12
출항,2023,1,2517,130,2023-09-14,2023-09-14,2023-09-13
입항,2023,1,30259,605,2023-09-14,2023-09-15,2023-09-13
입항,2023,1,11954,400,2023-09-14,2023-09-14,2023-09-13
입항,2023,1,2823,100,2023-09-14,2023-09-15,2023-09-14
입항,2023,5,8260,190,2023-09-13,2023-09-13,2023-09-11
입항,2023,19,5598,155,2023-09-13,2023-09-13,2023-09-12
입항,2023,1,29289,500,2023-09-13,2023-09-13,2023-09-12
입항,2023,1,29289,500,2023-09-13,2023-09-14,2023-09-12
입항,2023,4,8295,480,2023-09-13,2023-09-13,2023-09-12
출항,2023,1,33355,950,2023-09-13,2023-09-13,2023-09-12
입항,2023,1,5598,200,2023-09-13,2023-09-13,2023-09-12
출항,2023,1,2210,200,2023-09-13,2023-09-13,2023-09-12
출항,2023,1,33355,500,2023-09-13,2023-09-12,2023-09-12
입항,2023,1,2993,90,2023-09-13,2023-09-13,2023-09-12
통과,2023,1,18287,200,2023-09-12,2023-09-12,2023-09-08
입항,2023,1,42869,500,2023-09-12,2023-09-12,2023-09-11
통과,2023,1,29124,110,2023-09-12,2023-09-12,2023-09-11
출항,2023,17,2101,50,2023-09-12,2023-09-12,2023-09-11
입항,2023,1,2193,50,2023-09-12,2023-09-12,2023-09-11
출항,2023,1,29886,500,2023-09-12,2023-09-13,2023-09-12
입항,2023,1,4065,150,2023-09-12,2023-09-19,2023-09-18
입항,2023,1,29917,720,2023-09-11,2023-09-12,2023-09-08
출항,2023,1,4543,30,2023-09-11,2023-09-11,2023-09-08
입항,2023,1,2761,500,2023-09-11,2023-09-11,2023-09-08
출항,2023,1,5273,150,2023-09-11,2023-09-11,2023-09-08
입항,2023,1,8294,500,2023-09-11,2023-09-12,2023-09-08
출항,2023,1,4543,30,2023-09-11,2023-09-10,2023-09-10
통과,2023,1,156392,100,2023-09-10,2023-09-11,2023-09-06
입항,2023,1,17208,630,2023-09-10,2023-09-10,2023-09-08
출항,2023,1,29168,1150,2023-09-10,2023-09-11,2023-09-08
출항,2023,1,7243,460,2023-09-10,2023-09-11,2023-09-08
출항,2023,1,29597,850,2023-09-10,2023-09-10,2023-09-08
출항,2023,1,29708,500,2023-09-10,2023-09-10,2023-09-08
출항,2023,1,20600,1150,2023-09-10,2023-09-11,2023-09-08
출항,2023,2,21326,100,2023-09-10,2023-09-10,2023-09-08
입항,2023,1,30962,800,2023-09-10,2023-09-10,2023-09-08
입항,2023,1,7234,260,2023-09-10,2023-09-10,2023-09-10
입항,2023,1,7271,250,2023-09-09,2023-09-09,2023-09-06
출항,2023,1,18287,350,2023-09-09,2023-09-09,2023-09-08
출항,2023,9,2688,40,2023-09-09,2023-09-10,2023-09-08
출항,2023,1,5758,100,2023-09-09,2023-09-09,2023-09-08
출항,2023,1,29671,750,2023-09-09,2023-09-09,2023-09-08
입항,2023,1,4060,100,2023-09-09,2023-09-08,2023-09-08
입항,2023,1,5422,200,2023-09-09,2023-09-09,2023-09-08
입항,2023,1,29455,50,2023-09-09,2023-09-09,2023-09-08
출항,2023,1,4091,60,2023-09-09,2023-09-09,2023-09-08
출항,2023,1,4048,100,2023-09-09,2023-09-09,2023-09-08
통과,2023,1,156392,100,2023-09-08,2023-09-09,2023-09-06
출항,2023,1,2106,150,2023-09-08,2023-09-08,2023-09-07
출항,2023,1,6294,150,2023-09-08,2023-09-08,2023-09-08
입항,2023,1,63302,8000,2023-09-08,2023-09-09,2023-09-08
입항,2023,1,29266,500,2023-09-08,2023-09-09,2023-09-08
출항,2023,1,7333,120,2023-09-07,2023-09-07,2023-09-06
입항,2023,1,2106,135,2023-09-07,2023-09-07,2023-09-06
출항,2023,1,3038,60,2023-09-06,2023-09-07,2023-09-06
출항,2023,1,6270,250,2023-09-05,2023-09-05,2023-09-04
입항,2023,1,3185,70,2023-09-05,2023-09-13,2023-09-12
입항,2023,1,8072,120,2023-09-05,2023-10-05,2023-10-04
출항,2023,19,2691,120,2023-09-04,2023-09-04,2023-08-30
입항,2023,1,29597,850,2023-09-04,2023-09-05,2023-09-01
입항,2023,1,58156,100,2023-09-04,2023-09-04,2023-09-02
출항,2023,1,17858,980,2023-09-04,2023-09-04,2023-09-02
출항,2023,1,11986,200,2023-09-04,2023-09-04,2023-09-02
출항,2023,1,2210,40,2023-09-04,2023-09-04,2023-09-02
출항,2023,1,7687,150,2023-09-04,2023-09-04,2023-09-02
출항,2023,1,7687,150,2023-09-04,2023-09-04,2023-09-03
출항,2023,1,4304,185,2023-09-04,2023-09-04,2023-09-04
입항,2023,1,5598,130,2023-09-03,2023-09-03,2023-09-01
출항,2023,1,17139,160,2023-09-03,2023-09-03,2023-09-01
출항,2023,16,5598,130,2023-09-03,2023-09-03,2023-09-01
입항,2023,1,29646,870,2023-09-03,2023-09-03,2023-09-01
입항,2023,1,29528,800,2023-09-03,2023-09-03,2023-09-01
입항,2023,2,20108,120,2023-09-02,2023-09-02,2023-08-31
출항,2023,1,3773,50,2023-09-02,2023-09-03,2023-09-01
출항,2023,1,29530,665,2023-09-02,2023-09-03,2023-09-01
입항,2023,14,5376,300,2023-09-02,2023-09-03,2023-09-01
입항,2023,1,29464,300,2023-09-02,2023-09-02,2023-09-01
입항,2023,4,29447,150,2023-09-02,2023-09-02,2023-09-01
출항,2023,1,29530,1000,2023-09-02,2023-09-03,2023-09-01
출항,2023,1,27972,500,2023-09-02,2023-09-02,2023-09-01
입항,2023,1,11290,300,2023-09-02,2023-09-03,2023-09-01
입항,2023,2,29980,1250,2023-09-02,2023-09-03,2023-09-01
입항,2023,1,25400,300,2023-09-02,2023-09-02,2023-09-01
입항,2023,1,4060,0,2023-09-02,2023-09-03,2023-09-02
입항,2023,1,29063,500,2023-09-01,2023-09-01,2023-08-30
출항,2023,1,4040,50,2023-09-01,2023-09-01,2023-08-30
출항,2023,1,63965,1200,2023-09-01,2023-09-08,2023-09-08
출항,2023,8,2028,89,2023-08-31,2023-08-31,2023-08-29
출항,2023,1,17208,300,2023-08-31,2023-08-31,2023-08-30
출항,2023,1,4862,120,2023-08-31,2023-08-31,2023-08-30
출항,2023,1,4873,100,2023-08-31,2023-08-31,2023-08-30
통과,2023,1,49943,950,2023-08-31,2023-08-31,2023-08-30
출항,2023,1,19801,450,2023-08-31,2023-08-31,2023-08-30
출항,2023,1,3910,100,2023-08-31,2023-08-31,2023-08-30
출항,2023,1,8278,110,2023-08-31,2023-08-31,2023-08-30
출항,2023,1,7488,300,2023-08-31,2023-08-31,2023-08-30
출항,2023,1,8278,200,2023-08-31,2023-09-01,2023-08-31
출항,2023,1,4091,100,2023-08-30,2023-08-30,2023-08-29
입항,2023,1,8278,250,2023-08-30,2023-08-30,2023-08-29
입항,2023,1,3678,200,2023-08-30,2023-08-30,2023-08-29
출항,2023,1,4484,315,2023-08-30,2023-08-30,2023-08-30
통과,2023,1,19801,300,2023-08-30,2023-08-30,2023-08-30
입항,2023,1,2761,300,2023-08-29,2023-08-29,2023-08-25
출항,2023,16,2999,0,2023-08-29,2023-08-30,2023-08-25
출항,2023,1,15715,450,2023-08-29,2023-08-30,2023-08-28
입항,2023,1,8625,500,2023-08-29,2023-08-29,2023-08-29
입항,2023,1,19910,500,2023-08-28,2023-08-29,2023-08-25
입항,2023,1,2700,300,2023-08-28,2023-08-28,2023-08-25
출항,2023,1,2696,200,2023-08-28,2023-08-28,2023-08-25
출항,2023,1,3038,150,2023-08-28,2023-08-28,2023-08-25
통과,2023,1,2204,130,2023-08-28,2023-08-28,2023-08-25
입항,2023,1,6426,300,2023-08-28,2023-08-28,2023-08-25
출항,2023,1,2490,0,2023-08-28,2023-08-28,2023-08-27
출항,2023,1,30259,0,2023-08-28,2023-08-28,2023-08-27
입항,2023,1,29886,800,2023-08-28,2023-08-29,2023-08-28
출항,2023,1,2579,90,2023-08-28,2023-08-28,2023-08-28
입항,2023,1,3595,300,2023-08-27,2023-08-27,2023-08-25
출항,2023,1,8294,200,2023-08-27,2023-08-27,2023-08-25
출항,2023,1,2579,100,2023-08-27,2023-08-28,2023-08-25
입항,2023,1,2993,80,2023-08-27,2023-08-27,2023-08-25
입항,2023,8,2997,160,2023-08-26,2023-08-26,2023-08-24
출항,2023,1,7072,210,2023-08-26,2023-08-24,2023-08-24
출항,2023,15,2999,90,2023-08-26,2023-08-26,2023-08-25
출항,2023,1,23884,1700,2023-08-26,2023-08-27,2023-08-25
입항,2023,1,28747,870,2023-08-26,2023-08-27,2023-08-25
출항,2023,1,5469,630,2023-08-26,2023-08-26,2023-08-25
입항,2023,1,29063,1000,2023-08-26,2023-08-27,2023-08-25
입항,2023,1,8072,150,2023-08-26,2023-08-27,2023-08-26
입항,2023,1,28747,23,2023-08-26,2023-08-27,2023-08-26
입항,2023,14,5376,300,2023-08-26,2023-09-27,2023-09-01
출항,2023,27,3595,162,2023-08-25,2023-08-25,2023-08-24
출항,2023,1,5667,250,2023-08-25,2023-08-25,2023-08-21
출항,2023,18,2403,100,2023-08-25,2023-08-25,2023-08-21
입항,2023,1,17208,550,2023-08-25,2023-08-25,2023-08-24
입항,2023,6,2688,160,2023-08-25,2023-08-25,2023-08-24
통과,2023,1,47236,750,2023-08-25,2023-08-26,2023-08-24
출항,2023,1,4833,300,2023-08-25,2023-08-26,2023-08-24
출항,2023,1,21315,200,2023-08-24,2023-08-24,2023-08-21
출항,2023,1,4048,1200,2023-08-24,2023-08-24,2023-08-22
출항,2023,1,17785,150,2023-08-24,2023-08-25,2023-08-22
출항,2023,1,5197,165,2023-08-24,2023-08-24,2023-08-23
출항,2023,1,11908,250,2023-08-24,2023-08-24,2023-08-23
출항,2023,1,28051,0,2023-08-24,2023-08-24,2023-08-23
통과,2023,1,20059,0,2023-08-24,2023-08-24,2023-08-23
입항,2023,1,43687,800,2023-08-24,2023-08-24,2023-08-23
입항,2023,1,5002,100,2023-08-24,2023-08-24,2023-08-24
출항,2023,1,159875,150,2023-08-23,2023-08-23,2023-08-21
입항,2023,7,2498,105,2023-08-23,2023-08-23,2023-08-21
출항,2023,1,114810,3400,2023-08-23,2023-08-23,2023-08-22
출항,2023,1,8577,400,2023-08-23,2023-08-23,2023-08-22
출항,2023,12,2486,100,2023-08-23,2023-08-12,2023-08-22
입항,2023,7,2688,160,2023-08-23,2023-08-23,2023-08-23
입항,2023,6,5488,190,2023-08-23,2023-08-24,2023-08-23
출항,2023,1,4544,95,2023-08-23,2023-08-24,2023-08-23
출항,2023,3,29447,200,2023-08-23,2023-08-24,2023-08-23
출항,2023,8,4873,30,2023-08-22,2023-08-22,2023-08-17
입항,2023,1,30967,900,2023-08-22,2023-08-22,2023-08-18
출항,2023,1,4060,100,2023-08-22,2023-08-22,2023-08-21
출항,2023,1,45805,750,2023-08-22,2023-08-22,2023-08-21
출항,2023,1,114810,3400,2023-08-22,2023-08-23,2023-08-21
출항,2023,1,8045,355,2023-08-22,2023-08-22,2023-08-21
입항,2023,1,29403,600,2023-08-22,2023-08-23,2023-08-22
입항,2023,1,8277,250,2023-08-22,2023-08-22,2023-08-22
출항,2023,3,6288,300,2023-08-21,2023-08-21,2023-08-17
입항,2023,1,20283,450,2023-08-21,2023-08-22,2023-08-18
입항,2023,2,34128,470,2023-08-21,2023-08-21,2023-08-18
통과,2023,1,17840,900,2023-08-21,2023-08-22,2023-08-18
입항,2023,1,7333,0,2023-08-21,2023-08-21,2023-08-18
출항,2023,16,3629,50,2023-08-21,2023-08-21,2023-08-18
입항,2023,1,5510,200,2023-08-21,2023-08-22,2023-08-21
입항,2023,1,30873,800,2023-08-21,2023-08-22,2023-08-21
입항,2023,1,29266,900,2023-08-21,2023-08-22,2023-08-21
입항,2023,1,7561,210,2023-08-21,2023-08-21,2023-08-21
입항,2023,3,16452,835,2023-08-21,2023-08-22,2023-08-21
출항,2023,1,23861,650,2023-08-21,2023-08-22,2023-08-21
입항,2023,1,5459,300,2023-08-20,2023-08-20,2023-08-17
입항,2023,11,2369,180,2023-08-20,2023-08-20,2023-08-17
통과,2023,1,22262,775,2023-08-20,2023-08-21,2023-08-17
출항,2023,1,4040,150,2023-08-20,2023-08-20,2023-08-17
출항,2023,1,29460,600,2023-08-20,2023-08-20,2023-08-18
출항,2023,1,11642,19,2023-08-20,2023-08-21,2023-08-18
출항,2023,1,3404,200,2023-08-20,2023-08-21,2023-08-18
입항,2023,1,30962,1000,2023-08-20,2023-08-20,2023-08-18
출항,2023,1,2517,200,2023-08-20,2023-08-20,2023-08-18
출항,2023,1,2652,100,2023-08-20,2023-08-21,2023-08-20
입항,2023,1,3404,100,2023-08-20,2023-08-20,2023-08-20
입항,2023,1,29712,800,2023-08-19,2023-08-19,2023-08-17
입항,2023,1,4241,226,2023-08-19,2023-08-19,2023-08-18
입항,2023,1,29667,1095,2023-08-19,2023-08-19,2023-08-18
입항,2023,3,17208,660,2023-08-19,2023-08-19,2023-08-18
출항,2023,1,1637,130,2023-08-19,2023-08-19,2023-08-18
출항,2023,1,8018,200,2023-08-19,2023-08-19,2023-08-18
입항,2023,1,5723,200,2023-08-19,2023-08-19,2023-08-18
출항,2023,1,3575,200,2023-08-19,2023-08-19,2023-08-18
입항,2023,5,29305,538,2023-08-18,2023-08-18,2023-08-14
출항,2023,1,16363,600,2023-08-18,2023-08-18,2023-08-16
출항,2023,1,48714,1000,2023-08-18,2023-08-18,2023-08-17
입항,2023,1,28465,500,2023-08-18,2023-08-18,2023-08-17
출항,2023,1,59024,500,2023-08-18,2023-08-19,2023-08-17
입항,2023,1,3910,100,2023-08-18,2023-08-18,2023-08-17
출항,2023,14,2695,25,2023-08-18,2023-08-18,2023-08-17
출항,2023,14,2193,100,2023-08-18,2023-08-19,2023-08-17
입항,2023,1,8625,300,2023-08-18,2023-08-18,2023-08-18
출항,2023,1,4833,317,2023-08-18,2023-08-19,2023-08-18
입항,2023,29,3910,3.1,2023-08-18,2023-08-18,2023-08-17
입항,2023,1,156293,170,2023-08-17,2023-08-17,2023-08-13
출항,2023,1,7219,4,2023-08-17,2023-08-17,2023-08-14
출항,2023,1,17902,500,2023-08-17,2023-08-17,2023-08-14
출항,2023,1,17785,150,2023-08-17,2023-08-18,2023-08-15
출항,2023,1,3038,80,2023-08-17,2023-08-17,2023-08-16
출항,2023,1,4387,180,2023-08-17,2023-08-17,2023-08-16
입항,2023,1,63965,1050,2023-08-17,2023-08-17,2023-08-16
출항,2023,14,2695,25,2023-08-17,2023-08-17,2023-08-16
출항,2023,1,7294,220,2023-08-17,2023-08-17,2023-08-16
입항,2023,1,29671,600,2023-08-17,2023-08-17,2023-08-16
출항,2023,1,3420,150,2023-08-17,2023-08-18,2023-08-16
출항,2023,1,17191,500,2023-08-16,2023-08-16,2023-08-14
통과,2023,1,20059,500,2023-08-16,2023-08-23,2023-08-23
출항,2023,3,24634,670,2023-08-15,2023-08-15,2023-08-11
출항,2023,1,5197,40,2023-08-15,2023-08-15,2023-08-14
출항,2023,1,2106,50,2023-08-15,2023-08-16,2023-08-14
출항,2023,1,3834,60,2023-08-15,2023-08-15,2023-08-14
출항,2023,1,7699,150,2023-08-15,2023-08-15,2023-08-14
통과,2023,1,29671,600,2023-08-14,2023-08-14,2023-08-08
통과,2023,1,40913,1150,2023-08-14,2023-08-14,2023-08-11
출항,2023,1,29063,750,2023-08-14,2023-08-14,2023-08-11
출항,2023,1,29063,750,2023-08-14,2023-08-14,2023-08-11
입항,2023,1,16363,600,2023-08-14,2023-08-14,2023-08-11
출항,2023,1,4091,50,2023-08-14,2023-08-14,2023-08-14
입항,2023,1,7699,200,2023-08-14,2023-08-14,2023-08-14
입항,2023,1,16363,600,2023-08-14,2023-08-15,2023-08-14
출항,2023,1,16363,600,2023-08-14,2023-08-15,2023-08-14
출항,2023,3,5546,350,2023-08-13,2023-08-13,2023-08-07
출항,2023,1,29767,800,2023-08-13,2023-08-14,2023-08-11
출항,2023,1,5376,245,2023-08-13,2023-08-13,2023-08-11
입항,2023,1,7219,180,2023-08-13,2023-08-14,2023-08-11
입항,2023,8,11919,450,2023-08-13,2023-08-13,2023-08-11
출항,2023,1,29460,565,2023-08-13,2023-08-14,2023-08-11
출항,2023,2,24509,470,2023-08-13,2023-08-14,2023-08-11
출항,2023,1,29708,500,2023-08-13,2023-08-13,2023-08-11
입항,2023,1,29507,1000,2023-08-13,2023-08-13,2023-08-11
출항,2023,1,5074,90,2023-08-13,2023-08-13,2023-08-11
출항,2023,1,4309,240,2023-08-13,2023-08-13,2023-08-12
출항,2023,1,29593,1000,2023-08-13,2023-08-14,2023-08-12
출항,2023,1,29593,1100,2023-08-13,2023-08-13,2023-08-12
입항,2023,1,2371,120,2023-08-13,2023-08-13,2023-08-13
출항,2023,1,3428,200,2023-08-12,2023-08-12,2023-08-11
출항,2023,1,8045,100,2023-08-12,2023-08-12,2023-08-11
출항,2023,1,5917,525,2023-08-12,2023-08-12,2023-08-11
입항,2023,3,66834,847,2023-08-12,2023-08-12,2023-08-11
입항,2023,1,29593,30,2023-08-12,2023-08-12,2023-08-11
출항,2023,1,5197,40,2023-08-12,2023-08-12,2023-08-11
입항,2023,4,2028,88,2023-08-12,2023-08-12,2023-08-11
입항,2023,1,4048,70,2023-08-12,2023-08-12,2023-08-11
출항,2023,1,29419,600,2023-08-12,2023-08-12,2023-08-11
출항,2023,1,29708,500,2023-08-12,2023-08-13,2023-08-11
출항,2023,1,29994,300,2023-08-12,2023-08-12,2023-08-11
입항,2023,1,4048,70,2023-08-12,2023-08-12,2023-08-12
입항,2023,8,2099,70,2023-08-12,2023-08-12,2023-08-12
통과,2023,1,34589,800,2023-08-11,2023-08-11,2023-08-10
입항,2023,1,2682,80,2023-08-11,2023-08-12,2023-08-11
입항,2023,1,5723,0,2023-08-11,2023-08-11,2023-08-11
입항,2023,1,61630,500,2023-08-11,2023-08-11,2023-08-11
입항,2023,1,4241,300,2023-08-11,2023-08-11,2023-08-11
입항,2023,10,2362,24,2023-08-08,2023-08-08,2023-08-07
출항,2023,1,4235,225,2023-08-07,2023-08-08,2023-07-31
출항,2023,1,29715,150,2023-08-07,2023-08-07,2023-08-04
출항,2023,1,28823,790,2023-08-07,2023-08-07,2023-08-04
입항,2023,3,2997,205,2023-08-07,2023-08-07,2023-08-04
입항,2023,5,4235,225,2023-08-07,2023-08-07,2023-08-04
출항,2023,1,8271,150,2023-08-07,2023-08-07,2023-08-05
입항,2023,1,13414,810,2023-08-07,2023-08-07,2023-08-06
출항,2023,1,7294,210,2023-08-07,2023-08-07,2023-08-07
입항,2023,1,2517,200,2023-08-07,2023-08-07,2023-08-07
입항,2023,1,4235,225,2023-08-06,2023-08-06,2023-08-01
입항,2023,1,29151,800,2023-08-06,2023-08-07,2023-08-04
입항,2023,1,17208,525,2023-08-06,2023-08-07,2023-08-04
출항,2023,1,5197,60,2023-08-06,2023-08-06,2023-08-04
출항,2023,1,3419,30,2023-08-06,2023-08-06,2023-08-04
입항,2023,1,2696,130,2023-08-06,2023-08-07,2023-08-04
출항,2023,1,5060,200,2023-08-06,2023-08-06,2023-08-04
입항,2023,1,30259,700,2023-08-06,2023-08-06,2023-08-05
입항,2023,9,2696,120,2023-08-06,2023-08-06,2023-08-06
출항,2023,1,3038,50,2023-08-05,2023-08-05,2023-08-04
출항,2023,1,4175,200,2023-08-05,2023-08-05,2023-08-04
출항,2023,1,2579,90,2023-08-05,2023-08-06,2023-08-04
입항,2023,1,2946,150,2023-08-05,2023-08-06,2023-08-04
출항,2023,1,4417,150,2023-08-05,2023-08-06,2023-08-04
통과,2023,1,36140,870,2023-08-05,2023-08-06,2023-08-04
출항,2023,1,5667,300,2023-08-04,2023-08-04,2023-08-03
입항,2023,9,11988,200,2023-08-04,2023-08-05,2023-08-03
입항,2023,1,4159,300,2023-08-04,2023-08-04,2023-08-03
입항,2023,1,29993,300,2023-08-04,2023-08-05,2023-08-04
출항,2023,4,16222,380,2023-08-03,2023-08-03,2023-08-01
출항,2023,1,4543,35,2023-08-03,2023-08-03,2023-08-02
출항,2023,1,6288,170,2023-08-03,2023-08-03,2023-08-02
출항,2023,1,6288,170,2023-08-03,2023-08-03,2023-08-02
입항,2023,1,5197,100,2023-08-03,2023-08-03,2023-08-02
출항,2023,1,28160,0,2023-08-03,2023-08-03,2023-08-02
입항,2023,1,8242,250,2023-08-03,2023-08-03,2023-08-02
출항,2023,1,5723,200,2023-08-03,2023-08-03,2023-08-02
출항,2023,2,51931,1430,2023-08-02,2023-08-03,2023-07-31
출항,2023,1,4040,150,2023-08-02,2023-08-02,2023-07-31
입항,2023,1,30108,1100,2023-08-02,2023-08-02,2023-08-01
입항,2023,1,8072,100,2023-08-02,2023-08-02,2023-08-01
입항,2023,1,30945,1000,2023-08-02,2023-08-03,2023-08-02
출항,2023,6,4301,200,2023-08-01,2023-08-01,2023-07-31
출항,2023,1,5715,190,2023-08-01,2023-08-01,2023-07-31
입항,2023,1,29806,735,2023-08-01,2023-08-01,2023-07-31
출항,2023,1,4067,150,2023-08-01,2023-08-01,2023-08-01
입항,2023,1,30053,500,2023-07-31,2023-07-31,2023-07-28
출항,2023,20,2993,100,2023-07-31,2023-07-31,2023-07-28
출항,2023,1,12485,135,2023-07-31,2023-07-31,2023-07-30
입항,2023,1,4048,300,2023-07-31,2023-07-31,2023-07-31
통과,2023,1,16580,600,2023-07-30,2023-07-30,2023-07-27
입항,2023,15,2101,65,2023-07-30,2023-07-30,2023-07-27
출항,2023,1,28725,800,2023-07-30,2023-07-30,2023-07-28
통과,2023,1,17208,1160,2023-07-30,2023-07-30,2023-07-28
입항,2023,1,28777,500,2023-07-30,2023-07-30,2023-07-28
출항,2023,1,20058,900,2023-07-30,2023-07-30,2023-07-28
출항,2023,1,29884,500,2023-07-30,2023-07-30,2023-07-28
출항,2023,1,3575,100,2023-07-30,2023-07-30,2023-07-28
출항,2023,1,43687,700,2023-07-30,2023-07-30,2023-07-28
입항,2023,1,8261,150,2023-07-30,2023-07-30,2023-07-29
출항,2023,12,2583,110,2023-07-30,2023-07-31,2023-07-29
출항,2023,9,2517,120,2023-07-29,2023-07-29,2023-07-27
통과,2023,1,11729,790,2023-07-29,2023-07-29,2023-07-28
출항,2023,1,3138,100,2023-07-29,2023-07-29,2023-07-28
출항,2023,1,152811,2200,2023-07-29,2023-07-29,2023-07-28
입항,2023,1,4387,25,2023-07-29,2023-07-29,2023-07-29
출항,2023,1,8294,500,2023-07-28,2023-07-28,2023-07-25
출항,2023,1,3038,150,2023-07-28,2023-07-29,2023-07-27
입항,2023,1,11645,200,2023-07-28,2023-07-28,2023-07-27
입항,2023,1,28952,690,2023-07-27,2023-07-27,2023-07-26
입항,2023,1,59408,200,2023-07-27,2023-07-27,2023-07-27
통과,2023,1,34618,140,2023-07-26,2023-07-26,2023-07-25
출항,2023,1,2696,150,2023-07-26,2023-07-26,2023-07-25
입항,2023,1,64245,900,2023-07-26,2023-07-26,2023-07-25
입항,2023,5,2163,120,2023-07-26,2023-07-26,2023-07-26
입항,2023,1,3203,20,2023-07-26,2023-07-26,2023-07-26
출항,2023,1,8263,330,2023-07-25,2023-07-25,2023-07-24
통과,2023,1,30006,0,2023-07-25,2023-07-25,2023-07-24
출항,2023,1,8577,300,2023-07-25,2023-07-25,2023-07-24
입항,2023,1,63965,1100,2023-07-24,2023-07-24,2023-07-21
입항,2023,1,30106,850,2023-07-24,2023-07-24,2023-07-21
통과,2023,1,46789,500,2023-07-24,2023-07-24,2023-07-21
출항,2023,21,4040,50,2023-07-24,2023-07-24,2023-07-21
출항,2023,1,5060,0,2023-07-24,2023-07-24,2023-07-24
입항,2023,1,46025,1500,2023-07-24,2023-07-25,2023-07-24
입항,2023,1,46025,1620,2023-07-24,2023-07-25,2023-07-24
입항,2023,1,58614,500,2023-07-23,2023-07-24,2023-07-21
입항,2023,1,29266,700,2023-07-23,2023-07-23,2023-07-21
출항,2023,1,4387,50,2023-07-23,2023-07-24,2023-07-21
출항,2023,1,3376,0,2023-07-23,2023-07-24,2023-07-22
출항,2023,1,7251,300,2023-07-22,2023-07-23,2023-07-19
출항,2023,5,11919,450,2023-07-22,2023-07-23,2023-07-20
출항,2023,7,2028,65,2023-07-22,2023-07-22,2023-07-20
입항,2023,3,17208,450,2023-07-22,2023-07-22,2023-07-21
입항,2023,1,2193,100,2023-07-22,2023-07-22,2023-07-21
입항,2023,1,3910,180,2023-07-22,2023-07-22,2023-07-21
출항,2023,1,17915,400,2023-07-22,2023-07-23,2023-07-21
출항,2023,1,1637,50,2023-07-22,2023-07-22,2023-07-21
출항,2023,1,1637,50,2023-07-22,2023-07-22,2023-07-21
출항,2023,1,114221,3040,2023-07-21,2023-07-21,2023-07-19
출항,2023,1,15839,150,2023-07-21,2023-07-21,2023-07-20
출항,2023,1,7687,150,2023-07-21,2023-07-21,2023-07-20
출항,2023,2,17208,350,2023-07-21,2023-07-21,2023-07-21
출항,2023,1,29965,1500,2023-07-20,2023-07-20,2023-07-18
출항,2023,1,5273,200,2023-07-20,2023-07-20,2023-07-19
입항,2023,1,29464,900,2023-07-20,2023-07-21,2023-07-20
출항,2023,1,114221,730,2023-07-20,2023-07-21,2023-07-20
출항,2023,12,3629,60,2023-07-19,2023-07-20,2023-07-11
출항,2023,1,3038,75,2023-07-19,2023-07-19,2023-07-18
통과,2023,1,29999,550,2023-07-19,2023-07-19,2023-07-18
출항,2023,1,5074,60,2023-07-19,2023-07-19,2023-07-19
입항,2023,1,2999,115,2023-07-18,2023-07-18,2023-07-14
출항,2023,1,10754,400,2023-07-18,2023-07-18,2023-07-14
출항,2023,1,29965,1500,2023-07-18,2023-07-19,2023-07-14
입항,2023,1,29530,650,2023-07-18,2023-07-18,2023-07-17
출항,2023,1,4833,70,2023-07-18,2023-07-19,2023-07-17
출항,2023,1,29528,885,2023-07-18,2023-07-19,2023-07-17
입항,2023,1,30565,0,2023-07-18,2023-07-18,2023-07-17
출항,2023,1,2999,150,2023-07-18,2023-07-18,2023-07-17
입항,2023,1,29289,500,2023-07-18,2023-07-18,2023-07-17
출항,2023,12,4587,15,2023-07-18,2023-07-18,2023-07-17
입항,2023,1,64018,600,2023-07-17,2023-07-17,2023-07-14
출항,2023,1,8072,200,2023-07-17,2023-07-17,2023-07-14
출항,2023,2,29998,500,2023-07-17,2023-07-17,2023-07-14
출항,2023,1,1637,120,2023-07-17,2023-07-17,2023-07-14
출항,2023,1,29646,900,2023-07-17,2023-07-17,2023-07-16
출항,2023,1,3765,40,2023-07-17,2023-07-17,2023-07-16
출항,2023,1,4543,155,2023-07-17,2023-07-17,2023-07-17
통과,2023,1,27527,30,2023-07-16,2023-07-17,2023-07-14
출항,2023,1,2579,85,2023-07-16,2023-07-16,2023-07-14
출항,2023,1,30967,500,2023-07-16,2023-07-17,2023-07-14
입항,2023,1,5197,160,2023-07-16,2023-07-16,2023-07-14
출항,2023,1,29528,885,2023-07-16,2023-07-17,2023-07-14
출항,2023,26,3765,50,2023-07-16,2023-07-17,2023-07-14
출항,2023,1,2652,60,2023-07-16,2023-07-16,2023-07-15
출항,2023,2,23124,600,2023-07-15,2023-07-16,2023-07-12
출항,2023,1,2517,150,2023-07-15,2023-07-15,2023-07-14
출항,2023,13,2999,0,2023-07-14,2023-07-14,2023-07-12
통과,2023,1,30040,0,2023-07-14,2023-07-14,2023-07-13
출항,2023,1,4040,150,2023-07-13,2023-07-13,2023-07-10
출항,2023,1,7561,360,2023-07-13,2023-07-13,2023-07-12
출항,2023,1,9430,540,2023-07-13,2023-07-14,2023-07-12
출항,2023,1,4040,150,2023-07-13,2023-07-13,2023-07-12
입항,2023,1,29707,500,2023-07-13,2023-07-13,2023-07-12
입항,2023,3,29447,650,2023-07-12,2023-07-12,2023-07-10
입항,2023,1,4387,75,2023-07-12,2023-07-12,2023-07-10
출항,2023,3,3376,250,2023-07-12,2023-07-12,2023-07-11
입항,2023,13,2999,0,2023-07-12,2023-07-12,2023-07-11
출항,2023,1,5060,80,2023-07-12,2023-07-12,2023-07-11
입항,2023,1,7294,200,2023-07-12,2023-07-12,2023-07-11
출항,2023,1,2579,100,2023-07-12,2023-07-12,2023-07-12
출항,2023,1,8577,100,2023-07-12,2023-07-12,2023-07-12
출항,2023,5,5487,210,2023-07-11,2023-07-11,2023-07-10
출항,2023,1,11988,700,2023-07-11,2023-07-11,2023-07-10
입항,2023,9,2362,180,2023-07-11,2023-07-11,2023-07-10
출항,2023,1,5723,200,2023-07-11,2023-07-11,2023-07-10
출항,2023,9,2362,220,2023-07-11,2023-07-12,2023-07-12
출항,2023,1,30237,600,2023-07-10,2023-07-10,2023-07-07
출항,2023,1,2761,100,2023-07-10,2023-07-10,2023-07-07
출항,2023,1,29419,700,2023-07-10,2023-07-10,2023-07-07
입항,2023,6,5487,210,2023-07-10,2023-07-10,2023-07-07
입항,2023,1,5723,200,2023-07-10,2023-07-10,2023-07-09
입항,2023,1,29463,700,2023-07-09,2023-07-10,2023-07-06
입항,2023,1,29305,665,2023-07-09,2023-07-09,2023-07-07
출항,2023,2,17139,0,2023-07-09,2023-07-09,2023-07-07
입항,2023,1,4960,0,2023-07-09,2023-07-09,2023-07-08
입항,2023,1,29419,700,2023-07-09,2023-07-09,2023-07-08
출항,2023,1,2517,150,2023-07-09,2023-07-10,2023-07-09
출항,2023,3,2999,186,2023-07-08,2023-07-08,2023-07-04
출항,2023,1,8271,600,2023-07-08,2023-07-08,2023-07-06
입항,2023,1,3376,100,2023-07-08,2023-07-08,2023-07-06
출항,2023,5,6288,200,2023-07-08,2023-07-08,2023-07-06
출항,2023,1,30237,500,2023-07-08,2023-07-09,2023-07-07
출항,2023,2,2999,153,2023-07-07,2023-07-07,2023-07-04
출항,2023,5,4812,0,2023-07-07,2023-07-07,2023-07-04
통과,2023,1,30259,500,2023-07-07,2023-07-08,2023-07-05
입항,2023,1,17208,750,2023-07-07,2023-07-07,2023-07-06
출항,2023,1,2999,15,2023-07-07,2023-07-07,2023-07-06
입항,2023,31,3773,50,2023-07-07,2023-07-08,2023-07-07
출항,2023,1,4488,300,2023-07-06,2023-07-07,2023-07-03
출항,2023,5,2688,140,2023-07-06,2023-07-06,2023-07-05
통과,2023,1,13015,500,2023-07-06,2023-07-06,2023-07-05
출항,2023,1,9997,250,2023-07-06,2023-07-06,2023-07-05
출항,2023,1,30010,160,2023-07-06,2023-07-07,2023-07-05
출항,2023,1,8072,20,2023-07-06,2023-07-06,2023-07-05
출항,2023,1,3678,80,2023-07-06,2023-07-06,2023-07-05
출항,2023,1,29421,200,2023-07-06,2023-07-06,2023-07-06
출항,2023,4,35853,600,2023-07-05,2023-07-06,2023-07-03
출항,2023,1,29279,300,2023-07-05,2023-07-05,2023-07-04
출항,2023,1,30873,500,2023-07-05,2023-07-12,2023-07-12
입항,2023,1,2355,150,2023-07-04,2023-07-04,2023-07-03
입항,2023,1,2993,70,2023-07-04,2023-07-04,2023-07-03
출항,2023,1,47231,800,2023-07-04,2023-07-05,2023-07-03
출항,2023,1,5376,250,2023-07-04,2023-07-04,2023-07-03
입항,2023,1,30010,160,2023-07-04,2023-07-05,2023-07-04
입항,2023,1,47231,1400,2023-07-04,2023-07-05,2023-07-04
출항,2023,1,8045,400,2023-07-03,2023-07-03,2023-06-30
출항,2023,1,2700,100,2023-07-03,2023-07-03,2023-06-30
출항,2023,15,3038,150,2023-07-03,2023-07-03,2023-06-30
입항,2023,1,7675,330,2023-07-03,2023-07-03,2023-06-30
출항,2023,1,16386,570,2023-07-03,2023-07-03,2023-06-30
입항,2023,4,35853,9000,2023-07-03,2023-07-03,2023-06-30
입항,2023,1,7561,150,2023-07-03,2023-07-03,2023-06-30
통과,2023,1,18760,300,2023-07-02,2023-07-02,2023-06-29
출항,2023,1,11708,200,2023-07-02,2023-07-03,2023-06-30
출항,2023,1,4833,300,2023-07-02,2023-07-02,2023-06-30
출항,2023,1,3887,200,2023-07-02,2023-07-02,2023-06-30
입항,2023,1,28891,250,2023-07-02,2023-07-02,2023-06-30
출항,2023,1,2579,145,2023-07-01,2023-07-01,2023-06-30
출항,2023,1,11749,400,2023-07-01,2023-07-02,2023-06-30
출항,2023,10,2403,30,2023-06-30,2023-06-30,2023-06-29
출항,2023,1,3586,150,2023-06-30,2023-06-30,2023-06-29
입항,2023,1,8263,340,2023-06-29,2023-06-29,2023-06-23
출항,2023,1,4060,120,2023-06-29,2023-06-29,2023-06-28
출항,2023,1,2993,100,2023-06-29,2023-06-29,2023-06-28
입항,2023,1,17208,430,2023-06-29,2023-06-29,2023-06-28
입항,2023,1,3376,100,2023-06-29,2023-07-06,2023-07-06
출항,2023,1,2993,88,2023-06-28,2023-06-28,2023-06-27
입항,2023,10,2695,33,2023-06-28,2023-06-28,2023-06-26
출항,2023,1,8581,50,2023-06-28,2023-06-28,2023-06-27
출항,2023,7,2369,200,2023-06-28,2023-06-28,2023-06-27
입항,2023,1,27505,60,2023-06-28,2023-06-28,2023-06-27
입항,2023,1,2993,100,2023-06-28,2023-06-28,2023-06-28
통과,2023,1,29410,800,2023-06-28,2023-06-29,2023-06-28
출항,2023,11,11919,520,2023-06-28,2023-06-28,2023-06-28
출항,2023,1,2993,88,2023-06-28,2023-06-29,2023-06-28
입항,2023,1,3910,150,2023-06-27,2023-06-27,2023-06-22
입항,2023,10,2695,33,2023-06-27,2023-06-28,2023-06-27
출항,2023,5,2497,100,2023-06-27,2023-06-28,2023-06-27
출항,2023,5,2688,140,2023-06-27,2023-07-04,2023-07-04
출항,2023,1,27505,40,2023-06-26,2023-06-26,2023-06-23
출항,2023,15,2438,50,2023-06-26,2023-06-26,2023-06-23
출항,2023,1,5074,30,2023-06-26,2023-06-26,2023-06-23
입항,2023,1,29465,400,2023-06-26,2023-06-26,2023-06-24
출항,2023,1,23124,150,2023-06-25,2023-06-25,2023-06-23
출항,2023,1,5961,100,2023-06-25,2023-06-25,2023-06-23
출항,2023,1,4828,135,2023-06-25,2023-06-25,2023-06-23
출항,2023,1,29681,460,2023-06-25,2023-06-25,2023-06-23
출항,2023,1,28777,500,2023-06-25,2023-06-26,2023-06-23
출항,2023,1,7064,500,2023-06-24,2023-06-25,2023-06-21
출항,2023,1,5510,400,2023-06-24,2023-06-24,2023-06-22
입항,2023,4,5760,220,2023-06-24,2023-06-24,2023-06-23
통과,2023,1,30259,500,2023-06-24,2023-06-24,2023-06-22
출항,2023,1,46668,500,2023-06-24,2023-06-24,2023-06-23
입항,2023,1,2517,200,2023-06-24,2023-06-24,2023-06-23
출항,2023,1,11615,600,2023-06-23,2023-06-23,2023-06-21
입항,2023,11,5376,300,2023-06-23,2023-06-23,2023-06-21
입항,2023,19,2700,100,2023-06-23,2023-06-23,2023-06-22
출항,2023,1,8060,550,2023-06-23,2023-06-23,2023-06-22
입항,2023,1,2690,0,2023-06-23,2023-06-23,2023-06-23
입항,2023,2,29998,500,2023-06-22,2023-06-22,2023-06-21
입항,2023,5,2028,70,2023-06-22,2023-06-22,2023-06-21
출항,2023,1,8060,550,2023-06-22,2023-06-22,2023-06-21
출항,2023,1,30873,650,2023-06-22,2023-06-23,2023-06-21
출항,2023,1,3678,250,2023-06-22,2023-06-22,2023-06-21
입항,2023,1,28777,500,2023-06-22,2023-06-22,2023-06-21
출항,2023,1,2490,150,2023-06-22,2023-06-22,2023-06-21
출항,2023,1,30873,500,2023-06-22,2023-06-23,2023-06-22
출항,2023,1,114221,2800,2023-06-21,2023-06-21,2023-06-19
입항,2023,1,2110,130,2023-06-21,2023-06-21,2023-06-20
입항,2023,1,5758,180,2023-06-20,2023-06-20,2023-06-16
입항,2023,1,7228,100,2023-06-20,2023-06-20,2023-06-18
출항,2023,1,17208,700,2023-06-20,2023-06-20,2023-06-19
입항,2023,1,16685,480,2023-06-20,2023-06-20,2023-06-19
출항,2023,5,2688,123,2023-06-20,2023-06-20,2023-06-19
출항,2023,1,114221,570,2023-06-20,2023-06-21,2023-06-19
출항,2023,1,30967,490,2023-06-20,2023-06-20,2023-06-19
입항,2023,1,29681,460,2023-06-20,2023-06-20,2023-06-19
출항,2023,1,30945,500,2023-06-19,2023-06-19,2023-06-15
출항,2023,12,2691,30,2023-06-19,2023-06-19,2023-06-16
출항,2023,1,4688,36,2023-06-19,2023-06-19,2023-06-17
출항,2023,1,8278,250,2023-06-19,2023-06-19,2023-06-18
출항,2023,2,23124,350,2023-06-19,2023-06-19,2023-06-18
입항,2023,1,28725,500,2023-06-19,2023-06-20,2023-06-19
입항,2023,1,2579,15,2023-06-19,2023-06-19,2023-06-19
입항,2023,1,3185,200,2023-06-18,2023-06-18,2023-06-16
출항,2023,1,29464,600,2023-06-18,2023-06-19,2023-06-16
출항,2023,1,4048,200,2023-06-18,2023-06-19,2023-06-16
입항,2023,4,4873,150,2023-06-18,2023-06-18,2023-06-18
출항,2023,1,6288,260,2023-06-17,2023-06-17,2023-06-14
출항,2023,1,23676,570,2023-06-17,2023-06-18,2023-06-15
출항,2023,1,4544,185,2023-06-17,2023-06-17,2023-06-16
입항,2023,1,7251,30,2023-06-17,2023-06-17,2023-06-16
출항,2023,1,11662,200,2023-06-17,2023-06-18,2023-06-16
출항,2023,1,4374,100,2023-06-17,2023-06-17,2023-06-16
입항,2023,1,5064,220,2023-06-17,2023-06-17,2023-06-16
통과,2023,1,62477,200,2023-06-16,2023-06-16,2023-06-13
출항,2023,1,15717,370,2023-06-16,2023-06-16,2023-06-13
통과,2023,1,27254,400,2023-06-16,2023-06-17,2023-06-14
입항,2023,1,14927,1000,2023-06-16,2023-06-16,2023-06-15
출항,2023,1,5569,150,2023-06-16,2023-06-16,2023-06-15
출항,2023,1,43188,500,2023-06-16,2023-06-17,2023-06-16
출항,2023,1,43188,100,2023-06-16,2023-06-17,2023-06-16
입항,2023,1,29715,500,2023-06-15,2023-06-15,2023-06-13
통과,2023,1,11627,200,2023-06-15,2023-06-15,2023-06-13
출항,2023,4,2497,85,2023-06-15,2023-06-15,2023-06-14
출항,2023,13,2403,50,2023-06-15,2023-06-15,2023-06-14
입항,2023,1,2193,80,2023-06-15,2023-06-15,2023-06-14
통과,2023,1,7675,100,2023-06-15,2023-06-15,2023-06-14
통과,2023,1,22988,1250,2023-06-14,2023-06-15,2023-06-13
입항,2023,1,47287,1380,2023-06-14,2023-06-14,2023-06-13
입항,2023,1,5273,150,2023-06-14,2023-06-14,2023-06-13
출항,2023,2,2997,192,2023-06-13,2023-06-13,2023-06-12
출항,2023,8,2695,0,2023-06-13,2023-06-13,2023-06-12
입항,2023,1,43188,700,2023-06-13,2023-06-13,2023-06-12
입항,2023,7,11988,400,2023-06-13,2023-06-13,2023-06-12
출항,2023,1,5723,150,2023-06-13,2023-06-13,2023-06-12
출항,2023,1,4224,110,2023-06-13,2023-06-13,2023-06-12
입항,2023,1,2517,120,2023-06-13,2023-06-13,2023-06-12
출항,2023,1,4091,200,2023-06-13,2023-06-14,2023-06-13
출항,2023,1,29575,600,2023-06-13,2023-06-14,2023-06-13
출항,2023,1,43188,600,2023-06-12,2023-06-13,2023-06-12
입항,2023,1,9448,536,2023-06-12,2023-06-13,2023-06-12
출항,2023,1,3478,200,2023-06-11,2023-06-11,2023-06-08
입항,2023,3,35853,600,2023-06-11,2023-06-12,2023-06-09
통과,2023,1,30037,420,2023-06-11,2023-06-11,2023-06-09
출항,2023,1,29395,50,2023-06-11,2023-06-11,2023-06-09
입항,2023,2,29903,300,2023-06-11,2023-06-11,2023-06-09
입항,2023,11,3629,30,2023-06-11,2023-06-11,2023-06-09
출항,2023,11,5598,50,2023-06-11,2023-06-11,2023-06-09
출항,2023,1,7234,200,2023-06-11,2023-06-12,2023-06-10
입항,2023,1,2163,100,2023-06-11,2023-06-11,2023-06-11
입항,2023,1,21326,100,2023-06-10,2023-06-10,2023-06-08
입항,2023,1,29646,735,2023-06-10,2023-06-10,2023-06-09
입항,2023,1,3595,170,2023-06-10,2023-06-11,2023-06-09
출항,2023,1,7072,200,2023-06-10,2023-06-10,2023-06-09
입항,2023,1,29658,700,2023-06-10,2023-06-11,2023-06-09
입항,2023,23,2682,160,2023-06-10,2023-06-11,2023-06-09
입항,2023,1,20151,300,2023-06-10,2023-06-10,2023-06-09
입항,2023,1,62397,1300,2023-06-10,2023-06-10,2023-06-09
출항,2023,1,28529,200,2023-06-09,2023-06-09,2023-06-07
입항,2023,1,62397,1300,2023-06-09,2023-06-10,2023-06-08
출항,2023,1,2579,155,2023-06-09,2023-06-09,2023-06-08
출항,2023,1,2652,60,2023-06-09,2023-06-09,2023-06-09
입항,2023,1,15730,100,2023-06-08,2023-06-08,2023-06-05
출항,2023,1,3376,150,2023-06-08,2023-06-08,2023-06-07
입항,2023,1,2355,150,2023-06-08,2023-06-08,2023-06-07
출항,2023,1,17208,510,2023-06-08,2023-06-08,2023-06-07
출항,2023,2,16222,510,2023-06-07,2023-06-07,2023-05-26
입항,2023,1,17208,510,2023-06-07,2023-06-07,2023-06-05
출항,2023,1,16458,150,2023-06-07,2023-06-07,2023-06-05
출항,2023,3,4500,90,2023-06-07,2023-06-07,2023-06-05
입항,2023,1,30873,200,2023-06-07,2023-06-08,2023-06-06
입항,2023,1,62795,700,2023-06-07,2023-06-07,2023-06-07
입항,2023,1,4247,80,2023-06-07,2023-06-07,2023-06-07
입항,2023,8,2695,140,2023-06-07,2023-06-08,2023-06-07
입항,2023,1,30873,500,2023-06-07,2023-06-08,2023-06-07
출항,2023,1,3038,50,2023-06-06,2023-06-06,2023-06-04
출항,2023,1,2993,100,2023-06-06,2023-06-06,2023-06-05
출항,2023,1,62795,1000,2023-06-06,2023-06-07,2023-06-05
입항,2023,1,8263,350,2023-06-05,2023-06-05,2023-06-02
입항,2023,1,34128,1000,2023-06-05,2023-06-05,2023-06-02
출항,2023,1,5667,300,2023-06-05,2023-06-05,2023-06-02
출항,2023,1,4688,180,2023-06-05,2023-06-05,2023-06-02
입항,2023,1,29544,500,2023-06-05,2023-06-06,2023-06-02
출항,2023,13,3038,50,2023-06-05,2023-06-06,2023-06-05
출항,2023,15,2761,200,2023-06-04,2023-06-04,2023-06-01
출항,2023,4,4301,200,2023-06-04,2023-06-04,2023-06-02
출항,2023,1,7675,200,2023-06-04,2023-06-04,2023-06-02
출항,2023,1,29646,500,2023-06-04,2023-06-04,2023-06-02
출항,2023,1,28877,855,2023-06-04,2023-06-04,2023-06-02
입항,2023,3,162180,100,2023-06-04,2023-06-04,2023-06-02
입항,2023,1,28877,900,2023-06-04,2023-06-04,2023-06-04
입항,2023,1,8295,520,2023-06-03,2023-06-03,2023-05-31
입항,2023,2,5917,500,2023-06-03,2023-06-03,2023-05-31
입항,2023,1,5679,40,2023-06-03,2023-06-03,2023-06-02
입항,2023,2,5917,500,2023-06-03,2023-06-03,2023-06-02
출항,2023,1,2823,150,2023-06-03,2023-06-03,2023-06-02
입항,2023,1,3773,400,2023-06-03,2023-06-10,2023-06-10
출항,2023,1,11573,800,2023-06-02,2023-06-02,2023-05-31
입항,2023,1,2946,37,2023-06-02,2023-06-02,2023-06-01
입항,2023,1,4235,0,2023-06-02,2023-06-02,2023-06-01
출항,2023,1,8294,500,2023-06-01,2023-06-01,2023-05-30
출항,2023,16,4040,200,2023-06-01,2023-06-01,2023-05-30
출항,2023,1,29940,430,2023-06-01,2023-06-02,2023-05-30
출항,2023,1,29940,430,2023-06-01,2023-06-02,2023-05-31
통과,2023,1,43012,500,2023-06-01,2023-06-01,2023-05-31
출항,2023,1,46250,1025,2023-06-01,2023-06-01,2023-05-31
입항,2023,1,8294,150,2023-06-01,2023-06-01,2023-05-31
출항,2023,1,46250,1025,2023-06-01,2023-06-01,2023-05-31
출항,2023,1,46250,1025,2023-06-01,2023-06-01,2023-05-31
출항,2023,1,8539,400,2023-06-01,2023-06-02,2023-06-01
입항,2023,1,8539,200,2023-06-01,2023-06-02,2023-06-01
출항,2023,1,4261,208,2023-05-31,2023-06-01,2023-05-31
출항,2023,1,29708,700,2023-05-30,2023-05-30,2023-05-28
출항,2023,1,2999,220,2023-05-29,2023-05-29,2023-05-26
입항,2023,1,30965,765,2023-05-29,2023-05-29,2023-05-26
출항,2023,1,11561,400,2023-05-29,2023-05-29,2023-05-26
출항,2023,1,2999,160,2023-05-29,2023-05-29,2023-05-26
입항,2023,2,34128,200,2023-05-29,2023-05-29,2023-05-26
출항,2023,1,2700,100,2023-05-29,2023-05-30,2023-05-27
출항,2023,1,23676,600,2023-05-29,2023-05-30,2023-05-28
출항,2023,1,4960,75,2023-05-29,2023-05-29,2023-05-28
출항,2023,1,4387,140,2023-05-28,2023-05-28,2023-05-25
입항,2023,1,4960,200,2023-05-28,2023-05-29,2023-05-26
출항,2023,1,2761,100,2023-05-28,2023-05-28,2023-05-26
입항,2023,1,62795,700,2023-05-28,2023-05-28,2023-05-26
출항,2023,9,2677,30,2023-05-28,2023-05-28,2023-05-26
입항,2023,1,4960,100,2023-05-28,2023-05-28,2023-05-26
입항,2023,1,63704,1500,2023-05-28,2023-05-29,2023-05-27
출항,2023,1,30945,500,2023-05-27,2023-05-27,2023-05-25
출항,2023,10,2999,184,2023-05-27,2023-05-28,2023-05-26
입항,2023,1,29354,600,2023-05-27,2023-05-27,2023-05-26
출항,2023,1,160636,1200,2023-05-27,2023-05-27,2023-05-26
출항,2023,1,5273,200,2023-05-27,2023-05-27,2023-05-26
입항,2023,1,5376,250,2023-05-27,2023-05-27,2023-05-26
입항,2023,1,2677,30,2023-05-27,2023-05-27,2023-05-26
출항,2023,1,5060,200,2023-05-27,2023-05-27,2023-05-26
출항,2023,1,26364,245,2023-05-26,2023-05-26,2023-05-24
출항,2023,5,2498,4,2023-05-26,2023-05-26,2023-05-25
입항,2023,2,16452,1000,2023-05-26,2023-05-26,2023-05-25
출항,2023,1,3038,150,2023-05-26,2023-05-25,2023-05-25
출항,2023,1,5273,100,2023-05-26,2023-05-26,2023-05-25
입항,2023,1,5197,190,2023-05-26,2023-05-26,2023-05-25
출항,2023,1,7294,190,2023-05-26,2023-05-26,2023-05-26
입항,2023,2,29354,500,2023-05-25,2023-05-25,2023-05-17
입항,2023,2,30873,480,2023-05-25,2023-05-25,2023-05-22
입항,2023,1,29354,500,2023-05-25,2023-05-25,2023-05-23
출항,2023,1,30259,400,2023-05-25,2023-05-25,2023-05-23
출항,2023,7,4301,300,2023-05-25,2023-05-26,2023-05-23
입항,2023,5,2498,130,2023-05-25,2023-05-25,2023-05-24
입항,2023,1,30873,500,2023-05-25,2023-05-25,2023-05-24
출항,2023,1,4833,360,2023-05-25,2023-05-25,2023-05-24
출항,2023,1,3575,100,2023-05-25,2023-05-25,2023-05-24
출항,2023,1,4060,120,2023-05-25,2023-05-25,2023-05-25
출항,2023,1,29723,780,2023-05-24,2023-05-24,2023-05-23
출항,2023,1,29283,1180,2023-05-24,2023-05-24,2023-05-23
통과,2023,1,6976,420,2023-05-24,2023-05-24,2023-05-23
입항,2023,1,4833,360,2023-05-24,2023-05-24,2023-05-23
입항,2023,1,5025,1200,2023-05-24,2023-05-24,2023-05-23
입항,2023,1,40953,500,2023-05-24,2023-05-25,2023-05-23
출항,2023,1,6294,200,2023-05-24,2023-05-24,2023-05-23
출항,2023,1,8577,150,2023-05-24,2023-05-24,2023-05-23
출항,2023,1,29266,1000,2023-05-24,2023-05-24,2023-05-23
출항,2023,14,2438,20,2023-05-24,2023-05-25,2023-05-23
출항,2023,1,3887,200,2023-05-24,2023-05-25,2023-05-24
출항,2023,1,29723,780,2023-05-24,2023-05-25,2023-05-24
입항,2023,1,3887,200,2023-05-24,2023-05-25,2023-05-24
출항,2023,1,26364,950,2023-05-23,2023-05-24,2023-05-19
출항,2023,15,2700,100,2023-05-23,2023-05-24,2023-05-22
출항,2023,1,29723,780,2023-05-23,2023-05-23,2023-05-22
출항,2023,1,8018,150,2023-05-23,2023-05-23,2023-05-22
입항,2023,4,5487,80,2023-05-23,2023-05-24,2023-05-23
출항,2023,1,15314,950,2023-05-22,2023-05-22,2023-05-15
입항,2023,1,34128,180,2023-05-22,2023-05-22,2023-05-19
입항,2023,1,4091,100,2023-05-22,2023-05-22,2023-05-19
입항,2023,1,4091,20,2023-05-22,2023-05-22,2023-05-21
출항,2023,1,5723,150,2023-05-22,2023-05-22,2023-05-21
입항,2023,1,29266,600,2023-05-22,2023-05-22,2023-05-21
입항,2023,1,62863,650,2023-05-21,2023-05-21,2023-05-19
출항,2023,1,29168,750,2023-05-21,2023-05-21,2023-05-19
출항,2023,1,3887,250,2023-05-21,2023-05-21,2023-05-19
통과,2023,1,8271,200,2023-05-21,2023-05-21,2023-05-19
출항,2023,1,30081,0,2023-05-21,2023-05-22,2023-05-21
출항,2023,1,30873,700,2023-05-20,2023-05-20,2023-05-18
통과,2023,1,27539,260,2023-05-20,2023-05-20,2023-05-18
입항,2023,8,4387,50,2023-05-20,2023-05-21,2023-05-19
입항,2023,1,2993,80,2023-05-20,2023-05-20,2023-05-19
입항,2023,1,4060,120,2023-05-20,2023-05-20,2023-05-19
출항,2023,1,5422,340,2023-05-20,2023-05-20,2023-05-19
출항,2023,1,8072,50,2023-05-20,2023-05-20,2023-05-19
출항,2023,1,29447,1950,2023-05-20,2023-05-21,2023-05-19
입항,2023,1,6446,10,2023-05-20,2023-05-20,2023-05-19
통과,2023,1,27539,60,2023-05-20,2023-05-20,2023-05-19
출항,2023,1,4543,170,2023-05-20,2023-05-20,2023-05-19
출항,2023,1,7294,150,2023-05-20,2023-05-20,2023-05-19
통과,2023,1,22988,400,2023-05-19,2023-05-19,2023-05-17
입항,2023,1,9265,370,2023-05-19,2023-05-19,2023-05-17
입항,2023,1,29767,730,2023-05-19,2023-05-19,2023-05-18
출항,2023,1,3887,90,2023-05-19,2023-05-19,2023-05-18
출항,2023,1,24212,500,2023-05-19,2023-05-20,2023-05-18
입항,2023,1,29447,1550,2023-05-19,2023-05-19,2023-05-18
입항,2023,1,62863,180,2023-05-19,2023-05-20,2023-05-19
입항,2023,1,21326,200,2023-05-19,2023-05-20,2023-05-19
입항,2023,1,18287,100,2023-05-18,2023-05-19,2023-05-16
출항,2023,1,28725,1054,2023-05-18,2023-05-19,2023-05-16
통과,2023,1,50468,1150,2023-05-18,2023-05-18,2023-05-17
통과,2023,1,17208,875,2023-05-18,2023-05-18,2023-05-17
출항,2023,1,3595,175,2023-05-18,2023-05-18,2023-05-17
출항,2023,1,28747,130,2023-05-18,2023-05-18,2023-05-17
입항,2023,1,29680,500,2023-05-18,2023-05-18,2023-05-17
출항,2023,1,7373,200,2023-05-18,2023-05-18,2023-05-17
출항,2023,1,7373,200,2023-05-18,2023-05-18,2023-05-17
입항,2023,1,5197,100,2023-05-18,2023-05-18,2023-05-18
출항,2023,4,6288,300,2023-05-17,2023-05-17,2023-05-15
입항,2023,1,26967,400,2023-05-17,2023-05-18,2023-05-17
출항,2023,1,29965,500,2023-05-17,2023-05-18,2023-05-17
출항,2023,1,5523,260,2023-05-16,2023-05-16,2023-05-12
통과,2023,1,42048,450,2023-05-16,2023-05-16,2023-05-14
입항,2023,1,29684,550,2023-05-16,2023-05-16,2023-05-15
입항,2023,1,29767,970,2023-05-16,2023-05-16,2023-05-15
출항,2023,4,5510,480,2023-05-16,2023-05-16,2023-05-15
출항,2023,1,34128,900,2023-05-16,2023-05-17,2023-05-15
출항,2023,1,4387,50,2023-05-16,2023-05-16,2023-05-15
입항,2023,1,17019,460,2023-05-16,2023-05-16,2023-05-15
입항,2023,1,3185,50,2023-05-16,2023-05-17,2023-05-15
입항,2023,1,29266,500,2023-05-16,2023-05-17,2023-05-16
입항,2023,1,3079,60,2023-05-15,2023-05-15,2023-05-12
출항,2023,1,33355,500,2023-05-15,2023-05-15,2023-05-12
통과,2023,1,12075,500,2023-05-15,2023-05-15,2023-05-12
출항,2023,1,2059,110,2023-05-15,2023-05-15,2023-05-12
입항,2023,1,29289,1000,2023-05-15,2023-05-15,2023-05-14
입항,2023,1,4544,220,2023-05-15,2023-05-22,2023-05-22
출항,2023,1,2999,0,2023-05-14,2023-05-14,2023-05-11
입항,2023,1,30312,900,2023-05-14,2023-05-14,2023-05-12
출항,2023,1,11752,25,2023-05-14,2023-05-14,2023-05-12
출항,2023,1,47129,1500,2023-05-14,2023-05-14,2023-05-12
출항,2023,1,5203,200,2023-05-14,2023-05-15,2023-05-12
입항,2023,1,21255,30,2023-05-13,2023-05-13,2023-05-11
입항,2023,1,33817,300,2023-05-13,2023-05-13,2023-05-12
입항,2023,1,2579,150,2023-05-13,2023-05-13,2023-05-12
입항,2023,1,11988,500,2023-05-13,2023-05-13,2023-05-12
출항,2023,1,2583,160,2023-05-13,2023-05-13,2023-05-12
통과,2023,1,47964,1560,2023-05-13,2023-05-13,2023-05-12
입항,2023,1,6028,180,2023-05-13,2023-05-13,2023-05-13
입항,2023,1,2497,135,2023-05-12,2023-05-12,2023-05-11
입항,2023,1,33817,500,2023-05-12,2023-05-12,2023-05-11
출항,2023,1,16685,650,2023-05-12,2023-05-13,2023-05-11
출항,2023,2,5546,200,2023-05-12,2023-05-13,2023-05-11
입항,2023,1,29681,500,2023-05-12,2023-05-13,2023-05-12
출항,2023,2,5546,200,2023-05-12,2023-05-13,2023-05-12
입항,2023,1,2517,100,2023-05-12,2023-05-12,2023-05-12
입항,2023,18,3765,170,2023-05-11,2023-05-11,2023-05-10
출항,2023,1,28794,925,2023-05-11,2023-05-11,2023-05-10
출항,2023,1,4040,70,2023-05-11,2023-05-11,2023-05-10
출항,2023,4,43551,650,2023-05-11,2023-05-11,2023-05-10
출항,2023,1,29492,400,2023-05-11,2023-05-11,2023-05-10
입항,2023,1,3887,100,2023-05-11,2023-05-11,2023-05-10
입항,2023,1,4416,150,2023-05-11,2023-05-11,2023-05-10
입항,2023,1,47129,1800,2023-05-11,2023-05-11,2023-05-10
출항,2023,1,8261,200,2023-05-11,2023-05-12,2023-05-11
출항,2023,1,3376,150,2023-05-11,2023-05-12,2023-05-11
출항,2023,1,30873,700,2023-05-10,2023-05-11,2023-05-08
출항,2023,1,29739,350,2023-05-10,2023-05-10,2023-05-08
출항,2023,1,29751,300,2023-05-10,2023-05-10,2023-05-09
출항,2023,1,8263,340,2023-05-10,2023-05-10,2023-05-09
출항,2023,1,3038,50,2023-05-10,2023-05-10,2023-05-09
출항,2023,1,3910,150,2023-05-10,2023-05-10,2023-05-09
출항,2023,1,47384,850,2023-05-09,2023-05-09,2023-05-08
출항,2023,1,3595,50,2023-05-09,2023-05-09,2023-05-08
출항,2023,1,7072,280,2023-05-09,2023-05-09,2023-05-08
출항,2023,1,29751,300,2023-05-09,2023-05-09,2023-05-08
입항,2023,1,29805,450,2023-05-09,2023-05-09,2023-05-09
출항,2023,1,8263,350,2023-05-09,2023-05-10,2023-05-09
입항,2023,1,5422,300,2023-05-07,2023-05-07,2023-05-04
출항,2023,1,29805,500,2023-05-07,2023-05-07,2023-05-04
입항,2023,1,2579,100,2023-05-06,2023-05-06,2023-05-04
출항,2023,1,4241,260,2023-05-05,2023-05-02,2023-05-02
입항,2023,1,4304,204,2023-05-05,2023-05-05,2023-05-02
통과,2023,1,2999,159,2023-05-05,2023-05-05,2023-05-03
출항,2023,1,2696,150,2023-05-05,2023-05-05,2023-05-04
출항,2023,1,5197,190,2023-05-05,2023-05-05,2023-05-11
출항,2023,1,29293,400,2023-05-04,2023-05-04,2023-05-02
입항,2023,1,2695,160,2023-05-04,2023-05-04,2023-05-02
통과,2023,1,25711,1000,2023-05-04,2023-05-04,2023-05-02
입항,2023,1,30565,800,2023-05-04,2023-05-04,2023-05-03
출항,2023,1,48167,1900,2023-05-04,2023-05-04,2023-05-03
입항,2023,1,2696,100,2023-05-04,2023-05-04,2023-05-03
입항,2023,1,7251,520,2023-05-03,2023-05-03,2023-05-02
출항,2023,1,30259,750,2023-05-03,2023-05-03,2023-05-02
출항,2023,1,4060,200,2023-05-03,2023-05-03,2023-05-02
입항,2023,1,11919,540,2023-05-03,2023-05-03,2023-05-02
출항,2023,1,3834,20,2023-05-03,2023-05-03,2023-05-02
출항,2023,1,7561,275,2023-05-03,2023-05-03,2023-05-02
입항,2023,1,30456,700,2023-05-03,2023-05-04,2023-05-03
입항,2023,1,29507,0,2023-05-03,2023-05-04,2023-05-03
출항,2023,1,19910,850,2023-05-02,2023-05-02,2023-04-25
출항,2023,8,2999,0,2023-05-02,2023-05-02,2023-04-28
출항,2023,1,59174,500,2023-05-02,2023-05-03,2023-04-28
입항,2023,1,11729,500,2023-05-02,2023-05-02,2023-05-01
출항,2023,1,7215,150,2023-05-02,2023-05-02,2023-05-01
입항,2023,1,28777,200,2023-05-02,2023-05-03,2023-05-01
출항,2023,1,5376,280,2023-05-02,2023-05-03,2023-05-02
입항,2023,1,3678,200,2023-05-02,2023-05-03,2023-05-02
출항,2023,1,29492,570,2023-05-02,2023-05-03,2023-05-02
입항,2023,1,29707,700,2023-05-02,2023-05-03,2023-05-02
출항,2023,12,4040,150,2023-05-01,2023-05-01,2023-04-25
출항,2023,1,7234,250,2023-05-01,2023-05-01,2023-04-28
출항,2023,1,29305,55,2023-05-01,2023-05-01,2023-04-28
입항,2023,1,30105,700,2023-05-01,2023-05-01,2023-04-28
출항,2023,1,5197,170,2023-05-01,2023-05-01,2023-04-29
출항,2023,1,11788,500,2023-05-01,2023-05-01,2023-04-30
출항,2023,1,7215,150,2023-05-01,2023-05-02,2023-05-01
출항,2023,1,4387,150,2023-04-30,2023-04-30,2023-04-25
입항,2023,1,6194,90,2023-04-30,2023-04-30,2023-04-28
출항,2023,1,26364,300,2023-04-30,2023-04-30,2023-04-28
출항,2023,1,13414,500,2023-04-30,2023-05-01,2023-04-28
입항,2023,1,7215,150,2023-04-30,2023-04-30,2023-04-29
출항,2023,1,32144,530,2023-04-30,2023-04-30,2023-04-29
출항,2023,10,3038,150,2023-04-29,2023-04-29,2023-04-25
출항,2023,10,3038,150,2023-04-29,2023-04-29,2023-04-25
입항,2023,1,29233,500,2023-04-29,2023-04-29,2023-04-28
출항,2023,1,18723,560,2023-04-28,2023-04-28,2023-04-25
입항,2023,1,5367,200,2023-04-28,2023-04-28,2023-04-26
출항,2023,1,18723,300,2023-04-28,2023-04-28,2023-04-27
출항,2023,3,20517,350,2023-04-28,2023-04-28,2023-04-27
출항,2023,1,4067,150,2023-04-28,2023-04-28,2023-04-27
출항,2023,1,2696,100,2023-04-28,2023-04-28,2023-04-27
출항,2023,1,6052,50,2023-04-28,2023-04-28,2023-04-27
입항,2023,1,2163,150,2023-04-28,2023-04-28,2023-04-27
출항,2023,1,4688,165,2023-04-28,2023-04-28,2023-04-27
입항,2023,1,32144,530,2023-04-28,2023-04-29,2023-04-28
출항,2023,1,11866,300,2023-04-27,2023-04-27,2023-04-25
출항,2023,1,7294,200,2023-04-27,2023-04-27,2023-04-26
출항,2023,1,4067,150,2023-04-27,2023-04-27,2023-04-26
출항,2023,1,5376,150,2023-04-27,2023-04-27,2023-04-26
출항,2023,1,47012,1500,2023-04-27,2023-04-27,2023-04-26
출항,2023,1,62370,290,2023-04-27,2023-04-28,2023-04-27
출항,2023,1,2999,150,2023-04-26,2023-04-26,2023-04-20
출항,2023,1,4091,100,2023-04-26,2023-04-26,2023-04-25
통과,2023,1,11643,150,2023-04-26,2023-04-26,2023-04-25
통과,2023,1,11643,150,2023-04-26,2023-04-26,2023-04-25
출항,2023,1,59611,1300,2023-04-26,2023-04-26,2023-04-25
입항,2023,1,29974,700,2023-04-26,2023-04-27,2023-04-25
출항,2023,1,5422,100,2023-04-26,2023-04-27,2023-04-26
입항,2023,1,21316,100,2023-04-25,2023-04-25,2023-04-23
입항,2023,1,63302,500,2023-04-25,2023-04-25,2023-04-24
입항,2023,1,2999,200,2023-04-25,2023-04-25,2023-04-24
입항,2023,1,4060,300,2023-04-25,2023-04-25,2023-04-25
통과,2023,5,2999,159,2023-04-25,2023-05-05,2023-05-02
출항,2023,1,25079,1000,2023-04-24,2023-04-24,2023-04-21
입항,2023,1,12188,10,2023-04-24,2023-04-24,2023-04-23
출항,2023,1,30967,100,2023-04-24,2023-04-24,2023-04-23
입항,2023,1,2999,182,2023-04-23,2023-04-23,2023-04-20
입항,2023,1,43797,500,2023-04-23,2023-04-23,2023-04-21
입항,2023,1,19910,500,2023-04-23,2023-04-23,2023-04-21
입항,2023,1,29578,500,2023-04-23,2023-04-23,2023-04-21
출항,2023,1,65911,1300,2023-04-23,2023-04-23,2023-04-22
출항,2023,1,26967,840,2023-04-23,2023-04-24,2023-04-21
입항,2023,1,7675,150,2023-04-21,2023-04-21,2023-04-20
입항,2023,1,8242,0,2023-04-21,2023-04-21,2023-04-20
입항,2023,1,29707,870,2023-04-20,2023-04-20,2023-04-19
입항,2023,1,29649,550,2023-04-20,2023-04-20,2023-04-19
입항,2023,1,34128,350,2023-04-20,2023-04-20,2023-04-19
입항,2023,1,4060,150,2023-04-20,2023-04-20,2023-04-20
출항,2023,1,43797,700,2023-04-20,2023-04-21,2023-04-20
출항,2023,1,33817,100,2023-04-19,2023-04-19,2023-04-18
입항,2023,1,30561,0,2023-04-19,2023-04-19,2023-04-18
출항,2023,1,8278,100,2023-04-19,2023-04-18,2023-04-18
입항,2023,1,2999,25,2023-04-19,2023-04-20,2023-04-19
출항,2023,1,2579,130,2023-04-19,2023-04-20,2023-04-19
입항,2023,1,2999,25,2023-04-19,2023-04-19,2023-04-19
출항,2023,1,5060,100,2023-04-18,2023-04-18,2023-04-17
출항,2023,1,2823,0,2023-04-18,2023-04-18,2023-04-17
출항,2023,1,2517,220,2023-04-18,2023-04-18,2023-04-17
출항,2023,1,2193,80,2023-04-18,2023-04-18,2023-04-18
입항,2023,1,28465,690,2023-04-17,2023-04-17,2023-04-14
입항,2023,1,160682,150,2023-04-17,2023-04-18,2023-04-14
출항,2023,1,5074,150,2023-04-17,2023-04-17,2023-04-14
출항,2023,1,33355,750,2023-04-17,2023-04-17,2023-04-14
출항,2023,1,59611,500,2023-04-17,2023-04-17,2023-04-14
출항,2023,1,8577,150,2023-04-17,2023-04-17,2023-04-16
입항,2023,1,5723,150,2023-04-17,2023-04-17,2023-04-16
입항,2023,1,8259,140,2023-04-17,2023-04-17,2023-04-16
입항,2023,1,29658,800,2023-04-17,2023-04-18,2023-04-17
입항,2023,1,30237,200,2023-04-16,2023-04-16,2023-04-06
입항,2023,1,28131,220,2023-04-16,2023-04-16,2023-04-14
출항,2023,1,2993,100,2023-04-16,2023-04-16,2023-04-14
출항,2023,1,4544,20,2023-04-16,2023-04-16,2023-04-14
입항,2023,1,2823,100,2023-04-16,2023-04-17,2023-04-16
출항,2023,1,19793,500,2023-04-15,2023-04-15,2023-04-13
출항,2023,1,2579,90,2023-04-15,2023-04-15,2023-04-14
입항,2023,1,5025,1200,2023-04-15,2023-04-15,2023-04-14
출항,2023,1,7488,300,2023-04-15,2023-04-15,2023-04-14
입항,2023,1,29708,900,2023-04-15,2023-04-16,2023-04-15
입항,2023,1,29305,10,2023-04-14,2023-04-14,2023-04-13
출항,2023,1,4387,15,2023-04-14,2023-04-14,2023-04-13
출항,2023,1,28891,855,2023-04-14,2023-04-14,2023-04-13
출항,2023,1,6426,300,2023-04-14,2023-04-14,2023-04-13
입항,2023,1,3185,100,2023-04-14,2023-04-15,2023-04-14
출항,2023,1,28747,700,2023-04-13,2023-04-13,2023-04-12
입항,2023,1,28747,670,2023-04-13,2023-04-13,2023-04-12
입항,2023,1,161319,500,2023-04-13,2023-04-13,2023-04-12
출항,2023,2,2028,77,2023-04-13,2023-04-13,2023-04-12
출항,2023,1,5667,250,2023-04-13,2023-04-13,2023-04-12
출항,2023,1,5940,220,2023-04-13,2023-04-14,2023-04-12
출항,2023,1,4543,30,2023-04-13,2023-04-13,2023-04-12
입항,2023,1,29463,75,2023-04-13,2023-04-13,2023-04-12
입항,2023,1,29305,800,2023-04-13,2023-04-14,2023-04-13
출항,2023,1,4543,30,2023-04-13,2023-04-13,2023-04-13
출항,2023,1,10177,150,2023-04-12,2023-04-12,2023-04-10
출항,2023,4,2028,78,2023-04-12,2023-04-13,2023-04-10
입항,2023,1,29735,700,2023-04-12,2023-04-12,2023-04-11
출항,2023,1,8072,30,2023-04-12,2023-04-12,2023-04-11
입항,2023,1,3595,180,2023-04-12,2023-04-12,2023-04-11
출항,2023,1,7294,130,2023-04-12,2023-04-13,2023-04-12
출항,2023,1,81287,1,2023-04-12,2023-04-13,2023-04-12
출항,2023,1,5667,250,2023-04-11,2023-04-11,2023-04-07
출항,2023,1,4040,100,2023-04-11,2023-04-11,2023-04-07
출항,2023,1,48855,1600,2023-04-11,2023-04-11,2023-04-10
출항,2023,1,8278,250,2023-04-11,2023-04-12,2023-04-11
출항,2023,1,2101,91,2023-04-11,2023-04-11,2023-04-11
출항,2023,3,5665,200,2023-04-10,2023-04-10,2023-04-05
출항,2023,1,12247,270,2023-04-10,2023-04-10,2023-04-07
입항,2023,1,29463,550,2023-04-10,2023-04-10,2023-04-07
출항,2023,1,48855,1600,2023-04-10,2023-04-11,2023-04-07
입항,2023,1,43687,960,2023-04-10,2023-04-10,2023-04-07
입항,2023,1,2696,100,2023-04-10,2023-04-10,2023-04-07
입항,2023,1,43687,800,2023-04-10,2023-04-10,2023-04-08
출항,2023,1,2696,150,2023-04-10,2023-04-10,2023-04-08
입항,2023,1,2696,150,2023-04-10,2023-04-10,2023-04-10
입항,2023,1,3575,30,2023-04-10,2023-04-10,2023-04-10
입항,2023,1,3575,30,2023-04-10,2023-04-10,2023-04-10
입항,2023,3,6288,200,2023-04-09,2023-04-09,2023-04-05
입항,2023,3,5487,210,2023-04-09,2023-04-10,2023-04-07
출항,2023,1,4833,350,2023-04-09,2023-04-09,2023-04-07
출항,2023,1,46746,1130,2023-04-08,2023-04-08,2023-04-05
출항,2023,1,8242,100,2023-04-08,2023-04-08,2023-04-07
통과,2023,1,2696,100,2023-04-08,2023-04-08,2023-04-07
입항,2023,1,2696,100,2023-04-08,2023-04-08,2023-04-07
입항,2023,1,5723,100,2023-04-08,2023-04-08,2023-04-07
출항,2023,1,5273,150,2023-04-08,2023-04-08,2023-04-07
출항,2023,1,29421,200,2023-04-07,2023-04-07,2023-04-05
입항,2023,2,29289,620,2023-04-07,2023-04-07,2023-04-06
출항,2023,1,8581,100,2023-04-07,2023-04-07,2023-04-06
출항,2023,1,4890,150,2023-04-07,2023-04-07,2023-04-06
출항,2023,1,8242,150,2023-04-07,2023-04-07,2023-04-06
입항,2023,2,30873,500,2023-04-07,2023-04-07,2023-04-06
입항,2023,1,29293,735,2023-04-07,2023-04-08,2023-04-07
입항,2023,1,29450,245,2023-04-07,2023-04-08,2023-04-07
출항,2023,1,2210,30,2023-04-07,2023-04-08,2023-04-07
입항,2023,1,29905,200,2023-04-06,2023-04-06,2023-04-06
출항,2023,1,30068,400,2023-04-05,2023-04-05,2023-04-04
출항,2023,2,2249,90,2023-04-05,2023-04-05,2023-04-04
입항,2023,1,3575,100,2023-04-05,2023-04-05,2023-04-04
출항,2023,4,11919,490,2023-04-04,2023-04-04,2023-04-03
입항,2023,1,29707,530,2023-04-04,2023-04-04,2023-04-03
출항,2023,1,29479,700,2023-04-04,2023-04-04,2023-04-03
출항,2023,1,19899,350,2023-04-04,2023-04-05,2023-04-03
출항,2023,1,29735,150,2023-04-03,2023-04-03,2023-03-31
출항,2023,1,4890,150,2023-04-03,2023-04-03,2023-03-31
출항,2023,1,48714,500,2023-04-02,2023-04-02,2023-03-31
입항,2023,1,33355,650,2023-04-02,2023-04-10,2023-04-09
출항,2023,1,29410,835,2023-04-01,2023-04-02,2023-03-30
출항,2023,1,23676,750,2023-04-01,2023-04-01,2023-03-31
출항,2023,1,4091,90,2023-04-01,2023-04-01,2023-03-31
출항,2023,1,2059,80,2023-04-01,2023-04-01,2023-03-31
출항,2023,1,3038,85,2023-03-31,2023-04-01,2023-03-28
출항,2023,4,2028,87,2023-03-31,2023-03-31,2023-03-29
입항,2023,1,29266,825,2023-03-31,2023-04-01,2023-03-31
출항,2023,1,3079,200,2023-03-31,2023-03-31,2023-03-30
출항,2023,1,29211,100,2023-03-31,2023-04-01,2023-03-30
출항,2023,1,28160,880,2023-03-31,2023-03-31,2023-03-31
출항,2023,1,11708,250,2023-03-31,2023-04-01,2023-03-31
출항,2023,1,8995,100,2023-03-31,2023-03-31,2023-03-31
출항,2023,1,8539,100,2023-03-30,2023-03-30,2023-03-29
출항,2023,10,2101,10,2023-03-30,2023-03-30,2023-03-29
입항,2023,12,3765,165,2023-03-30,2023-03-30,2023-03-30
출항,2023,1,2579,180,2023-03-29,2023-03-29,2023-03-23
입항,2023,2,28777,600,2023-03-29,2023-03-29,2023-03-28
통과,2023,1,46851,1180,2023-03-29,2023-03-29,2023-03-28
입항,2023,1,3575,150,2023-03-29,2023-03-29,2023-03-28
출항,2023,1,3185,130,2023-03-29,2023-03-28,2023-03-28
출항,2023,1,3575,100,2023-03-29,2023-03-30,2023-03-29
입항,2023,1,29266,345,2023-03-29,2023-03-29,2023-03-29
출항,2023,1,7057,350,2023-03-29,2023-03-30,2023-03-29
출항,2023,1,6426,300,2023-03-28,2023-03-28,2023-03-27
출항,2023,2,6288,200,2023-03-28,2023-03-28,2023-03-27
출항,2023,1,33355,500,2023-03-28,2023-03-28,2023-03-27
출항,2023,1,29646,600,2023-03-27,2023-03-27,2023-03-24
출항,2023,1,5367,50,2023-03-27,2023-03-27,2023-03-24
출항,2023,1,31150,700,2023-03-27,2023-03-27,2023-03-26
입항,2023,4,2498,45,2023-03-27,2023-03-27,2023-03-27
입항,2023,1,9488,550,2023-03-26,2023-03-26,2023-03-24
출항,2023,1,4040,175,2023-03-26,2023-03-26,2023-03-24
입항,2023,4,2362,150,2023-03-26,2023-03-26,2023-03-24
출항,2023,1,65145,350,2023-03-26,2023-03-26,2023-03-24
출항,2023,1,8504,200,2023-03-26,2023-03-26,2023-03-24
입항,2023,1,62505,0,2023-03-26,2023-03-26,2023-03-24
입항,2023,1,4301,200,2023-03-26,2023-03-26,2023-03-24
입항,2023,3,4374,40,2023-03-26,2023-03-26,2023-03-24
출항,2023,4,4301,200,2023-03-26,2023-03-27,2023-03-25
출항,2023,1,30106,700,2023-03-26,2023-03-26,2023-03-25
출항,2023,1,4060,100,2023-03-26,2023-03-27,2023-03-26
출항,2023,1,25196,500,2023-03-25,2023-03-25,2023-03-22
입항,2023,1,11662,150,2023-03-25,2023-03-25,2023-03-24
입항,2023,1,33355,6000,2023-03-25,2023-03-26,2023-03-24
입항,2023,1,11290,150,2023-03-25,2023-03-25,2023-03-24
출항,2023,1,4060,150,2023-03-24,2023-03-24,2023-03-22
출항,2023,1,6194,300,2023-03-24,2023-03-25,2023-03-23
입항,2023,1,17139,300,2023-03-24,2023-03-24,2023-03-23
출항,2023,8,2101,10,2023-03-23,2023-03-23,2023-03-22
입항,2023,1,7293,375,2023-03-23,2023-03-23,2023-03-22
입항,2023,5,3910,30,2023-03-23,2023-03-23,2023-03-22
입항,2023,1,16685,340,2023-03-23,2023-03-23,2023-03-22
출항,2023,1,1637,110,2023-03-23,2023-03-23,2023-03-22
출항,2023,1,8278,150,2023-03-22,2023-03-22,2023-03-21
입항,2023,1,6398,130,2023-03-22,2023-03-22,2023-03-21
출항,2023,1,48805,1235,2023-03-22,2023-03-22,2023-03-21
출항,2023,2,29965,1200,2023-03-22,2023-03-22,2023-03-21
출항,2023,1,8072,150,2023-03-22,2023-03-22,2023-03-21
출항,2023,1,2210,150,2023-03-22,2023-03-22,2023-03-21
입항,2023,1,7294,200,2023-03-22,2023-03-22,2023-03-21
입항,2023,4,3430,300,2023-03-21,2023-03-21,2023-03-16
출항,2023,1,5667,270,2023-03-21,2023-03-21,2023-03-20
출항,2023,7,5060,200,2023-03-21,2023-03-21,2023-03-20
입항,2023,1,46781,1030,2023-03-21,2023-03-22,2023-03-20
출항,2023,1,7333,150,2023-03-21,2023-03-21,2023-03-20
입항,2023,1,3419,70,2023-03-21,2023-03-22,2023-03-20
출항,2023,1,63416,300,2023-03-20,2023-03-20,2023-03-17
입항,2023,1,4765,240,2023-03-20,2023-03-20,2023-03-17
출항,2023,1,5758,180,2023-03-20,2023-03-20,2023-03-19
출항,2023,1,3376,0,2023-03-20,2023-03-20,2023-03-19
입항,2023,4,8278,290,2023-03-20,2023-03-20,2023-03-19
출항,2023,2,23676,600,2023-03-19,2023-03-19,2023-03-16
입항,2023,9,3834,55,2023-03-19,2023-03-19,2023-03-17
출항,2023,1,15818,500,2023-03-19,2023-03-19,2023-03-17
입항,2023,1,31510,730,2023-03-19,2023-03-19,2023-03-17
출항,2023,1,3038,50,2023-03-19,2023-03-19,2023-03-17
출항,2023,1,6998,185,2023-03-19,2023-03-19,2023-03-17
출항,2023,1,33355,1200,2023-03-19,2023-03-19,2023-03-17
입항,2023,3,3377,30,2023-03-19,2023-03-19,2023-03-17
입항,2023,1,31510,730,2023-03-19,2023-03-20,2023-03-17
출항,2023,1,2993,75,2023-03-19,2023-03-19,2023-03-17
출항,2023,1,29289,370,2023-03-19,2023-03-20,2023-03-17
출항,2023,1,3834,55,2023-03-19,2023-03-19,2023-03-17
입항,2023,3,2369,130,2023-03-19,2023-03-19,2023-03-17
출항,2023,8,2691,1,2023-03-18,2023-03-18,2023-03-15
출항,2023,3,9289,300,2023-03-18,2023-03-18,2023-03-16
출항,2023,1,3910,150,2023-03-18,2023-03-18,2023-03-16
입항,2023,2,30241,750,2023-03-18,2023-03-19,2023-03-17
출항,2023,1,3773,200,2023-03-18,2023-03-18,2023-03-17
출항,2023,1,2993,137,2023-03-18,2023-03-18,2023-03-17
입항,2023,1,4091,200,2023-03-18,2023-03-18,2023-03-17
출항,2023,1,3910,145,2023-03-18,2023-03-18,2023-03-17
입항,2023,1,23676,700,2023-03-17,2023-03-17,2023-03-13
출항,2023,1,5459,200,2023-03-17,2023-03-17,2023-03-15
출항,2023,1,59611,1250,2023-03-17,2023-03-18,2023-03-15
입항,2023,1,8545,200,2023-03-17,2023-03-17,2023-03-16
입항,2023,1,12101,330,2023-03-17,2023-03-18,2023-03-16
출항,2023,1,57702,300,2023-03-17,2023-03-17,2023-03-16
출항,2023,1,30523,1300,2023-03-17,2023-03-18,2023-03-17
출항,2023,1,57702,100,2023-03-17,2023-03-18,2023-03-17
출항,2023,1,7675,150,2023-03-17,2023-03-17,2023-03-17
출항,2023,8,2403,1,2023-03-16,2023-03-16,2023-03-15
통과,2023,1,29455,1000,2023-03-16,2023-03-17,2023-03-15
출항,2023,1,23676,800,2023-03-16,2023-03-16,2023-03-15
출항,2023,1,4500,55,2023-03-16,2023-03-16,2023-03-15
출항,2023,1,58374,500,2023-03-16,2023-03-17,2023-03-15
출항,2023,1,58374,400,2023-03-16,2023-03-16,2023-03-15
출항,2023,3,5488,160,2023-03-15,2023-03-15,2023-03-09
입항,2023,1,28426,800,2023-03-15,2023-03-15,2023-03-14
입항,2023,1,28426,300,2023-03-15,2023-03-15,2023-03-14
출항,2023,1,30037,940,2023-03-15,2023-03-16,2023-03-14
입항,2023,1,4258,320,2023-03-15,2023-03-15,2023-03-14
입항,2023,1,52868,4.5,2023-03-15,2023-03-16,2023-03-14
출항,2023,2,5488,115,2023-03-15,2023-03-15,2023-03-14
출항,2023,1,29534,780,2023-03-15,2023-03-16,2023-03-15
입항,2023,1,5997,335,2023-03-14,2023-03-14,2023-03-07
출항,2023,5,3629,1,2023-03-14,2023-03-14,2023-03-13
출항,2023,1,8254,360,2023-03-14,2023-03-14,2023-03-13
입항,2023,1,29649,600,2023-03-14,2023-03-14,2023-03-13
입항,2023,1,4500,145,2023-03-14,2023-03-14,2023-03-13
출항,2023,1,3910,150,2023-03-14,2023-03-15,2023-03-14
출항,2023,10,2438,1,2023-03-13,2023-03-13,2023-03-10
입항,2023,1,2690,0,2023-03-12,2023-03-12,2023-03-10
출항,2023,1,3595,180,2023-03-12,2023-03-12,2023-03-10
출항,2023,1,5376,340,2023-03-12,2023-03-13,2023-03-10
입항,2023,1,4484,200,2023-03-12,2023-03-12,2023-03-10
출항,2023,3,2688,140,2023-03-12,2023-03-12,2023-03-10
출항,2023,1,40976,100,2023-03-12,2023-03-12,2023-03-10
출항,2023,1,4067,150,2023-03-12,2023-03-12,2023-03-11
출항,2023,1,47379,1050,2023-03-11,2023-03-11,2023-03-08
입항,2023,1,4241,215,2023-03-11,2023-03-11,2023-03-10
출항,2023,1,3595,30,2023-03-11,2023-03-11,2023-03-10
출항,2023,1,84844,60,2023-03-11,2023-03-11,2023-03-10
입항,2023,1,2690,1,2023-03-11,2023-03-12,2023-03-10
출항,2023,1,29507,500,2023-03-11,2023-03-12,2023-03-10
입항,2023,1,58374,400,2023-03-11,2023-03-11,2023-03-10
출항,2023,1,4484,202,2023-03-11,2023-03-12,2023-03-11
입항,2023,1,29974,600,2023-03-10,2023-03-10,2023-03-07
출항,2023,1,5667,200,2023-03-10,2023-03-10,2023-03-09
입항,2023,1,29578,700,2023-03-10,2023-03-10,2023-03-09
출항,2023,1,48855,1680,2023-03-10,2023-03-10,2023-03-09
입항,2023,10,2682,85,2023-03-10,2023-03-10,2023-03-09
출항,2023,1,4304,100,2023-03-10,2023-03-10,2023-03-09
입항,2023,1,4060,20,2023-03-09,2023-03-10,2023-03-08
출항,2023,1,5392,200,2023-03-09,2023-03-09,2023-03-08
입항,2023,2,4304,22,2023-03-09,2023-03-09,2023-03-08
출항,2023,1,11919,430,2023-03-09,2023-03-09,2023-03-08
출항,2023,1,5961,330,2023-03-09,2023-03-09,2023-03-08
출항,2023,1,47287,150,2023-03-09,2023-03-09,2023-03-08
출항,2023,1,30110,150,2023-03-09,2023-03-09,2023-03-08
출항,2023,1,8535,300,2023-03-08,2023-03-08,2023-03-07
출항,2023,1,7488,300,2023-03-08,2023-03-08,2023-03-07
입항,2023,9,2106,0,2023-03-08,2023-03-08,2023-03-07
출항,2023,1,5273,150,2023-03-08,2023-03-08,2023-03-08
통과,2023,1,25189,400,2023-03-07,2023-03-08,2023-02-28
통과,2023,1,46250,1150,2023-03-07,2023-03-08,2023-03-06
출항,2023,1,30945,300,2023-03-07,2023-03-07,2023-03-06
출항,2023,1,7488,300,2023-03-07,2023-03-07,2023-03-06
출항,2023,1,5273,100,2023-03-07,2023-03-08,2023-03-07
통과,2023,1,17915,370,2023-03-06,2023-03-06,2023-02-23
출항,2023,1,29063,500,2023-03-06,2023-03-06,2023-03-03
입항,2023,1,7675,250,2023-03-06,2023-03-06,2023-03-03
출항,2023,1,4543,30,2023-03-06,2023-03-06,2023-03-03
통과,2023,1,30000,430,2023-03-06,2023-03-06,2023-03-03
입항,2023,1,30560,800,2023-03-06,2023-03-07,2023-03-06
입항,2023,1,47287,500,2023-03-06,2023-03-07,2023-03-06
출항,2023,1,2946,105,2023-03-06,2023-03-07,2023-03-06
입항,2023,1,8072,180,2023-03-05,2023-03-05,2023-03-03
입항,2023,1,30109,635,2023-03-05,2023-03-06,2023-03-03
입항,2023,1,3910,100,2023-03-05,2023-03-05,2023-03-03
입항,2023,1,1637,50,2023-03-05,2023-03-05,2023-03-03
입항,2023,1,7234,295,2023-03-05,2023-03-05,2023-03-03
출항,2023,1,7912,170,2023-03-05,2023-03-05,2023-03-04
출항,2023,1,8294,150,2023-03-05,2023-03-06,2023-03-04
입항,2023,1,3910,100,2023-03-05,2023-04-05,2023-04-04
출항,2022,1,2163,10,2023-03-05,2023-03-05,2023-03-05
출항,2023,1,46885,1200,2023-03-04,2023-03-04,2023-03-02
통과,2023,1,29994,715,2023-03-04,2023-03-04,2023-03-03
출항,2023,1,7301,270,2023-03-04,2023-03-04,2023-03-03
출항,2023,1,7215,250,2023-03-04,2023-03-04,2023-03-03
출항,2023,1,3887,150,2023-03-04,2023-03-04,2023-03-03
출항,2023,1,5197,150,2023-03-04,2023-03-05,2023-03-03
출항,2023,1,29266,100,2023-03-04,2023-03-05,2023-03-04
통과,2023,1,9670,410,2023-03-03,2023-03-03,2023-03-02
출항,2023,1,29965,500,2023-03-03,2023-03-03,2023-03-02
출항,2023,1,48008,1100,2023-03-03,2023-03-03,2023-03-02
출항,2023,1,2579,120,2023-03-03,2023-03-03,2023-03-02
출항,2023,1,2028,57,2023-03-03,2023-03-04,2023-03-02
출항,2023,2,8260,150,2023-03-03,2023-03-03,2023-03-02
출항,2023,1,4417,120,2023-03-03,2023-03-03,2023-03-02
입항,2023,1,4956,150,2023-03-03,2023-03-03,2023-03-02
출항,2023,1,2517,150,2023-03-03,2023-03-03,2023-03-02
출항,2023,1,6301,200,2023-03-03,2023-03-03,2023-03-02
입항,2023,1,31150,720,2023-03-03,2023-03-03,2023-03-02
입항,2023,1,28813,870,2023-03-03,2023-03-04,2023-03-03
출항,2023,1,48060,1010,2023-03-02,2023-03-02,2023-02-27
입항,2023,1,8504,50,2023-03-02,2023-03-02,2023-02-28
출항,2023,1,2210,150,2023-03-02,2023-03-02,2023-02-28
출항,2023,1,5723,200,2023-03-02,2023-03-02,2023-02-28
출항,2023,1,4833,270,2023-03-02,2023-03-02,2023-02-28
입항,2023,1,8625,100,2023-03-02,2023-03-02,2023-03-02
입항,2023,1,24409,230,2023-03-02,2023-03-03,2023-03-02
출항,2023,1,2210,100,2023-03-02,2023-03-03,2023-03-02
출항,2023,1,20117,775,2023-03-01,2023-03-01,2023-02-26
입항,2023,1,3038,50,2023-03-01,2023-03-01,2023-02-27
출항,2023,1,3038,100,2023-03-01,2023-03-01,2023-02-27
출항,2023,1,29305,200,2023-03-01,2023-03-01,2023-02-27
입항,2023,1,5273,200,2023-03-01,2023-03-01,2023-02-28
입항,2023,1,2823,150,2023-03-01,2023-03-01,2023-02-28
출항,2023,1,3595,100,2023-03-01,2023-03-01,2023-02-28
출항,2023,6,4164,140,2023-03-01,2023-03-02,2023-02-28
출항,2023,1,5667,300,2023-02-28,2023-02-28,2023-02-27
입항,2023,3,3595,100,2023-02-28,2023-02-28,2023-02-27
출항,2023,1,29940,770,2023-02-28,2023-02-28,2023-02-27
출항,2023,1,2059,50,2023-02-28,2023-02-28,2023-02-27
출항,2023,1,3910,50,2023-02-28,2023-02-28,2023-02-27
출항,2023,1,29513,1160,2023-02-28,2023-03-01,2023-02-27
통과,2023,1,6976,250,2023-02-28,2023-02-28,2023-02-27
출항,2023,1,30945,400,2023-02-28,2023-02-28,2023-02-27
입항,2023,1,24112,300,2023-02-28,2023-02-28,2023-02-28
입항,2022,1,8625,40,2023-02-28,2023-03-01,2023-02-28
출항,2023,1,3376,250,2023-02-27,2023-02-27,2023-02-24
출항,2023,1,29130,300,2023-02-27,2023-02-28,2023-02-24
출항,2023,1,27976,970,2023-02-27,2023-02-28,2023-02-24
출항,2023,1,28465,500,2023-02-27,2023-02-27,2023-02-25
입항,2023,1,18287,180,2023-02-27,2023-02-27,2023-02-27
출항,2023,1,29130,280,2023-02-27,2023-02-28,2023-02-27
입항,2023,1,6976,250,2023-02-27,2023-02-27,2023-02-27
출항,2023,1,5060,100,2023-02-27,2023-02-27,2023-02-27
출항,2023,1,28465,500,2023-02-27,2023-02-27,2023-02-27
입항,2023,6,2403,1,2023-02-26,2023-02-26,2023-02-24
입항,2023,1,29940,800,2023-02-26,2023-02-27,2023-02-24
출항,2023,1,2993,20,2023-02-26,2023-02-26,2023-02-24
입항,2023,1,30945,700,2023-02-26,2023-02-26,2023-02-24
입항,2023,1,8018,150,2023-02-26,2023-02-26,2023-02-24
입항,2023,1,23702,550,2023-02-26,2023-02-27,2023-02-24
입항,2023,1,29395,1400,2023-02-26,2023-02-26,2023-02-25
입항,2023,4,2517,90,2023-02-25,2023-02-25,2023-02-24
출항,2023,1,13526,450,2023-02-25,2023-02-25,2023-02-24
입항,2023,1,4247,100,2023-02-25,2023-02-25,2023-02-24
출항,2023,1,4247,100,2023-02-25,2023-02-25,2023-02-24
입항,2023,1,7675,200,2023-02-25,2023-02-25,2023-02-24
입항,2023,1,27976,0,2023-02-25,2023-02-26,2023-02-24
입항,2023,6,5598,120,2023-02-24,2023-02-24,2023-02-21
출항,2023,1,2579,150,2023-02-24,2023-02-24,2023-02-22
출항,2023,1,33355,1200,2023-02-24,2023-02-24,2023-02-22
출항,2023,1,2696,200,2023-02-24,2023-02-24,2023-02-23
출항,2023,1,29653,500,2023-02-24,2023-02-24,2023-02-23
입항,2023,1,27916,470,2023-02-24,2023-02-25,2023-02-23
출항,2023,8,2438,1,2023-02-24,2023-02-24,2023-02-23
입항,2023,1,3376,190,2023-02-23,2023-02-23,2023-02-20
출항,2023,1,1637,100,2023-02-23,2023-02-23,2023-02-22
입항,2023,1,15818,220,2023-02-23,2023-02-24,2023-02-22
출항,2023,8,4862,148,2023-02-23,2023-02-23,2023-02-22
출항,2023,1,8072,0,2023-02-23,2023-02-23,2023-02-22
입항,2023,1,29293,420,2023-02-23,2023-02-23,2023-02-22
출항,2023,1,29211,0,2023-02-23,2023-02-23,2023-02-22
입항,2023,1,29653,500,2023-02-23,2023-02-23,2023-02-22
출항,2023,1,11626,250,2023-02-23,2023-02-23,2023-02-22
입항,2023,1,9611,415,2023-02-23,2023-02-24,2023-02-22
출항,2023,1,4758,300,2023-02-23,2023-02-24,2023-02-23
통과,2023,1,4060,140,2023-02-22,2023-02-22,2023-02-21
통과,2023,1,6398,200,2023-02-22,2023-02-22,2023-02-21
출항,2023,1,3910,100,2023-02-22,2023-02-22,2023-02-21
입항,2023,1,8814,200,2023-02-22,2023-02-22,2023-02-21
출항,2023,5,2403,1,2023-02-21,2023-02-21,2023-02-20
입항,2023,1,3910,180,2023-02-21,2023-02-21,2023-02-20
출항,2023,1,33355,500,2023-02-21,2023-02-21,2023-02-20
출항,2023,1,5988,50,2023-02-21,2023-02-21,2023-02-20
입항,2023,1,6052,175,2023-02-21,2023-02-21,2023-02-20
출항,2023,1,28131,500,2023-02-21,2023-02-21,2023-02-20
입항,2023,1,7687,150,2023-02-21,2023-02-22,2023-02-21
출항,2023,1,6052,200,2023-02-21,2023-02-22,2023-02-21
출항,2023,1,25400,500,2023-02-20,2023-02-20,2023-02-17
입항,2023,2,5487,210,2023-02-20,2023-02-20,2023-02-19
출항,2023,1,7411,100,2023-02-20,2023-02-20,2023-02-20
입항,2023,1,29211,100,2023-02-20,2023-02-21,2023-02-20
출항,2023,1,2993,80,2023-02-19,2023-02-19,2023-02-17
입항,2023,1,3834,100,2023-02-19,2023-02-19,2023-02-17
출항,2023,1,46999,1200,2023-02-19,2023-02-19,2023-02-17
출항,2023,1,29593,770,2023-02-19,2023-02-20,2023-02-17
출항,2023,1,3038,50,2023-02-19,2023-02-20,2023-02-17
입항,2023,1,29593,500,2023-02-19,2023-02-19,2023-02-17
출항,2023,1,7411,460,2023-02-18,2023-02-18,2023-02-13
출항,2023,1,4067,100,2023-02-18,2023-02-18,2023-02-16
출항,2023,1,29658,0,2023-02-18,2023-02-18,2023-02-17
입항,2023,1,29289,600,2023-02-18,2023-02-18,2023-02-17
출항,2023,1,30259,750,2023-02-18,2023-02-18,2023-02-17
입항,2023,3,4387,50,2023-02-18,2023-02-18,2023-02-17
출항,2023,1,7675,150,2023-02-18,2023-02-18,2023-02-17
출항,2023,1,8018,150,2023-02-18,2023-02-18,2023-02-17
출항,2023,1,30259,750,2023-02-18,2023-02-18,2023-02-17
출항,2023,3,2028,62,2023-02-17,2023-02-17,2023-02-15
입항,2023,1,3535,60,2023-02-17,2023-02-17,2023-02-16
입항,2023,1,2355,100,2023-02-17,2023-02-17,2023-02-16
출항,2023,1,2946,50,2023-02-17,2023-02-17,2023-02-17
출항,2023,5,2999,195,2023-02-16,2023-02-16,2023-02-13
출항,2023,1,5060,150,2023-02-16,2023-02-16,2023-02-14
출항,2023,1,5917,390,2023-02-16,2023-02-17,2023-02-15
출항,2023,1,35853,700,2023-02-15,2023-02-15,2023-02-13
출항,2023,1,2249,190,2023-02-15,2023-02-15,2023-02-14
출항,2023,1,4543,135,2023-02-15,2023-02-15,2023-02-14
출항,2023,1,5273,150,2023-02-15,2023-02-15,2023-02-14
출항,2023,1,5273,150,2023-02-15,2023-02-15,2023-02-14
출항,2023,5,5376,200,2023-02-14,2023-02-14,2023-02-13
출항,2023,1,47995,1555,2023-02-14,2023-02-14,2023-02-13
통과,2023,1,25711,700,2023-02-13,2023-02-13,2023-02-09
출항,2023,2,11988,400,2023-02-13,2023-02-13,2023-02-09
출항,2023,1,4261,200,2023-02-13,2023-02-13,2023-02-10
출항,2023,1,4060,150,2023-02-13,2023-02-13,2023-02-12
출항,2023,2,2498,120,2023-02-12,2023-02-12,2023-02-10
출항,2023,2,5945,230,2023-02-12,2023-02-12,2023-02-10
입항,2023,1,30560,100,2023-02-12,2023-02-12,2023-02-10
출항,2023,1,2497,130,2023-02-12,2023-02-12,2023-02-10
입항,2023,2,11919,500,2023-02-12,2023-02-12,2023-02-10
입항,2023,1,29508,670,2023-02-12,2023-02-12,2023-02-10
출항,2023,1,4543,135,2023-02-12,2023-02-12,2023-02-10
출항,2023,1,5945,300,2023-02-12,2023-02-12,2023-02-10
출항,2023,1,3122,250,2023-02-12,2023-02-12,2023-02-10
출항,2023,1,7294,180,2023-02-12,2023-02-12,2023-02-10
입항,2023,1,7424,300,2023-02-12,2023-02-12,2023-02-10
입항,2023,1,61272,1600,2023-02-12,2023-02-12,2023-02-10
출항,2023,1,4416,200,2023-02-12,2023-02-12,2023-02-11
입항,2023,2,2692,150,2023-02-12,2023-02-12,2023-02-12
입항,2023,1,7064,150,2023-02-11,2023-02-11,2023-02-08
입항,2023,1,28877,400,2023-02-11,2023-02-12,2023-02-09
출항,2023,1,16484,150,2023-02-11,2023-02-11,2023-02-09
출항,2023,2,1956,28,2023-02-10,2023-02-10,2023-02-09
출항,2023,1,3595,170,2023-02-10,2023-02-11,2023-02-09
통과,2023,1,29557,960,2023-02-10,2023-02-10,2023-02-09
입항,2023,1,3533,185,2023-02-10,2023-02-10,2023-02-09
입항,2023,1,2999,230,2023-02-10,2023-02-10,2023-02-09
입항,2023,1,7675,150,2023-02-10,2023-02-10,2023-02-09
입항,2023,2,22988,150,2023-02-10,2023-02-11,2023-02-10
입항,2023,1,6294,150,2023-02-10,2023-02-11,2023-02-10
출항,2023,1,7387,290,2023-02-09,2023-02-09,2023-02-03
입항,2023,1,6522,350,2023-02-09,2023-02-09,2023-02-08
출항,2023,1,11645,400,2023-02-09,2023-02-09,2023-02-07
입항,2023,1,3910,150,2023-02-09,2023-02-09,2023-02-08
입항,2023,6,2682,100,2023-02-09,2023-02-09,2023-02-08
출항,2023,6,2682,100,2023-02-09,2023-02-09,2023-02-08
출항,2023,1,5074,70,2023-02-09,2023-02-09,2023-02-08
입항,2023,5,2438,1,2023-02-09,2023-02-09,2023-02-09
출항,2023,2,2997,150,2023-02-09,2023-02-17,2023-02-16
출항,2023,3,3887,100,2023-02-08,2023-02-08,2023-02-07
출항,2023,1,4387,210,2023-02-08,2023-02-08,2023-02-07
입항,2023,1,6446,355,2023-02-08,2023-02-08,2023-02-07
출항,2023,1,42869,300,2023-02-08,2023-02-08,2023-02-07
출항,2023,1,2696,160,2023-02-08,2023-02-08,2023-02-07
출항,2023,1,8504,180,2023-02-08,2023-02-08,2023-02-07
출항,2023,1,4544,300,2023-02-08,2023-02-08,2023-02-08
출항,2023,1,5988,500,2023-02-08,2023-02-09,2023-02-08
입항,2023,1,4239,210,2023-02-07,2023-02-07,2023-02-03
출항,2023,1,11634,100,2023-02-07,2023-02-07,2023-02-03
출항,2023,1,11918,100,2023-02-07,2023-02-08,2023-02-06
통과,2023,1,17208,1130,2023-02-07,2023-02-07,2023-02-06
출항,2023,1,6270,100,2023-02-07,2023-02-07,2023-02-06
입항,2023,1,7675,200,2023-02-07,2023-02-07,2023-02-06
입항,2023,1,4544,200,2023-02-07,2023-02-07,2023-02-06
입항,2023,4,3887,153,2023-02-07,2023-02-07,2023-02-07
출항,2023,1,2761,200,2023-02-07,2023-02-08,2023-02-07
출항,2023,2,4301,200,2023-02-06,2023-02-06,2023-02-02
출항,2023,1,2999,25,2023-02-06,2023-02-06,2023-02-03
입항,2023,1,5758,190,2023-02-06,2023-02-06,2023-02-03
출항,2023,1,5667,270,2023-02-06,2023-02-06,2023-02-03
입항,2023,1,4688,100,2023-02-06,2023-02-06,2023-02-03
출항,2023,1,5422,150,2023-02-06,2023-02-06,2023-02-03
출항,2023,1,46668,1150,2023-02-06,2023-02-06,2023-02-04
입항,2023,1,6398,240,2023-02-06,2023-02-05,2023-02-05
출항,2023,1,29289,500,2023-02-05,2023-02-05,2023-02-03
출항,2023,2,2028,40,2023-02-05,2023-02-06,2023-02-03
입항,2023,1,8263,340,2023-02-05,2023-02-05,2023-02-03
출항,2023,1,29289,550,2023-02-05,2023-02-05,2023-02-03
입항,2023,1,30237,850,2023-02-05,2023-02-06,2023-02-03
출항,2023,1,13015,300,2023-02-05,2023-02-05,2023-02-03
출항,2023,1,4693,300,2023-02-05,2023-02-06,2023-02-03
입항,2023,1,3575,150,2023-02-05,2023-02-05,2023-02-03
입항,2023,2,2369,150,2023-02-05,2023-02-05,2023-02-03
입항,2023,1,28891,650,2023-02-04,2023-02-04,2023-02-01
출항,2023,1,5760,230,2023-02-04,2023-02-04,2023-02-02
통과,2023,1,48714,860,2023-02-04,2023-02-04,2023-02-03
출항,2023,1,3586,100,2023-02-04,2023-02-04,2023-02-03
입항,2023,1,33355,0,2023-02-04,2023-02-04,2023-02-03
입항,2023,1,7783,200,2023-02-03,2023-02-03,2023-02-02
입항,2023,1,29785,500,2023-02-03,2023-02-03,2023-02-02
출항,2023,1,3378,100,2023-02-03,2023-02-03,2023-02-02
입항,2023,1,29649,500,2023-02-03,2023-02-03,2023-02-02
입항,2023,1,29785,300,2023-02-03,2023-02-03,2023-02-02
입항,2023,1,7783,250,2023-02-03,2023-02-03,2023-02-02
출항,2023,1,27955,100,2023-02-02,2023-02-02,2023-02-01
입항,2023,3,2517,80,2023-02-02,2023-02-02,2023-02-01
입항,2023,1,3834,200,2023-02-02,2023-02-02,2023-02-01
출항,2023,1,5025,0,2023-02-02,2023-02-02,2023-02-01
출항,2023,3,2517,70,2023-02-02,2023-02-03,2023-02-01
입항,2023,3,3765,170,2023-02-02,2023-02-02,2023-02-02
입항,2023,1,6823,200,2023-02-02,2023-02-03,2023-02-02
출항,2023,1,5060,100,2023-02-01,2023-02-01,2023-01-31
출항,2023,1,4159,170,2023-02-01,2023-02-01,2023-01-31
출항,2023,1,2696,150,2023-02-01,2023-02-01,2023-01-31
출항,2023,1,30068,250,2023-02-01,2023-02-02,2023-02-01
출항,2023,1,4091,100,2023-02-01,2023-02-02,2023-02-01
입항,2023,1,2993,100,2023-02-01,2023-02-02,2023-02-01
출항,2023,1,4040,200,2023-02-01,2023-02-01,2023-02-01
출항,2023,1,29829,350,2023-01-31,2023-02-01,2023-01-29
출항,2023,1,4247,200,2023-01-31,2023-01-31,2023-01-29
출항,2023,1,29968,500,2023-01-31,2023-01-31,2023-01-30
출항,2023,1,57144,500,2023-01-31,2023-01-31,2023-01-30
출항,2023,3,5376,225,2023-01-31,2023-01-31,2023-01-30
출항,2023,1,3038,50,2023-01-31,2023-01-31,2023-01-30
입항,2023,1,7002,150,2023-01-31,2023-01-31,2023-01-31
출항,2023,1,7687,150,2023-01-30,2023-01-30,2023-01-27
출항,2023,1,4890,155,2023-01-30,2023-01-30,2023-01-29
입항,2023,1,8539,100,2023-01-30,2023-01-31,2023-01-30
입항,2023,1,7857,290,2023-01-30,2023-01-30,2023-01-30
출항,2023,1,2946,37,2023-01-29,2023-01-29,2023-01-27
출항,2023,2,4890,150,2023-01-29,2023-01-29,2023-01-27
출항,2023,1,28891,960,2023-01-29,2023-01-29,2023-01-27
입항,2023,2,5720,370,2023-01-29,2023-01-29,2023-01-27
출항,2023,1,46789,1600,2023-01-29,2023-01-29,2023-01-27
입항,2023,1,46789,1200,2023-01-29,2023-01-29,2023-01-27
입항,2023,1,4688,130,2023-01-29,2023-01-29,2023-01-29
입항,2023,1,5723,170,2023-01-29,2023-01-30,2023-01-29
입항,2023,1,8050,300,2023-01-28,2023-01-28,2023-01-26
출항,2023,1,29712,1000,2023-01-28,2023-01-29,2023-01-26
입항,2023,1,4235,0,2023-01-28,2023-01-28,2023-01-27
출항,2023,3,4048,100,2023-01-27,2023-01-27,2023-01-25
입항,2023,1,42893,1000,2023-01-27,2023-01-28,2023-01-26
출항,2023,1,29507,900,2023-01-27,2023-01-27,2023-01-26
출항,2023,1,4862,100,2023-01-27,2023-01-27,2023-01-26
출항,2023,1,159813,300,2023-01-27,2023-01-28,2023-01-26
입항,2023,1,29578,580,2023-01-27,2023-01-28,2023-01-26
출항,2023,2,4387,100,2023-01-26,2023-01-26,2023-01-25
출항,2023,1,66982,600,2023-01-26,2023-01-26,2023-01-25
출항,2023,1,29965,420,2023-01-26,2023-01-27,2023-01-25
입항,2023,1,2304,100,2023-01-26,2023-01-26,2023-01-25
입항,2023,1,3910,120,2023-01-26,2023-01-27,2023-01-26
입항,2023,1,7251,200,2023-01-25,2023-02-25,2023-02-02
입항,2023,1,7675,200,2023-01-24,2023-01-24,2023-01-20
출항,2023,1,4301,200,2023-01-23,2023-01-23,2023-01-19
출항,2023,2,2028,63,2023-01-23,2023-01-23,2023-01-20
출항,2023,1,7251,575,2023-01-23,2023-01-23,2023-01-20
출항,2023,1,13666,90,2023-01-23,2023-01-24,2023-01-20
입항,2023,1,5074,155,2023-01-23,2023-01-23,2023-01-20
출항,2023,1,4387,100,2023-01-23,2023-01-23,2023-01-20
출항,2023,1,29266,1000,2023-01-23,2023-01-23,2023-01-20
출항,2023,1,29256,500,2023-01-23,2023-01-24,2023-01-20
출항,2023,1,6111,100,2023-01-23,2023-01-23,2023-01-20
출항,2023,1,3887,150,2023-01-23,2023-01-23,2023-01-21
통과,2023,1,66982,250,2023-01-23,2023-01-24,2023-01-21
출항,2023,1,2696,150,2023-01-23,2023-01-24,2023-01-22
출항,2023,1,2059,90,2023-01-23,2023-01-23,2023-01-22
입항,2023,1,30068,690,2023-01-23,2023-01-24,2023-01-29
통과,2023,1,23217,500,2023-01-22,2023-01-23,2023-01-19
출항,2023,1,2498,130,2023-01-22,2023-01-22,2023-01-19
출항,2023,1,5720,350,2023-01-22,2023-01-23,2023-01-20
입항,2023,1,2688,155,2023-01-22,2023-01-22,2023-01-20
출항,2023,1,3038,170,2023-01-21,2023-01-21,2023-01-17
입항,2023,1,5197,160,2023-01-21,2023-01-22,2023-01-20
출항,2023,1,5435,220,2023-01-21,2023-01-22,2023-01-20
출항,2023,1,5614,0,2023-01-21,2023-01-21,2023-01-20
출항,2023,1,7675,100,2023-01-21,2023-01-21,2023-01-20
출항,2023,1,5723,150,2023-01-21,2023-01-21,2023-01-20
입항,2023,1,8504,150,2023-01-21,2023-01-22,2023-01-20
입항,2023,1,5197,260,2023-01-21,2023-01-22,2023-01-20
입항,2023,1,7240,160,2023-01-21,2023-01-21,2023-01-20
출항,2023,1,5060,150,2023-01-21,2023-01-22,2023-01-20
출항,2023,1,16448,100,2023-01-21,2023-01-21,2023-01-20
입항,2023,1,8504,150,2023-01-21,2023-01-22,2023-01-21
출항,2023,1,11919,550,2023-01-20,2023-01-20,2023-01-13
출항,2023,1,4060,300,2023-01-20,2023-01-20,2023-01-19
입항,2023,1,8539,350,2023-01-20,2023-01-20,2023-01-19
입항,2023,1,11733,550,2023-01-20,2023-01-20,2023-01-19
출항,2023,1,32144,20,2023-01-20,2023-01-20,2023-01-19
입항,2023,1,2579,100,2023-01-19,2023-01-19,2023-01-17
출항,2023,1,4091,30,2023-01-19,2023-01-19,2023-01-18
입항,2023,1,18287,150,2023-01-19,2023-01-19,2023-01-18
입항,2023,1,12082,250,2023-01-19,2023-01-19,2023-01-18
출항,2023,1,13146,705,2023-01-19,2023-01-19,2023-01-18
출항,2023,1,34128,1150,2023-01-19,2023-01-20,2023-01-18
출항,2023,1,7675,150,2023-01-19,2023-01-19,2023-01-18
출항,2023,1,8261,300,2023-01-19,2023-01-19,2023-01-18
출항,2023,1,12065,700,2023-01-19,2023-01-19,2023-01-18
입항,2023,1,23676,800,2023-01-19,2023-01-20,2023-01-19
출항,2023,1,6976,270,2023-01-19,2023-01-19,2023-01-19
출항,2023,1,3376,100,2023-01-19,2023-01-27,2023-01-26
출항,2023,1,20058,960,2023-01-18,2023-01-19,2023-01-13
입항,2023,1,4304,310,2023-01-18,2023-01-18,2023-01-16
입항,2023,1,5988,180,2023-01-18,2023-01-18,2023-01-16
출항,2023,1,2193,100,2023-01-18,2023-01-18,2023-01-17
출항,2023,1,2677,110,2023-01-18,2023-01-19,2023-01-17
출항,2023,1,2823,150,2023-01-18,2023-01-18,2023-01-17
입항,2023,1,4304,310,2023-01-18,2023-01-18,2023-01-17
출항,2023,1,29188,650,2023-01-18,2023-01-18,2023-01-17
출항,2023,1,5546,280,2023-01-18,2023-01-18,2023-01-17
출항,2023,1,3853,0,2023-01-18,2023-01-18,2023-01-17
입항,2023,1,30112,0,2023-01-18,2023-01-18,2023-01-18
출항,2023,1,7143,300,2023-01-17,2023-01-17,2023-01-11
출항,2023,1,35853,600,2023-01-17,2023-01-17,2023-01-16
출항,2023,2,4048,200,2023-01-17,2023-01-18,2023-01-16
입항,2023,1,30948,600,2023-01-17,2023-01-17,2023-01-16
입항,2023,1,4304,310,2023-01-17,2023-01-17,2023-01-16
출항,2023,1,3595,140,2023-01-17,2023-01-17,2023-01-16
출항,2023,1,7243,490,2023-01-17,2023-01-17,2023-01-16
입항,2023,1,8539,415,2023-01-17,2023-01-17,2023-01-16
출항,2023,1,5273,100,2023-01-17,2023-01-17,2023-01-16
입항,2023,1,5002,150,2023-01-17,2023-01-17,2023-01-16
출항,2023,1,4543,170,2023-01-17,2023-01-17,2023-01-16
출항,2023,1,2700,300,2023-01-17,2023-01-17,2023-01-16
출항,2023,1,29266,15,2023-01-17,2023-01-17,2023-01-16
출항,2023,1,26967,560,2023-01-17,2023-01-17,2023-01-16
출항,2023,1,1956,71,2023-01-17,2023-01-18,2023-01-17
출항,2023,1,26967,500,2023-01-17,2023-01-17,2023-01-17
출항,2023,1,4060,150,2023-01-16,2023-01-16,2023-01-10
출항,2023,1,5002,200,2023-01-16,2023-01-16,2023-01-13
출항,2023,1,4060,150,2023-01-16,2023-01-16,2023-01-13
입항,2023,4,3586,33,2023-01-16,2023-01-17,2023-01-16
입항,2023,1,11988,800,2023-01-15,2023-01-16,2023-01-10
출항,2023,1,4235,0,2023-01-15,2023-01-15,2023-01-13
출항,2023,1,5510,300,2023-01-14,2023-01-14,2023-01-11
출항,2023,2,2438,1,2023-01-14,2023-01-14,2023-01-13
출항,2023,1,5546,350,2023-01-14,2023-01-14,2023-01-13
출항,2023,1,4040,200,2023-01-13,2023-01-13,2023-01-10
출항,2023,1,5667,300,2023-01-13,2023-01-13,2023-01-10
입항,2023,1,5546,280,2023-01-13,2023-01-13,2023-01-12
출항,2023,1,2761,500,2023-01-12,2023-01-13,2023-01-06
통과,2023,1,91508,1000,2023-01-12,2023-01-13,2023-01-09
출항,2023,1,18432,30000,2023-01-12,2023-01-12,2023-01-10
출항,2023,3,2999,191,2023-01-12,2023-01-12,2023-01-10
출항,2023,1,12113,580,2023-01-12,2023-01-12,2023-01-10
입항,2023,1,28517,500,2023-01-12,2023-01-12,2023-01-11
출항,2023,1,29460,700,2023-01-12,2023-01-12,2023-01-11
입항,2023,1,29991,600,2023-01-12,2023-01-12,2023-01-11
출항,2023,1,60166,500,2023-01-12,2023-01-12,2023-01-12
출항,2023,1,29707,500,2023-01-12,2023-01-13,2023-01-12
출항,2023,1,29593,710,2023-01-11,2023-01-11,2023-01-09
입항,2023,1,30560,1555,2023-01-11,2023-01-11,2023-01-09
입항,2023,1,30560,1555,2023-01-11,2023-01-11,2023-01-10
출항,2023,1,16572,300,2023-01-11,2023-01-11,2023-01-10
출항,2023,1,46250,1150,2023-01-11,2023-01-11,2023-01-10
통과,2023,1,3380,160,2023-01-11,2023-01-11,2023-01-10
입항,2023,1,18432,30000,2023-01-11,2023-01-11,2023-01-10
출항,2023,1,4067,150,2023-01-11,2023-01-11,2023-01-10
입항,2023,1,7675,150,2023-01-11,2023-01-11,2023-01-10
출항,2023,1,2579,40,2023-01-11,2023-01-12,2023-01-11
출항,2023,1,27987,150,2023-01-11,2023-01-12,2023-01-11
출항,2023,1,29562,740,2023-01-10,2023-01-10,2023-01-09
출항,2023,1,26252,150,2023-01-10,2023-01-10,2023-01-09
출항,2023,1,5060,150,2023-01-10,2023-01-10,2023-01-09
출항,2023,1,5487,220,2023-01-10,2023-01-10,2023-01-09
출항,2023,1,5376,350,2023-01-10,2023-01-10,2023-01-09
입항,2023,1,60166,500,2023-01-10,2023-01-11,2023-01-09
입항,2023,1,49943,100,2023-01-10,2023-01-11,2023-01-10
출항,2023,1,29562,840,2023-01-09,2023-01-09,2023-01-06
입항,2023,1,5376,390,2023-01-09,2023-01-09,2023-01-06
출항,2023,1,4812,30,2023-01-09,2023-01-09,2023-01-06
출항,2023,1,29593,800,2023-01-09,2023-01-09,2023-01-06
출항,2023,1,11290,250,2023-01-09,2023-01-09,2023-01-08
출항,2023,1,4587,100,2023-01-09,2023-01-10,2023-01-09
입항,2023,1,5197,180,2023-01-09,2023-01-10,2023-01-09
출항,2023,2,2999,110,2023-01-08,2023-01-10,2023-01-03
출항,2023,1,3079,200,2023-01-08,2023-01-08,2023-01-05
출항,2023,1,5376,250,2023-01-08,2023-01-08,2023-01-06
입항,2023,1,34128,2000,2023-01-08,2023-01-08,2023-01-06
입항,2023,2,2682,100,2023-01-08,2023-01-08,2023-01-06
출항,2023,1,26938,150,2023-01-08,2023-01-09,2023-01-07
출항,2023,1,2695,0,2023-01-07,2023-01-07,2023-01-03
출항,2023,1,29293,450,2023-01-07,2023-01-07,2023-01-04
입항,2023,1,2695,115,2023-01-07,2023-01-07,2023-01-05
통과,2023,1,4879,150,2023-01-07,2023-01-08,2023-01-05
출항,2023,1,4091,150,2023-01-07,2023-01-07,2023-01-06
출항,2023,1,64309,100,2023-01-07,2023-01-07,2023-01-06
출항,2023,1,4091,90,2023-01-07,2023-01-07,2023-01-06
출항,2022,3,23129,150,2023-01-07,2023-01-07,2023-01-05
출항,2023,1,114000,2500,2023-01-06,2023-01-07,2023-01-03
입항,2023,1,2490,150,2023-01-06,2023-01-06,2023-01-05
입항,2023,1,3595,190,2023-01-06,2023-01-06,2023-01-05
입항,2023,1,8263,400,2023-01-06,2023-01-06,2023-01-05
출항,2023,1,7294,120,2023-01-06,2023-01-06,2023-01-05
출항,2023,1,7675,120,2023-01-06,2023-01-06,2023-01-06
입항,2023,1,4239,210,2023-01-06,2023-02-06,2023-02-03
출항,2023,1,4060,150,2023-01-06,2023-02-07,2023-02-06
입항,2023,1,4688,130,2023-01-05,2023-01-05,2023-01-04
출항,2023,1,2823,150,2023-01-05,2023-01-05,2023-01-04
출항,2023,1,30873,800,2023-01-04,2023-01-04,2023-01-02
출항,2023,1,2517,100,2023-01-04,2023-01-04,2023-01-03
출항,2023,1,3575,150,2023-01-04,2023-01-04,2023-01-03
출항,2023,1,4862,120,2023-01-04,2023-01-04,2023-01-03
입항,2023,1,2823,150,2023-01-04,2023-01-05,2023-01-03
입항,2023,1,7294,200,2023-01-04,2023-01-04,2023-01-04
출항,2023,1,3604,0,2023-01-04,2023-01-05,2023-01-04
출항,2023,1,7294,220,2023-01-03,2023-01-03,2023-01-02
출항,2023,1,3575,150,2023-01-03,2023-01-03,2023-01-02
입항,2023,1,2652,100,2023-01-03,2023-01-03,2023-01-02
출항,2023,1,2579,155,2023-01-03,2023-02-04,2023-02-03
출항,2023,1,22852,200,2023-01-02,2023-01-03,2023-01-02
입항,2023,1,3678,135,2023-01-02,2023-01-02,2023-01-02
통과,2023,1,62397,500,2023-01-01,2023-01-02,2022-12-30
입항,2023,1,24839,1500,2023-01-01,2023-02-02,2022-12-31
출항,2023,1,4416,155,2023-01-01,2023-01-02,2023-01-01
출항,2022,1,34128,500,2023-01-01,2023-01-02,2022-12-30
출항,2022,1,2987,180,2023-01-01,2023-01-01,2022-12-30
출항,2022,1,7294,150,2023-01-01,2023-01-01,2022-12-30
출항,2022,1,29804,800,2023-01-01,2023-01-01,2022-12-30
출항,2022,1,28891,1000,2022-12-31,2023-01-01,2022-12-23
출항,2022,1,4387,200,2022-12-31,2022-12-31,2022-12-27
입항,2022,1,7251,400,2022-12-31,2022-12-31,2022-12-30
입항,2022,1,5667,250,2022-12-31,2022-12-31,2022-12-30
출항,2022,1,30259,850,2022-12-31,2022-12-31,2022-12-30
출항,2022,22,4387,218,2022-12-30,2022-12-30,2022-12-28
출항,2022,44,2691,1,2022-12-30,2022-12-31,2022-12-30
입항,2022,1,28799,100,2022-12-29,2022-12-29,2022-12-23
출항,2022,1,29680,305,2022-12-29,2022-12-29,2022-12-27
출항,2022,5,25400,700,2022-12-29,2022-12-29,2022-12-28
출항,2022,1,16179,370,2022-12-29,2022-12-30,2022-12-28
입항,2022,1,4500,90,2022-12-29,2022-12-29,2022-12-28
출항,2022,1,9430,300,2022-12-29,2022-12-30,2022-12-28
출항,2022,1,2579,130,2022-12-29,2022-12-29,2022-12-28
입항,2022,1,29588,1000,2022-12-29,2022-12-29,2022-12-28
입항,2022,1,29289,170,2022-12-29,2022-12-30,2022-12-28
출항,2022,1,11628,50,2022-12-28,2022-12-28,2022-12-27
출항,2022,7,4048,100,2022-12-28,2022-12-29,2022-12-27
출항,2022,1,29707,800,2022-12-28,2022-12-28,2022-12-27
출항,2022,1,4484,210,2022-12-28,2022-12-28,2022-12-27
출항,2022,10,2688,75,2022-12-27,2022-12-27,2022-12-26
출항,2022,1,26914,800,2022-12-27,2022-12-27,2022-12-26
출항,2022,1,9995,300,2022-12-27,2022-12-27,2022-12-26
출항,2022,1,3595,50,2022-12-27,2022-12-26,2022-12-26
입항,2022,1,29588,1000,2022-12-27,2022-12-27,2022-12-26
출항,2022,1,5060,150,2022-12-27,2022-12-27,2022-12-26
입항,2022,1,29884,350,2022-12-27,2022-12-27,2022-12-26
입항,2022,1,29902,500,2022-12-27,2022-12-27,2022-12-26
통과,2022,1,23602,500,2022-12-26,2022-12-26,2022-12-21
입항,2022,3,29644,1300,2022-12-26,2022-12-27,2022-12-23
출항,2022,1,12487,300,2022-12-26,2022-12-26,2022-12-23
입항,2022,1,29588,1000,2022-12-26,2022-12-26,2022-12-23
출항,2022,1,3910,150,2022-12-26,2022-12-26,2022-12-26
출항,2022,1,4544,200,2022-12-26,2022-12-27,2022-12-26
출항,2022,1,5457,200,2022-12-26,2022-12-26,2022-12-26
입항,2022,13,3377,20,2022-12-26,2022-12-26,2022-12-26
출항,2022,1,3185,150,2022-12-25,2022-12-25,2022-12-22
출항,2022,1,26914,800,2022-12-25,2022-12-26,2022-12-24
입항,2022,1,58070,700,2022-12-24,2022-12-25,2022-12-23
출항,2022,1,4091,100,2022-12-23,2022-12-23,2022-12-22
출항,2022,1,25538,0,2022-12-22,2022-12-22,2022-12-21
입항,2022,2,29460,1100,2022-12-22,2022-12-22,2022-12-21
출항,2022,1,4060,100,2022-12-22,2022-12-22,2022-12-21
입항,2022,1,6446,265,2022-12-21,2022-12-21,2022-12-20
입항,2022,5,11919,500,2022-12-21,2022-12-22,2022-12-21
출항,2022,1,2193,80,2022-12-21,2022-12-21,2022-12-20
입항,2022,1,4873,160,2022-12-21,2022-12-22,2022-12-21
출항,2022,5,11645,400,2022-12-20,2022-12-20,2022-12-15
입항,2022,1,29578,400,2022-12-20,2022-12-20,2022-12-19
입항,2022,1,5197,20,2022-12-20,2022-12-20,2022-12-19
입항,2022,1,5667,300,2022-12-20,2022-12-20,2022-12-19
출항,2022,40,2204,100,2022-12-20,2022-12-20,2022-12-19
입항,2022,1,5197,20,2022-12-20,2022-12-21,2022-12-20
입항,2022,3,7368,400,2022-12-19,2022-12-19,2022-12-13
출항,2022,1,29256,1500,2022-12-19,2022-12-19,2022-12-16
입항,2022,1,3595,35,2022-12-19,2022-12-19,2022-12-16
출항,2022,1,5723,50,2022-12-19,2022-12-19,2022-12-16
통과,2022,1,29683,420,2022-12-19,2022-12-19,2022-12-16
출항,2022,1,16232,400,2022-12-19,2022-12-19,2022-12-16
출항,2022,1,4040,100,2022-12-18,2022-12-18,2022-12-07
출항,2022,1,16455,250,2022-12-18,2022-12-18,2022-12-13
출항,2022,39,2101,1,2022-12-18,2022-12-18,2022-12-16
입항,2022,1,20043,100,2022-12-18,2022-12-18,2022-12-16
출항,2022,1,5074,170,2022-12-17,2022-12-17,2022-12-16
출항,2022,1,2993,50,2022-12-17,2022-12-17,2022-12-16
입항,2022,1,2993,50,2022-12-17,2022-12-17,2022-12-16
출항,2022,1,2579,30,2022-12-16,2022-12-16,2022-12-14
입항,2022,1,28877,700,2022-12-16,2022-12-16,2022-12-15
입항,2022,1,30237,300,2022-12-16,2022-12-16,2022-12-15
입항,2022,1,28877,680,2022-12-16,2022-12-16,2022-12-15
출항,2022,2,2652,30,2022-12-16,2022-12-16,2022-12-15
출항,2022,1,7675,80,2022-12-16,2022-12-16,2022-12-15
입항,2022,1,11259,250,2022-12-16,2022-12-16,2022-12-16
출항,2022,1,6426,100,2022-12-15,2022-12-16,2022-12-13
입항,2022,1,29256,1280,2022-12-15,2022-12-15,2022-12-13
입항,2022,1,29968,500,2022-12-15,2022-12-15,2022-12-14
출항,2022,1,29256,1080,2022-12-15,2022-12-15,2022-12-14
출항,2022,1,5422,30,2022-12-15,2022-12-15,2022-12-14
입항,2022,1,8504,150,2022-12-15,2022-12-15,2022-12-14
입항,2022,1,5273,100,2022-12-15,2022-12-16,2022-12-15
출항,2022,1,8504,150,2022-12-15,2022-12-15,2022-12-15
출항,2022,28,2690,0,2022-12-14,2022-12-14,2022-12-13
출항,2022,3,2997,200,2022-12-14,2022-12-14,2022-12-13
출항,2022,1,30027,500,2022-12-14,2022-12-14,2022-12-13
출항,2022,1,3834,190,2022-12-14,2022-12-14,2022-12-13
출항,2022,1,63134,1150,2022-12-14,2022-12-15,2022-12-14
출항,2022,1,20108,30,2022-12-13,2022-12-13,2022-12-09
출항,2022,1,7234,100,2022-12-13,2022-12-13,2022-12-12
통과,2022,1,9068,340,2022-12-12,2022-12-12,2022-12-09
출항,2022,1,3491,170,2022-12-12,2022-12-12,2022-12-09
입항,2022,1,7072,30,2022-12-12,2022-12-12,2022-12-11
입항,2022,1,30873,480,2022-12-11,2022-12-12,2022-12-08
출항,2022,1,25400,700,2022-12-11,2022-12-11,2022-12-08
입항,2022,1,5197,200,2022-12-11,2022-12-11,2022-12-09
입항,2022,1,7687,200,2022-12-11,2022-12-11,2022-12-09
출항,2022,1,16084,260,2022-12-11,2022-12-11,2022-12-09
출항,2022,8,3629,1,2022-12-11,2022-12-11,2022-12-09
입항,2022,7,5392,250,2022-12-11,2022-12-11,2022-12-11
입항,2022,1,7234,250,2022-12-11,2022-12-12,2022-12-11
입항,2022,5,30027,945,2022-12-10,2022-12-10,2022-12-07
출항,2022,1,30263,1050,2022-12-10,2022-12-10,2022-12-08
입항,2022,1,30027,1000,2022-12-10,2022-12-10,2022-12-08
통과,2022,1,29806,900,2022-12-10,2022-12-10,2022-12-09
입항,2022,1,29513,0,2022-12-10,2022-12-11,2022-12-09
입항,2022,1,31510,450,2022-12-10,2022-12-11,2022-12-09
출항,2022,1,7240,20,2022-12-10,2022-12-10,2022-12-09
입항,2022,1,27976,500,2022-12-10,2022-12-10,2022-12-09
출항,2022,1,5378,40,2022-12-10,2022-12-10,2022-12-09
출항,2022,28,2438,1,2022-12-09,2022-12-09,2022-12-08
출항,2022,2,4235,150,2022-12-09,2022-12-09,2022-12-07
입항,2022,1,12099,400,2022-12-09,2022-12-09,2022-12-08
출항,2022,20,2110,30,2022-12-09,2022-12-09,2022-12-08
출항,2022,1,48008,1000,2022-12-09,2022-12-09,2022-12-08
입항,2022,6,5488,210,2022-12-09,2022-12-10,2022-12-08
출항,2022,1,28517,500,2022-12-09,2022-12-09,2022-12-08
출항,2022,1,8581,100,2022-12-09,2022-12-09,2022-12-08
출항,2022,1,28160,700,2022-12-09,2022-12-09,2022-12-08
입항,2022,12,2498,100,2022-12-09,2022-12-09,2022-12-08
출항,2022,1,2498,110,2022-12-09,2022-12-09,2022-12-08
출항,2022,1,4543,150,2022-12-09,2022-12-10,2022-12-09
입항,2022,1,65552,0,2022-12-09,2022-12-10,2022-12-09
출항,2022,1,28985,100,2022-12-08,2022-12-08,2022-12-06
입항,2022,2,4235,150,2022-12-08,2022-12-08,2022-12-07
출항,2022,1,4833,330,2022-12-08,2022-12-08,2022-12-07
입항,2022,1,4060,165,2022-12-08,2022-12-08,2022-12-07
출항,2022,1,4758,0,2022-12-08,2022-12-09,2022-12-08
입항,2022,1,29395,850,2022-12-08,2022-12-09,2022-12-08
출항,2022,1,2997,175,2022-12-07,2022-12-07,2022-12-05
통과,2022,1,19799,1000,2022-12-07,2022-12-08,2022-12-05
출항,2022,1,47384,1000,2022-12-07,2022-12-07,2022-12-06
입항,2022,1,29671,900,2022-12-07,2022-12-07,2022-12-06
입항,2022,1,15591,600,2022-12-07,2022-12-07,2022-12-06
출항,2022,1,2993,90,2022-12-07,2022-12-07,2022-12-06
출항,2022,7,3465,30,2022-12-06,2022-12-07,2022-11-30
입항,2022,1,57997,800,2022-12-06,2022-12-06,2022-12-05
입항,2022,1,8263,320,2022-12-06,2022-12-06,2022-12-05
출항,2022,41,2691,1,2022-12-06,2022-12-06,2022-12-05
출항,2022,1,28322,200,2022-12-06,2022-12-07,2022-12-06
입항,2022,1,28844,700,2022-12-06,2022-12-07,2022-12-06
출항,2022,9,3465,50,2022-12-06,2022-12-06,2022-12-06
입항,2022,40,4862,1,2022-12-06,2022-12-06,2022-12-06
통과,2022,1,31538,570,2022-12-05,2022-12-06,2022-12-02
입항,2022,1,8539,200,2022-12-05,2022-12-05,2022-12-02
출항,2022,10,5546,250,2022-12-05,2022-12-05,2022-12-03
출항,2022,1,2059,95,2022-12-05,2022-12-05,2022-12-04
입항,2022,15,2999,45,2022-12-05,2022-12-05,2022-12-05
입항,2022,2,16386,200,2022-12-05,2022-12-05,2022-12-05
통과,2022,1,30031,500,2022-12-05,2022-12-06,2022-12-05
출항,2022,4,5665,200,2022-12-04,2022-12-04,2022-11-30
출항,2022,40,2691,1,2022-12-04,2022-12-05,2022-12-02
출항,2022,1,46786,600,2022-12-04,2022-12-04,2022-12-02
출항,2022,1,4060,150,2022-12-04,2022-12-04,2022-12-02
입항,2022,1,7675,120,2022-12-04,2022-12-04,2022-12-02
입항,2022,1,5510,350,2022-12-04,2022-12-04,2022-12-02
출항,2022,5,4879,100,2022-12-04,2022-12-05,2022-12-04
입항,2022,1,4544,140,2022-12-03,2022-12-03,2022-12-01
출항,2022,1,3910,150,2022-12-03,2022-12-03,2022-12-02
출항,2022,1,7675,160,2022-12-03,2022-12-04,2022-12-02
출항,2022,1,5376,310,2022-12-03,2022-12-03,2022-12-02
출항,2022,1,11568,100,2022-12-03,2022-12-03,2022-12-02
출항,2022,1,8539,25,2022-12-02,2022-12-02,2022-12-01
출항,2022,1,65830,350,2022-12-02,2022-12-02,2022-12-01
입항,2022,1,7675,150,2022-12-02,2022-12-02,2022-12-02
입항,2022,1,29063,780,2022-12-02,2022-12-03,2022-12-02
통과,2022,2,57567,800,2022-12-01,2022-12-01,2022-11-29
출항,2022,1,5273,120,2022-12-01,2022-12-01,2022-11-30
출항,2022,1,5359,3000,2022-12-01,2022-12-01,2022-11-30
출항,2022,1,16386,500,2022-12-01,2022-12-01,2022-11-30
출항,2022,1,5723,200,2022-12-01,2022-12-01,2022-11-30
입항,2022,1,28891,1100,2022-11-30,2022-11-30,2022-11-29
출항,2022,1,2962,75,2022-11-30,2022-11-30,2022-11-30
출항,2022,1,25400,600,2022-11-30,2022-12-01,2022-11-30
출항,2022,1,29974,1200,2022-11-30,2022-12-01,2022-11-30
출항,2022,1,16589,900,2022-11-29,2022-11-29,2022-11-28
출항,2022,1,5961,100,2022-11-29,2022-11-30,2022-11-28
출항,2022,1,3834,100,2022-11-29,2022-11-29,2022-11-28
출항,2022,1,3910,50,2022-11-29,2022-11-29,2022-11-28
출항,2022,37,2101,1,2022-11-28,2022-11-29,2022-11-28
출항,2022,1,5667,230,2022-11-28,2022-11-28,2022-11-24
입항,2022,1,29063,700,2022-11-28,2022-11-28,2022-11-25
입항,2022,1,2999,122,2022-11-28,2022-11-28,2022-11-25
출항,2022,1,3834,90,2022-11-28,2022-11-28,2022-11-25
출항,2022,1,4387,90,2022-11-28,2022-11-28,2022-11-25
출항,2022,1,4387,200,2022-11-28,2022-11-28,2022-11-25
입항,2022,1,25400,600,2022-11-28,2022-11-29,2022-11-28
출항,2022,1,4235,150,2022-11-28,2022-12-09,2022-12-05
출항,2022,37,2438,1,2022-11-27,2022-11-27,2022-11-25
출항,2022,1,154379,150,2022-11-27,2022-11-27,2022-11-25
출항,2022,3,11919,200,2022-11-27,2022-11-28,2022-11-25
출항,2022,2,2652,50,2022-11-27,2022-11-27,2022-11-27
출항,2022,1,11925,750,2022-11-26,2022-11-26,2022-11-23
출항,2022,1,4040,200,2022-11-26,2022-11-26,2022-11-24
입항,2022,1,47963,100,2022-11-26,2022-11-27,2022-11-25
입항,2022,1,29266,1000,2022-11-26,2022-11-26,2022-11-25
출항,2022,1,7675,100,2022-11-26,2022-11-26,2022-11-25
통과,2022,1,141754,0,2022-11-25,2022-11-25,2022-11-18
입항,2022,10,5487,205,2022-11-25,2022-11-25,2022-11-22
입항,2022,1,22987,450,2022-11-25,2022-11-25,2022-11-23
출항,2022,1,29987,200,2022-11-25,2022-11-25,2022-11-24
출항,2022,1,5347,400,2022-11-25,2022-11-25,2022-11-24
출항,2022,1,29375,700,2022-11-25,2022-11-25,2022-11-24
출항,2022,1,4758,100,2022-11-25,2022-11-25,2022-11-24
출항,2022,1,29942,570,2022-11-25,2022-11-25,2022-11-24
입항,2022,1,18006,500,2022-11-25,2022-11-26,2022-11-24
출항,2022,1,2987,50,2022-11-25,2022-11-25,2022-11-24
출항,2022,1,12247,700,2022-11-25,2022-11-26,2022-11-25
입항,2022,1,16448,250,2022-11-24,2022-11-24,2022-11-22
출항,2022,1,114000,1000,2022-11-24,2022-11-25,2022-11-23
입항,2022,1,4544,200,2022-11-24,2022-11-24,2022-11-23
입항,2022,10,5487,205,2022-11-24,2022-11-24,2022-11-23
출항,2022,1,4543,30,2022-11-24,2022-11-24,2022-11-23
출항,2022,6,4301,200,2022-11-24,2022-11-25,2022-11-24
출항,2022,1,66834,500,2022-11-24,2022-11-25,2022-11-24
입항,2022,3,29804,1,2022-11-24,2022-11-25,2022-11-24
입항,2022,6,7064,150,2022-11-23,2022-11-23,2022-11-18
통과,2022,1,32973,1200,2022-11-23,2022-11-23,2022-11-22
출항,2022,1,29293,1080,2022-11-22,2022-11-22,2022-11-17
출항,2022,1,29293,1050,2022-11-22,2022-11-22,2022-11-21
출항,2022,1,1956,77,2022-11-22,2022-11-22,2022-11-21
출항,2022,5,16589,100,2022-11-21,2022-11-21,2022-11-16
출항,2022,1,33355,700,2022-11-21,2022-11-22,2022-11-18
출항,2022,1,29996,400,2022-11-21,2022-11-21,2022-11-18
출항,2022,1,2101,1,2022-11-21,2022-11-21,2022-11-18
출항,2022,1,47342,615,2022-11-21,2022-11-21,2022-11-18
출항,2022,1,2696,100,2022-11-21,2022-11-21,2022-11-20
출항,2022,1,29996,300,2022-11-21,2022-11-21,2022-11-20
출항,2022,1,16222,300,2022-11-21,2022-11-21,2022-11-20
입항,2022,2,8260,430,2022-11-21,2022-11-22,2022-11-21
출항,2022,1,3079,300,2022-11-21,2022-11-22,2022-11-21
입항,2022,6,11988,500,2022-11-20,2022-11-21,2022-11-17
통과,2022,1,66834,570,2022-11-20,2022-11-21,2022-11-18
출항,2022,1,30945,600,2022-11-20,2022-11-21,2022-11-18
통과,2022,1,28777,700,2022-11-20,2022-11-21,2022-11-18
입항,2022,1,5197,180,2022-11-20,2022-11-20,2022-11-18
출항,2022,1,4060,34,2022-11-20,2022-11-20,2022-11-18
출항,2022,2,34128,180,2022-11-20,2022-11-21,2022-11-18
출항,2022,1,5988,245,2022-11-20,2022-11-21,2022-11-18
입항,2022,9,2498,100,2022-11-20,2022-11-20,2022-11-19
출항,2022,1,2690,160,2022-11-20,2022-11-20,2022-11-20
통과,2022,1,7294,280,2022-11-20,2022-11-21,2022-11-20
출항,2022,1,16589,100,2022-11-19,2022-11-19,2022-11-17
입항,2022,9,2498,100,2022-11-19,2022-11-19,2022-11-18
출항,2022,12,2690,160,2022-11-19,2022-11-19,2022-11-18
통과,2022,1,29671,670,2022-11-19,2022-11-20,2022-11-18
입항,2022,1,7294,280,2022-11-19,2022-11-19,2022-11-18
출항,2022,1,6961,380,2022-11-19,2022-11-19,2022-11-18
입항,2022,7,4812,0,2022-11-19,2022-11-20,2022-11-18
출항,2022,1,11987,150,2022-11-18,2022-11-18,2022-11-16
출항,2022,1,4159,220,2022-11-18,2022-11-19,2022-11-17
입항,2022,1,3533,350,2022-11-18,2022-11-18,2022-11-16
입항,2022,1,30010,845,2022-11-18,2022-11-18,2022-11-17
출항,2022,1,3493,280,2022-11-18,2022-11-17,2022-11-17
출항,2022,1,60185,600,2022-11-18,2022-11-19,2022-11-17
출항,2022,1,2028,43,2022-11-18,2022-11-18,2022-11-17
출항,2022,26,2690,160,2022-11-18,2022-11-19,2022-11-18
출항,2022,1,2823,100,2022-11-18,2022-11-19,2022-11-18
입항,2022,1,30010,1000,2022-11-18,2022-11-19,2022-11-18
출항,2022,1,4833,130,2022-11-18,2022-11-19,2022-11-18
출항,2022,1,60185,800,2022-11-18,2022-11-19,2022-11-18
출항,2022,38,2676,210,2022-11-18,2022-11-18,2022-11-17
출항,2022,2,2028,50,2022-11-17,2022-11-17,2022-11-14
입항,2022,1,29557,460,2022-11-17,2022-11-17,2022-11-15
입항,2022,1,6976,360,2022-11-17,2022-11-17,2022-11-16
입항,2022,1,7544,70,2022-11-17,2022-11-17,2022-11-16
입항,2022,1,2579,125,2022-11-17,2022-11-17,2022-11-17
출항,2022,1,27976,200,2022-11-17,2022-11-18,2022-11-17
출항,2022,1,29804,800,2022-11-17,2022-11-18,2022-11-17
입항,2022,1,4688,180,2022-11-17,2022-11-18,2022-11-17
출항,2022,1,154137,550,2022-11-16,2022-11-16,2022-11-12
출항,2022,12,3376,165,2022-11-16,2022-11-16,2022-11-14
입항,2022,12,3376,165,2022-11-16,2022-11-16,2022-11-15
입항,2022,15,2163,150,2022-11-16,2022-11-16,2022-11-15
출항,2022,1,3595,175,2022-11-16,2022-11-16,2022-11-15
입항,2022,1,15818,10,2022-11-16,2022-11-16,2022-11-15
입항,2022,1,11863,900,2022-11-16,2022-11-16,2022-11-15
입항,2022,1,4960,100,2022-11-16,2022-11-16,2022-11-15
출항,2022,1,5060,0,2022-11-16,2022-11-17,2022-11-16
출항,2022,1,26364,1100,2022-11-15,2022-11-16,2022-11-08
출항,2022,1,3376,200,2022-11-15,2022-11-15,2022-11-11
출항,2022,2,11561,350,2022-11-15,2022-11-16,2022-11-14
출항,2022,1,4387,30,2022-11-15,2022-11-15,2022-11-14
출항,2022,1,4060,35,2022-11-15,2022-11-15,2022-11-14
입항,2022,1,3910,250,2022-11-15,2022-11-16,2022-11-15
입항,2022,1,4060,100,2022-11-15,2022-11-16,2022-11-15
입항,2022,1,29987,850,2022-11-14,2022-11-15,2022-11-13
출항,2022,1,2993,70,2022-11-14,2022-11-14,2022-11-14
통과,2022,16,5598,1,2022-11-14,2022-11-15,2022-11-14
출항,2022,1,5988,245,2022-11-14,2022-11-21,2022-11-21
출항,2022,34,2101,1,2022-11-13,2022-11-13,2022-11-11
입항,2022,1,42010,500,2022-11-13,2022-11-13,2022-11-12
출항,2022,5,7857,100,2022-11-13,2022-11-13,2022-11-12
출항,2022,30,2761,125,2022-11-12,2022-11-13,2022-11-11
통과,2022,3,29460,500,2022-11-12,2022-11-12,2022-11-09
입항,2022,1,29725,540,2022-11-12,2022-11-12,2022-11-09
입항,2022,1,56285,500,2022-11-12,2022-11-12,2022-11-11
출항,2022,1,7675,200,2022-11-12,2022-11-19,2022-11-18
입항,2022,1,5025,25,2022-11-12,2022-11-19,2022-11-18
출항,2022,1,4376,150,2022-11-12,2022-11-12,2022-11-18
입항,2022,1,8263,500,2022-11-11,2022-11-06,2022-11-04
입항,2022,2,29707,170,2022-11-11,2022-11-12,2022-11-09
입항,2022,1,29707,100,2022-11-11,2022-11-12,2022-11-10
출항,2022,1,27011,500,2022-11-11,2022-11-11,2022-11-10
출항,2022,1,29211,70,2022-11-11,2022-11-11,2022-11-10
출항,2022,1,4159,200,2022-11-11,2022-11-11,2022-11-10
입항,2022,11,2369,60,2022-11-11,2022-11-11,2022-11-10
출항,2022,8,2688,200,2022-11-11,2022-11-11,2022-11-10
출항,2022,1,1637,50,2022-11-11,2022-11-11,2022-11-10
출항,2022,1,28747,720,2022-11-11,2022-11-11,2022-11-10
출항,2022,1,4543,20,2022-11-11,2022-11-11,2022-11-10
입항,2022,1,29996,430,2022-11-11,2022-11-12,2022-11-11
출항,2022,1,7293,0,2022-11-11,2022-11-11,2022-11-11
출항,2022,1,4543,20,2022-11-11,2022-11-12,2022-11-11
입항,2022,5,3575,90,2022-11-10,2022-11-10,2022-11-05
출항,2022,1,5667,230,2022-11-10,2022-11-10,2022-11-07
입항,2022,1,7424,300,2022-11-10,2022-11-10,2022-11-09
출항,2022,1,5197,145,2022-11-10,2022-11-10,2022-11-09
입항,2022,1,2438,1,2022-11-10,2022-11-10,2022-11-09
출항,2022,1,4890,160,2022-11-10,2022-11-10,2022-11-09
출항,2022,2,2652,40,2022-11-10,2022-11-10,2022-11-09
출항,2022,1,4060,34,2022-11-10,2022-11-10,2022-11-10
입항,2022,7,5487,150,2022-11-09,2022-11-10,2022-11-07
출항,2022,1,9430,50,2022-11-09,2022-11-09,2022-11-07
출항,2022,1,51065,0,2022-11-09,2022-11-09,2022-11-08
출항,2022,1,3185,50,2022-11-09,2022-11-10,2022-11-08
출항,2022,1,64092,1450,2022-11-09,2022-11-09,2022-11-08
출항,2022,1,11662,200,2022-11-09,2022-11-16,2022-11-16
출항,2022,1,8581,20,2022-11-08,2022-11-08,2022-11-07
입항,2022,1,8259,300,2022-11-08,2022-11-08,2022-11-07
입항,2022,1,29766,660,2022-11-08,2022-11-08,2022-11-07
출항,2022,1,16589,365,2022-11-08,2022-11-08,2022-11-07
출항,2022,1,11917,350,2022-11-08,2022-11-08,2022-11-07
입항,2022,31,2210,150,2022-11-08,2022-11-09,2022-11-01
입항,2022,1,7234,405,2022-11-07,2022-11-07,2022-11-04
입항,2022,17,4387,30,2022-11-07,2022-11-07,2022-11-04
통과,2022,1,29766,800,2022-11-07,2022-11-07,2022-11-04
출항,2022,1,5030,350,2022-11-07,2022-11-07,2022-11-05
출항,2022,1,3910,200,2022-11-07,2022-11-07,2022-11-07
출항,2022,1,4417,50,2022-11-06,2022-11-06,2022-11-04
입항,2022,1,10063,120,2022-11-06,2022-11-06,2022-11-04
출항,2022,1,1637,115,2022-11-06,2022-11-06,2022-11-04
입항,2022,1,8259,300,2022-11-06,2022-11-06,2022-11-04
입항,2022,1,5030,350,2022-11-06,2022-11-06,2022-11-04
입항,2022,1,6515,120,2022-11-06,2022-11-06,2022-11-05
출항,2022,1,5510,20,2022-11-05,2022-11-05,2022-10-28
출항,2022,1,47384,1000,2022-11-05,2022-11-05,2022-10-31
출항,2022,1,3887,150,2022-11-05,2022-11-05,2022-11-04
출항,2022,1,8539,150,2022-11-05,2022-11-05,2022-11-04
출항,2022,1,2823,70,2022-11-05,2022-11-05,2022-11-04
출항,2022,21,3887,230,2022-11-05,2022-11-06,2022-11-04
출항,2022,1,62769,250,2022-11-05,2022-11-05,2022-11-04
입항,2022,1,17139,100,2022-11-04,2022-11-04,2022-10-27
입항,2022,1,4833,30,2022-11-04,2022-11-04,2022-11-03
출항,2022,34,4862,43,2022-11-03,2022-11-03,2022-11-02
출항,2022,1,47266,1000,2022-11-03,2022-11-03,2022-10-31
출항,2022,1,7250,300,2022-11-03,2022-11-03,2022-11-01
입항,2022,1,21198,900,2022-11-03,2022-11-03,2022-11-02
입항,2022,24,2438,1,2022-11-03,2022-11-03,2022-11-02
입항,2022,1,5273,90,2022-11-03,2022-11-03,2022-11-02
출항,2022,1,10063,194,2022-11-03,2022-11-03,2022-11-02
출항,2022,1,2355,90,2022-11-03,2022-11-04,2022-11-03
출항,2022,34,4862,43,2022-11-02,2022-11-02,2022-11-01
출항,2022,2,29513,500,2022-11-02,2022-11-02,2022-10-31
통과,2022,1,17208,700,2022-11-02,2022-11-02,2022-11-01
출항,2022,1,4159,100,2022-11-02,2022-11-02,2022-11-01
출항,2022,1,4587,25,2022-11-02,2022-11-02,2022-11-01
입항,2022,3,29455,650,2022-11-02,2022-11-02,2022-11-01
입항,2022,1,29991,800,2022-11-02,2022-11-02,2022-11-01
입항,2022,1,28517,100,2022-11-02,2022-11-02,2022-11-01
출항,2022,1,8539,20,2022-11-02,2022-11-02,2022-11-01
출항,2022,1,5060,150,2022-11-02,2022-11-02,2022-11-02
입항,2022,1,7675,60,2022-11-02,2022-11-02,2022-11-02
입항,2022,1,4243,300,2022-11-01,2022-11-01,2022-10-28
출항,2022,1,29974,500,2022-11-01,2022-11-02,2022-10-31
입항,2022,1,2993,85,2022-11-01,2022-11-01,2022-10-31
입항,2022,1,30873,1155,2022-11-01,2022-11-01,2022-10-31
입항,2022,1,12099,220,2022-11-01,2022-11-01,2022-10-31
입항,2022,1,8018,90,2022-11-01,2022-11-01,2022-10-31
출항,2022,1,4956,100,2022-11-01,2022-11-01,2022-10-31
입항,2022,1,7675,120,2022-11-01,2022-11-01,2022-10-31
출항,2022,1,2210,180,2022-11-01,2022-11-01,2022-10-31
출항,2022,1,27976,970,2022-11-01,2022-11-02,2022-10-31
출항,2022,1,30965,500,2022-11-01,2022-11-02,2022-10-31
입항,2022,15,2193,100,2022-11-01,2022-11-01,2022-11-01
입항,2022,27,3887,150,2022-10-31,2022-10-31,2022-10-31
출항,2022,35,2691,1,2022-10-31,2022-10-31,2022-10-28
출항,2022,1,30149,150,2022-10-31,2022-11-01,2022-10-28
입항,2022,1,7098,230,2022-10-31,2022-10-31,2022-10-28
출항,2022,1,4091,120,2022-10-31,2022-10-31,2022-10-28
출항,2022,1,29974,350,2022-10-31,2022-10-31,2022-10-28
입항,2022,1,29806,920,2022-10-31,2022-10-31,2022-10-28
출항,2022,1,31090,500,2022-10-31,2022-11-01,2022-10-31
입항,2022,1,7098,230,2022-10-31,2022-11-01,2022-10-31
출항,2022,1,1637,0,2022-10-31,2022-11-01,2022-10-31
출항,2022,35,2691,1,2022-10-30,2022-10-30,2022-10-28
통과,2022,1,31540,660,2022-10-30,2022-10-31,2022-10-27
입항,2022,2,8270,500,2022-10-30,2022-10-30,2022-10-27
출항,2022,1,28891,800,2022-10-30,2022-10-31,2022-10-28
출항,2022,1,2993,20,2022-10-30,2022-10-30,2022-10-28
입항,2022,1,4605,120,2022-10-30,2022-10-30,2022-10-28
출항,2022,1,7699,60,2022-10-30,2022-10-30,2022-10-28
출항,2022,6,30149,200,2022-10-30,2022-10-31,2022-10-28
출항,2022,1,11634,150,2022-10-29,2022-10-29,2022-10-27
출항,2022,1,28891,800,2022-10-29,2022-10-29,2022-10-28
출항,2022,1,5197,30,2022-10-29,2022-10-29,2022-10-28
출항,2022,1,30040,0,2022-10-29,2022-10-29,2022-10-28
출항,2022,1,7294,240,2022-10-29,2022-10-29,2022-10-28
출항,2022,1,7675,80,2022-10-29,2022-10-29,2022-10-28
출항,2022,1,21238,10,2022-10-28,2022-10-28,2022-10-27
출항,2022,1,5074,100,2022-10-28,2022-10-28,2022-10-27
입항,2022,1,7699,90,2022-10-28,2022-10-28,2022-10-27
출항,2022,1,2696,50,2022-10-28,2022-10-28,2022-10-27
출항,2022,1,4060,100,2022-10-28,2022-10-28,2022-10-27
출항,2022,1,4833,280,2022-10-27,2022-10-27,2022-10-26
출항,2022,1,4060,160,2022-10-27,2022-10-27,2022-10-26
입항,2022,5,3629,1,2022-10-27,2022-10-27,2022-10-26
출항,2022,1,46250,780,2022-10-27,2022-10-27,2022-10-26
출항,2022,1,8294,90,2022-10-27,2022-10-27,2022-10-26
입항,2022,1,29188,300,2022-10-27,2022-10-27,2022-10-26
입항,2022,1,81686,0,2022-10-26,2022-10-27,2022-10-25
입항,2022,1,2517,90,2022-10-26,2022-10-26,2022-10-25
출항,2022,1,4688,207,2022-10-26,2022-10-26,2022-10-25
출항,2022,1,4224,275,2022-10-26,2022-10-27,2022-10-26
출항,2022,1,52506,1450,2022-10-24,2022-10-24,2022-10-19
입항,2022,3,11749,550,2022-10-24,2022-10-24,2022-10-20
입항,2022,5,30149,1000,2022-10-24,2022-10-24,2022-10-20
출항,2022,1,8072,10,2022-10-24,2022-10-24,2022-10-21
입항,2022,1,2579,140,2022-10-24,2022-10-24,2022-10-21
출항,2022,1,37033,500,2022-10-24,2022-10-24,2022-10-21
입항,2022,1,8072,90,2022-10-24,2022-10-24,2022-10-22
입항,2022,1,11988,300,2022-10-24,2022-10-24,2022-10-24
출항,2022,4,2028,66,2022-10-23,2022-10-23,2022-10-20
입항,2022,2,29980,500,2022-10-23,2022-10-23,2022-10-21
입항,2022,1,4247,100,2022-10-23,2022-10-23,2022-10-21
입항,2022,1,21238,290,2022-10-23,2022-10-24,2022-10-21
출항,2022,1,5273,90,2022-10-23,2022-10-23,2022-10-21
출항,2022,1,11290,200,2022-10-23,2022-10-23,2022-10-21
출항,2022,1,5083,35,2022-10-23,2022-10-23,2022-10-22
출항,2022,19,5598,300,2022-10-23,2022-10-23,2022-10-22
입항,2022,1,8577,310,2022-10-23,2022-10-23,2022-10-22
입항,2022,36,2676,4,2022-10-23,2022-10-23,2022-10-22
출항,2022,1,29965,1150,2022-10-22,2022-10-23,2022-10-20
출항,2022,1,8060,250,2022-10-22,2022-10-23,2022-10-21
입항,2022,1,59180,100,2022-10-22,2022-10-22,2022-10-21
입항,2022,1,30971,1200,2022-10-22,2022-10-22,2022-10-21
출항,2022,1,4544,120,2022-10-22,2022-10-22,2022-10-21
입항,2022,1,30108,500,2022-10-22,2022-10-22,2022-10-21
입항,2022,1,7699,90,2022-10-22,2022-10-22,2022-10-21
출항,2022,5,2163,35,2022-10-22,2022-10-22,2022-10-21
출항,2022,9,5546,120,2022-10-22,2022-10-23,2022-10-22
입항,2022,40,2682,100,2022-10-21,2022-10-21,2022-10-20
출항,2022,1,2993,80,2022-10-21,2022-10-21,2022-10-20
통과,2022,1,29463,840,2022-10-21,2022-10-22,2022-10-20
출항,2022,1,6861,100,2022-10-21,2022-10-22,2022-10-21
입항,2022,1,5435,220,2022-10-21,2022-10-22,2022-10-21
입항,2022,1,29289,950,2022-10-20,2022-10-21,2022-10-19
입항,2022,1,4972,100,2022-10-20,2022-10-20,2022-10-19
입항,2022,1,29289,700,2022-10-20,2022-10-20,2022-10-19
출항,2022,1,3910,90,2022-10-20,2022-10-20,2022-10-19
출항,2022,1,5667,280,2022-10-20,2022-10-21,2022-10-19
출항,2022,1,29289,600,2022-10-20,2022-10-21,2022-10-20
출항,2022,1,31150,850,2022-10-20,2022-10-21,2022-10-20
입항,2022,1,4387,38,2022-10-19,2022-10-19,2022-10-17
입항,2022,1,3595,170,2022-10-19,2022-10-19,2022-10-18
출항,2022,1,5060,120,2022-10-19,2022-10-19,2022-10-18
출항,2022,1,7215,100,2022-10-19,2022-10-19,2022-10-18
출항,2022,1,11290,80,2022-10-19,2022-10-19,2022-10-18
출항,2022,1,5060,150,2022-10-19,2022-10-19,2022-10-19
출항,2022,1,3404,100,2022-10-18,2022-10-18,2022-10-17
출항,2022,1,7699,90,2022-10-18,2022-10-18,2022-10-17
출항,2022,1,7699,90,2022-10-18,2022-10-18,2022-10-17
출항,2022,1,2696,80,2022-10-18,2022-10-18,2022-10-17
입항,2022,1,2579,100,2022-10-18,2022-10-18,2022-10-17
입항,2022,24,3185,120,2022-10-17,2022-10-17,2022-10-14
출항,2022,1,3834,100,2022-10-17,2022-10-17,2022-10-14
출항,2022,1,81187,250,2022-10-17,2022-10-17,2022-10-14
입항,2022,1,5197,190,2022-10-17,2022-10-17,2022-10-16
출항,2022,1,4060,110,2022-10-17,2022-10-17,2022-10-16
출항,2022,1,2028,100,2022-10-17,2022-10-17,2022-10-16
입항,2022,1,7699,100,2022-10-17,2022-10-17,2022-10-17
출항,2022,1,29484,700,2022-10-16,2022-10-16,2022-10-14
출항,2022,1,6976,70,2022-10-16,2022-10-17,2022-10-14
입항,2022,1,16179,420,2022-10-16,2022-10-17,2022-10-15
통과,2022,2,16222,0,2022-10-16,2022-10-16,2022-10-15
출항,2022,1,4060,95,2022-10-16,2022-10-16,2022-10-15
출항,2022,1,29575,750,2022-10-15,2022-10-15,2022-10-13
출항,2022,1,4833,140,2022-10-15,2022-10-15,2022-10-14
입항,2022,1,6976,70,2022-10-15,2022-10-15,2022-10-14
출항,2022,1,4060,100,2022-10-15,2022-10-15,2022-10-14
출항,2022,1,4060,90,2022-10-15,2022-10-15,2022-10-14
입항,2022,1,30010,600,2022-10-14,2022-10-15,2022-10-12
입항,2022,1,25400,300,2022-10-14,2022-10-14,2022-10-13
출항,2022,1,4164,160,2022-10-14,2022-10-14,2022-10-13
출항,2022,1,4126,100,2022-10-14,2022-10-14,2022-10-13
출항,2022,1,11918,500,2022-10-14,2022-10-15,2022-10-13
입항,2022,1,5025,40,2022-10-14,2022-10-15,2022-10-14
입항,2022,1,2997,200,2022-10-14,2022-10-15,2022-10-14
출항,2022,1,47342,1000,2022-10-12,2022-10-13,2022-10-07
입항,2022,1,29479,400,2022-10-12,2022-10-12,2022-10-11
입항,2022,1,7271,230,2022-10-12,2022-10-12,2022-10-11
출항,2022,24,4040,50,2022-10-12,2022-10-12,2022-10-11
입항,2022,1,11954,410,2022-10-12,2022-10-12,2022-10-11
출항,2022,2,3376,150,2022-10-12,2022-10-12,2022-10-12
출항,2022,1,4812,20,2022-10-11,2022-10-11,2022-10-07
출항,2022,1,15848,300,2022-10-11,2022-10-11,2022-10-07
출항,2022,1,7294,60,2022-10-11,2022-10-11,2022-10-07
통과,2022,1,9068,180,2022-10-11,2022-10-11,2022-10-07
출항,2022,1,4301,200,2022-10-11,2022-10-12,2022-10-07
입항,2022,1,8263,500,2022-10-11,2022-11-11,2022-11-04
입항,2022,5,7064,150,2022-10-10,2022-10-10,2022-10-07
출항,2022,1,48167,1500,2022-10-10,2022-10-10,2022-10-07
출항,2022,1,8504,200,2022-10-10,2022-10-10,2022-10-07
입항,2022,1,6961,210,2022-10-10,2022-10-10,2022-10-07
입항,2022,1,6961,80,2022-10-10,2022-10-10,2022-10-07
입항,2022,1,29588,450,2022-10-10,2022-10-10,2022-10-07
출항,2022,1,4543,20,2022-10-09,2022-10-09,2022-10-07
입항,2022,1,28517,400,2022-10-09,2022-10-09,2022-10-07
입항,2022,1,4605,0,2022-10-09,2022-10-09,2022-10-07
입항,2022,1,2635,80,2022-10-09,2022-10-09,2022-10-08
출항,2022,1,62917,200,2022-10-08,2022-10-08,2022-10-07
입항,2022,1,62782,300,2022-10-07,2022-10-07,2022-10-06
출항,2022,5,15876,510,2022-10-07,2022-10-07,2022-10-06
입항,2022,27,3765,120,2022-10-06,2022-10-06,2022-10-06
입항,2022,1,62917,200,2022-10-06,2022-10-06,2022-10-05
입항,2022,7,2688,50,2022-10-06,2022-10-06,2022-10-05
출항,2022,1,16222,300,2022-10-04,2022-10-13,2022-09-30
출항,2022,1,30040,400,2022-10-04,2022-10-04,2022-09-30
입항,2022,1,4060,60,2022-10-04,2022-10-04,2022-09-30
출항,2022,1,62615,0,2022-10-04,2022-10-04,2022-10-03
입항,2022,1,11919,400,2022-10-03,2022-10-03,2022-09-30
입항,2022,1,2999,100,2022-10-03,2022-10-03,2022-09-30
출항,2022,1,16448,130,2022-10-03,2022-10-03,2022-09-30
출항,2022,1,29671,1140,2022-10-03,2022-10-04,2022-09-30
출항,2022,1,154449,300,2022-10-03,2022-10-04,2022-09-30
출항,2022,1,6998,100,2022-10-03,2022-10-03,2022-10-02
출항,2022,1,4960,100,2022-10-03,2022-10-03,2022-10-03
출항,2022,2,8050,750,2022-10-02,2022-10-02,2022-09-29
출항,2022,1,4239,200,2022-10-02,2022-10-02,2022-09-30
출항,2022,1,4040,150,2022-10-02,2022-10-02,2022-09-30
출항,2022,1,7072,370,2022-10-02,2022-10-02,2022-09-30
입항,2022,18,5598,60,2022-10-02,2022-10-02,2022-09-30
입항,2022,1,2696,90,2022-10-02,2022-10-02,2022-09-30
입항,2022,1,3910,70,2022-10-02,2022-10-03,2022-09-30
입항,2022,4,30945,494,2022-10-02,2022-10-03,2022-09-30
출항,2022,1,29460,0,2022-10-02,2022-10-02,2022-10-01
출항,2022,1,8242,350,2022-10-02,2022-10-03,2022-10-02
출항,2022,4,2999,0,2022-10-01,2022-10-01,2022-09-29
출항,2022,1,7424,400,2022-10-01,2022-09-01,2022-09-29
입항,2022,1,2438,10,2022-10-01,2022-10-01,2022-09-30
출항,2022,13,2497,30,2022-10-01,2022-10-01,2022-09-30
출항,2022,1,49997,900,2022-10-01,2022-10-01,2022-09-30
출항,2022,1,162203,500,2022-10-01,2022-10-02,2022-09-30
출항,2022,1,5961,235,2022-10-01,2022-10-03,2022-09-30
출항,2022,1,30049,400,2022-10-01,2022-10-02,2022-09-30
입항,2022,1,8499,340,2022-10-01,2022-10-01,2022-09-30
출항,2022,1,3575,150,2022-10-01,2022-10-01,2022-09-30
입항,2022,1,9800,150,2022-10-01,2022-10-01,2022-09-30
입항,2022,1,8242,150,2022-10-01,2022-10-01,2022-09-30
출항,2022,1,7699,100,2022-10-01,2022-10-01,2022-09-30
입항,2022,2,29935,1020,2022-09-30,2022-09-30,2022-09-28
출항,2022,1,8271,300,2022-09-30,2022-09-30,2022-09-29
출항,2022,1,49997,900,2022-09-30,2022-09-30,2022-09-29
출항,2022,1,5197,35,2022-09-30,2022-09-30,2022-09-29
입항,2022,1,3575,150,2022-09-30,2022-09-30,2022-09-29
출항,2022,1,27993,250,2022-09-30,2022-10-01,2022-09-29
입항,2022,4,2999,0,2022-09-30,2022-09-30,2022-09-30
입항,2022,1,2993,100,2022-09-30,2022-09-30,2022-09-30
출항,2022,1,42750,1000,2022-09-30,2022-10-01,2022-09-30
출항,2022,1,114221,100,2022-09-29,2022-09-29,2022-09-19
출항,2022,1,114221,500,2022-09-29,2022-09-29,2022-09-28
입항,2022,1,30263,500,2022-09-29,2022-09-29,2022-09-28
출항,2022,7,3377,50,2022-09-29,2022-09-29,2022-09-28
출항,2022,1,2946,142,2022-09-29,2022-09-29,2022-09-28
통과,2022,1,48858,1200,2022-09-29,2022-09-29,2022-09-28
출항,2022,2,24634,1200,2022-09-29,2022-09-29,2022-09-28
입항,2022,1,33355,1000,2022-09-29,2022-09-30,2022-09-28
입항,2022,1,154449,300,2022-09-29,2022-09-30,2022-09-29
입항,2022,30,2101,80,2022-09-29,2022-09-29,2022-09-28
입항,2022,1,5667,250,2022-09-28,2022-09-28,2022-09-26
입항,2022,4,11988,400,2022-09-28,2022-09-28,2022-09-27
출항,2022,1,3887,150,2022-09-28,2022-09-28,2022-09-27
출항,2022,1,7675,100,2022-09-28,2022-09-28,2022-09-27
입항,2022,1,29597,420,2022-09-28,2022-09-28,2022-09-27
출항,2022,3,5760,380,2022-09-27,2022-09-27,2022-09-21
출항,2022,2,7411,300,2022-09-27,2022-09-27,2022-09-21
출항,2022,4,21326,250,2022-09-27,2022-09-27,2022-09-22
출항,2022,1,16232,100,2022-09-27,2022-09-28,2022-09-26
입항,2022,1,154449,400,2022-09-27,2022-09-27,2022-09-26
출항,2022,1,16803,800,2022-09-27,2022-09-27,2022-09-26
출항,2022,1,30873,430,2022-09-27,2022-09-27,2022-09-26
출항,2022,1,114221,1800,2022-09-27,2022-09-28,2022-09-26
입항,2022,1,5457,250,2022-09-27,2022-09-27,2022-09-26
출항,2022,1,29940,685,2022-09-26,2022-09-27,2022-09-20
출항,2022,1,29940,685,2022-09-26,2022-09-27,2022-09-23
통과,2022,1,17019,420,2022-09-26,2022-09-26,2022-09-23
출항,2022,1,4543,160,2022-09-26,2022-09-26,2022-09-23
입항,2022,1,5457,100,2022-09-26,2022-09-26,2022-09-23
입항,2022,1,4387,20,2022-09-26,2022-09-26,2022-09-23
출항,2022,1,30873,550,2022-09-26,2022-09-23,2022-09-23
출항,2022,1,2997,140,2022-09-26,2022-09-26,2022-09-25
입항,2022,1,3435,190,2022-09-26,2022-09-27,2022-09-25
출항,2022,1,4241,170,2022-09-26,2022-09-26,2022-09-25
통과,2022,1,8254,200,2022-09-26,2022-09-27,2022-09-26
입항,2022,1,28777,100,2022-09-26,2022-09-27,2022-09-26
출항,2022,1,2106,115,2022-09-26,2022-09-26,2022-09-26
입항,2022,1,5961,495,2022-09-25,2022-09-26,2022-09-23
출항,2022,1,2999,20,2022-09-25,2022-09-25,2022-09-23
출항,2022,1,30027,620,2022-09-25,2022-09-25,2022-09-23
통과,2022,1,50468,1190,2022-09-24,2022-09-24,2022-09-23
출항,2022,1,3038,90,2022-09-24,2022-09-24,2022-09-23
출항,2022,1,29447,500,2022-09-24,2022-09-23,2022-09-23
입항,2022,1,2579,30,2022-09-24,2022-09-24,2022-09-23
출항,2022,21,3038,95,2022-09-24,2022-09-24,2022-09-23
입항,2022,1,8577,150,2022-09-24,2022-09-25,2022-09-23
출항,2022,1,2210,100,2022-09-24,2022-09-24,2022-09-23
출항,2022,1,66982,0,2022-09-24,2022-09-24,2022-09-23
출항,2022,1,12105,0,2022-09-23,2022-09-23,2022-09-16
입항,2022,1,29266,600,2022-09-23,2022-09-23,2022-09-21
출항,2022,1,29712,1000,2022-09-23,2022-09-22,2022-09-22
출항,2022,1,4261,180,2022-09-23,2022-09-23,2022-09-22
입항,2022,1,29708,500,2022-09-23,2022-09-23,2022-09-22
출항,2022,1,5197,210,2022-09-23,2022-09-23,2022-09-22
출항,2022,1,7333,100,2022-09-23,2022-09-23,2022-09-22
출항,2022,1,2490,80,2022-09-23,2022-09-23,2022-09-22
통과,2022,1,50468,900,2022-09-23,2022-09-23,2022-09-22
출항,2022,1,12105,0,2022-09-23,2022-09-23,2022-09-22
출항,2022,1,4833,0,2022-09-23,2022-09-23,2022-09-22
출항,2022,1,2490,150,2022-09-23,2022-09-24,2022-09-23
입항,2022,1,8539,100,2022-09-23,2022-09-24,2022-09-23
출항,2022,1,85504,800,2022-09-23,2022-09-24,2022-09-23
입항,2022,1,62684,100,2022-09-23,2022-09-24,2022-09-23
입항,2022,1,7233,480,2022-09-22,2022-09-22,2022-09-16
출항,2022,1,4040,80,2022-09-22,2022-09-22,2022-09-20
입항,2022,1,7675,150,2022-09-22,2022-09-22,2022-09-21
출항,2022,1,4972,200,2022-09-22,2022-09-22,2022-09-21
입항,2022,22,2193,125,2022-09-22,2022-09-22,2022-09-21
출항,2022,1,3430,100,2022-09-22,2022-09-22,2022-09-21
입항,2022,1,30523,200,2022-09-22,2022-09-22,2022-09-21
통과,2022,1,4833,20,2022-09-22,2022-09-22,2022-09-21
출항,2022,1,29770,100,2022-09-22,2022-09-23,2022-09-21
입항,2022,1,4387,170,2022-09-22,2022-09-23,2022-09-22
입항,2022,11,4387,170,2022-09-22,2022-09-23,2022-09-22
출항,2022,20,2700,70,2022-09-22,2022-09-23,2022-09-22
출항,2022,1,5060,200,2022-09-22,2022-09-23,2022-09-22
출항,2022,1,3629,1,2022-09-22,2022-09-23,2022-09-22
입항,2022,30,2110,30,2022-09-22,2022-09-22,2022-09-21
입항,2022,36,2682,85,2022-09-22,2022-09-23,2022-09-22
출항,2022,1,2579,150,2022-09-21,2022-09-21,2022-09-20
입항,2022,20,3834,125,2022-09-21,2022-09-20,2022-09-20
입항,2022,1,7217,250,2022-09-21,2022-09-21,2022-09-20
출항,2022,1,3109,40,2022-09-21,2022-09-21,2022-09-20
입항,2022,1,30965,500,2022-09-20,2022-09-20,2022-09-19
출항,2022,1,8259,180,2022-09-20,2022-09-27,2022-09-27
출항,2022,4,5347,400,2022-09-17,2022-09-17,2022-09-15
출항,2022,1,8294,350,2022-09-17,2022-09-17,2022-09-15
입항,2022,1,2999,200,2022-09-17,2022-09-17,2022-09-16
출항,2022,1,4544,180,2022-09-17,2022-09-17,2022-09-16
출항,2022,1,3115,65,2022-09-17,2022-09-17,2022-09-16
통과,2022,1,40341,570,2022-09-17,2022-09-17,2022-09-16
입항,2022,5,4416,170,2022-09-17,2022-09-17,2022-09-16
입항,2022,1,29723,750,2022-09-17,2022-09-17,2022-09-16
출항,2022,1,5347,400,2022-09-17,2022-09-17,2022-09-16
출항,2022,1,5347,400,2022-09-17,2022-09-17,2022-09-16
출항,2022,1,4126,80,2022-09-17,2022-09-17,2022-09-16
출항,2022,1,2106,0,2022-09-17,2022-09-17,2022-09-17
출항,2022,2,24409,720,2022-09-16,2022-09-17,2022-09-12
입항,2022,23,2690,0,2022-09-16,2022-09-16,2022-09-15
출항,2022,1,8072,200,2022-09-16,2022-09-16,2022-09-15
출항,2022,1,2991,100,2022-09-16,2022-09-16,2022-09-16
통과,2022,1,35607,800,2022-09-15,2022-09-16,2022-09-14
입항,2022,1,8072,200,2022-09-14,2022-09-14,2022-09-13
출항,2022,1,4417,100,2022-09-14,2022-09-14,2022-09-13
출항,2022,1,3910,80,2022-09-14,2022-09-14,2022-09-13
출항,2022,1,7215,100,2022-09-14,2022-09-14,2022-09-13
입항,2022,1,3109,40,2022-09-14,2022-09-14,2022-09-13
출항,2022,27,2101,10,2022-09-13,2022-09-13,2022-09-08
출항,2022,20,2438,1,2022-09-13,2022-09-13,2022-09-08
출항,2022,1,4387,100,2022-09-13,2022-09-13,2022-09-08
출항,2022,1,3380,150,2022-09-13,2022-09-13,2022-09-08
출항,2022,4,28131,200,2022-09-13,2022-09-13,2022-09-11
출항,2022,1,5758,190,2022-09-13,2022-09-12,2022-09-12
출항,2022,2,11590,0,2022-09-13,2022-09-13,2022-09-12
출항,2022,30,2691,1,2022-09-13,2022-09-13,2022-09-08
출항,2022,1,6288,160,2022-09-12,2022-09-13,2022-09-08
출항,2022,19,2700,40,2022-09-12,2022-09-12,2022-09-08
입항,2022,1,29513,160,2022-09-12,2022-09-12,2022-09-08
출항,2022,1,28777,650,2022-09-12,2022-09-13,2022-09-09
출항,2022,1,2823,200,2022-09-12,2022-09-12,2022-09-11
출항,2022,1,57237,700,2022-09-12,2022-09-13,2022-09-12
출항,2022,1,47342,700,2022-09-12,2022-10-13,2022-10-07
출항,2022,2,24409,720,2022-09-11,2022-09-11,2022-09-07
입항,2022,1,4543,30,2022-09-11,2022-09-12,2022-09-08
입항,2022,13,5598,1,2022-09-11,2022-09-11,2022-09-08
입항,2022,1,29513,840,2022-09-11,2022-09-11,2022-09-08
출항,2022,1,30042,685,2022-09-11,2022-09-11,2022-09-08
출항,2022,20,3038,60,2022-09-11,2022-09-11,2022-09-08
출항,2022,1,7240,0,2022-09-11,2022-09-11,2022-09-08
출항,2022,1,48022,500,2022-09-11,2022-09-12,2022-09-08
출항,2022,1,5197,150,2022-09-11,2022-09-11,2022-09-09
출항,2022,1,3038,60,2022-09-11,2022-09-11,2022-09-09
출항,2022,1,5598,0,2022-09-11,2022-09-12,2022-09-09
출항,2022,1,3376,150,2022-09-11,2022-09-11,2022-09-10
출항,2022,1,57237,700,2022-09-11,2022-09-12,2022-09-10
입항,2022,1,7240,320,2022-09-11,2022-09-11,2022-09-11
출항,2022,1,2304,320,2022-09-11,2022-09-11,2022-09-11
출항,2022,1,19899,500,2022-09-10,2022-09-10,2022-09-07
출항,2022,1,4091,100,2022-09-10,2022-09-11,2022-09-08
출항,2022,1,12075,450,2022-09-10,2022-09-10,2022-09-08
입항,2022,1,29723,500,2022-09-10,2022-09-10,2022-09-08
입항,2022,1,7675,150,2022-09-10,2022-09-10,2022-09-09
입항,2022,1,7675,0,2022-09-10,2022-09-11,2022-09-09
입항,2022,1,7561,150,2022-09-10,2022-09-11,2022-09-10
입항,2022,11,3376,11,2022-09-09,2022-09-09,2022-09-07
출항,2022,1,29168,300,2022-09-09,2022-09-09,2022-09-07
출항,2022,8,3376,0,2022-09-09,2022-09-09,2022-09-07
출항,2022,1,4304,0,2022-09-09,2022-09-09,2022-09-07
입항,2022,1,29994,500,2022-09-09,2022-09-09,2022-09-08
출항,2022,1,5667,450,2022-09-09,2022-09-09,2022-09-08
출항,2022,1,5173,100,2022-09-09,2022-09-09,2022-09-08
출항,2022,1,7294,130,2022-09-09,2022-09-09,2022-09-08
출항,2022,3,2999,0,2022-09-09,2022-09-09,2022-09-08
입항,2022,1,57237,950,2022-09-09,2022-09-09,2022-09-08
출항,2022,1,4060,90,2022-09-09,2022-09-09,2022-09-08
출항,2022,1,2993,80,2022-09-09,2022-09-09,2022-09-08
입항,2022,1,3115,65,2022-09-09,2022-09-17,2022-09-16
출항,2022,2,52506,2000,2022-09-08,2022-09-08,2022-09-02
입항,2022,1,64605,800,2022-09-08,2022-09-08,2022-09-06
통과,2022,1,82605,1000,2022-09-08,2022-09-08,2022-09-06
입항,2022,11,2999,193,2022-09-08,2022-09-08,2022-09-06
출항,2022,11,2999,193,2022-09-08,2022-09-08,2022-09-07
출항,2022,1,4304,163,2022-09-08,2022-09-08,2022-09-07
출항,2022,1,4040,150,2022-09-08,2022-09-08,2022-09-07
입항,2022,20,3038,40,2022-09-08,2022-09-08,2022-09-07
출항,2022,1,29000,500,2022-09-08,2022-09-08,2022-09-07
출항,2022,1,5060,100,2022-09-08,2022-09-08,2022-09-07
출항,2022,15,5376,330,2022-09-08,2022-09-08,2022-09-07
입항,2022,1,5453,250,2022-09-08,2022-09-09,2022-09-07
출항,2022,1,2696,80,2022-09-08,2022-09-08,2022-09-07
입항,2022,1,48858,1015,2022-09-08,2022-09-08,2022-09-07
입항,2022,1,14927,1000,2022-09-08,2022-09-09,2022-09-07
입항,2022,1,29304,700,2022-09-08,2022-09-08,2022-09-07
통과,2022,1,6976,270,2022-09-08,2022-09-08,2022-09-07
입항,2022,1,29994,150,2022-09-08,2022-09-09,2022-09-08
출항,2022,1,5945,75,2022-09-08,2022-09-09,2022-09-08
출항,2022,1,29939,1120,2022-09-08,2022-09-09,2022-09-08
입항,2022,1,7333,90,2022-09-08,2022-09-09,2022-09-08
출항,2022,1,1998,1,2022-09-08,2022-09-15,2022-09-15
통과,2022,1,82605,1000,2022-09-07,2022-09-08,2022-09-02
통과,2022,1,82605,1000,2022-09-07,2022-09-07,2022-09-02
입항,2022,1,29993,200,2022-09-07,2022-09-07,2022-09-06
입항,2022,1,27916,600,2022-09-07,2022-09-07,2022-09-06
출항,2022,1,55863,800,2022-09-07,2022-09-08,2022-09-06
출항,2022,1,8539,150,2022-09-07,2022-09-07,2022-09-06
입항,2022,1,4304,163,2022-09-07,2022-09-08,2022-09-06
입항,2022,46,4060,150,2022-09-07,2022-09-07,2022-09-07
통과,2022,5,5201,150,2022-09-07,2022-09-08,2022-09-07
출항,2022,5,4416,30,2022-09-07,2022-09-08,2022-09-07
출항,2022,1,5025,20,2022-09-07,2022-09-08,2022-09-07
입항,2022,1,8216,200,2022-09-07,2022-09-08,2022-09-07
출항,2022,1,11925,730,2022-09-07,2022-10-08,2022-10-07
입항,2022,5,2695,21,2022-09-02,2022-08-02,2022-08-30
출항,2022,3,11988,300,2022-09-02,2022-09-03,2022-08-31
출항,2022,8,2993,90,2022-09-02,2022-09-02,2022-08-31
출항,2022,11,2362,200,2022-09-02,2022-09-03,2022-09-01
출항,2022,9,2369,110,2022-09-02,2022-09-02,2022-09-01
출항,2022,1,2210,80,2022-09-02,2022-09-02,2022-09-01
입항,2022,1,5197,50,2022-09-01,2022-09-01,2022-08-31
입항,2022,1,28754,100,2022-08-31,2022-09-01,2022-08-30
입항,2022,1,28754,100,2022-08-31,2022-09-01,2022-08-30
출항,2022,1,7002,350,2022-08-31,2022-08-31,2022-08-30
출항,2022,23,2761,130,2022-08-31,2022-08-31,2022-08-30
출항,2022,1,5758,150,2022-08-31,2022-08-31,2022-08-30
출항,2022,1,8499,170,2022-08-30,2022-08-30,2022-08-29
통과,2022,1,81072,1700,2022-08-30,2022-08-31,2022-08-29
입항,2022,1,55863,0,2022-08-30,2022-08-30,2022-08-29
입항,2022,1,24140,900,2022-08-30,2022-08-30,2022-08-29
입항,2022,31,3910,100,2022-08-30,2022-08-30,2022-08-29
통과,2022,1,30048,1200,2022-08-29,2022-08-29,2022-08-25
입항,2022,1,7751,100,2022-08-29,2022-08-30,2022-08-25
출항,2022,1,30237,800,2022-08-29,2022-08-30,2022-08-26
출항,2022,1,3910,100,2022-08-29,2022-08-29,2022-08-26
입항,2022,1,3910,80,2022-08-29,2022-08-29,2022-08-26
출항,2022,6,5487,215,2022-08-29,2022-08-29,2022-08-28
입항,2022,6,2688,170,2022-08-29,2022-08-28,2022-08-28
출항,2022,8,5487,215,2022-08-29,2022-08-30,2022-08-29
출항,2022,1,3910,100,2022-08-29,2022-08-30,2022-08-29
입항,2022,1,3079,200,2022-08-28,2022-08-29,2022-08-25
입항,2022,1,4544,80,2022-08-28,2022-08-28,2022-08-26
입항,2022,1,8499,300,2022-08-28,2022-08-28,2022-08-26
출항,2022,1,31004,1000,2022-08-28,2022-08-29,2022-08-27
입항,2022,1,2579,50,2022-08-28,2022-08-28,2022-08-28
입항,2022,1,29646,550,2022-08-27,2022-08-27,2022-08-26
출항,2022,1,63497,1830,2022-08-27,2022-08-27,2022-08-26
입항,2022,1,60205,2100,2022-08-27,2022-08-27,2022-08-26
출항,2022,1,3595,190,2022-08-27,2022-08-27,2022-08-26
입항,2022,1,7072,150,2022-08-27,2022-08-27,2022-08-26
입항,2022,5,2249,150,2022-08-27,2022-08-27,2022-08-26
입항,2022,24,2101,1,2022-08-26,2022-08-27,2022-08-18
출항,2022,1,4833,20,2022-08-26,2022-08-26,2022-08-25
입항,2022,1,62397,700,2022-08-26,2022-08-27,2022-08-25
출항,2022,8,2369,100,2022-08-26,2022-08-26,2022-08-25
출항,2022,1,4060,180,2022-08-26,2022-08-26,2022-08-25
출항,2022,1,4387,80,2022-08-26,2022-08-26,2022-08-25
출항,2022,1,29266,700,2022-08-26,2022-08-26,2022-08-25
입항,2022,1,4159,350,2022-08-26,2022-08-26,2022-08-25
입항,2022,1,57451,1200,2022-08-26,2022-08-26,2022-08-25
입항,2022,1,4060,80,2022-08-26,2022-08-26,2022-08-26
입항,2022,1,2993,70,2022-08-26,2022-08-27,2022-08-26
출항,2022,16,3887,250,2022-08-25,2022-08-25,2022-08-24
출항,2022,1,55898,850,2022-08-25,2022-08-25,2022-08-22
입항,2022,1,35853,600,2022-08-25,2022-08-25,2022-08-23
출항,2022,1,29751,800,2022-08-25,2022-08-25,2022-08-24
출항,2022,1,114221,1000,2022-08-24,2022-08-24,2022-08-18
입항,2022,1,7675,500,2022-08-24,2022-08-24,2022-08-24
출항,2022,1,4040,100,2022-08-24,2022-08-24,2022-08-23
출항,2022,1,29472,150,2022-08-24,2022-08-24,2022-08-23
출항,2022,1,2691,30,2022-08-24,2022-08-24,2022-08-23
출항,2022,1,7215,50,2022-08-24,2022-08-24,2022-08-23
출항,2022,1,4960,180,2022-08-24,2022-08-24,2022-08-23
출항,2022,1,29846,700,2022-08-23,2022-08-23,2022-08-22
입항,2022,9,3376,110,2022-08-23,2022-08-23,2022-08-22
출항,2022,5,5083,190,2022-08-23,2022-08-23,2022-08-22
출항,2022,1,5060,200,2022-08-23,2022-08-23,2022-08-23
출항,2022,1,18722,400,2022-08-22,2022-08-23,2022-08-18
입항,2022,1,7301,150,2022-08-22,2022-08-22,2022-08-19
출항,2022,1,2059,85,2022-08-22,2022-08-22,2022-08-19
입항,2022,1,28426,560,2022-08-22,2022-08-22,2022-08-19
입항,2022,9,2999,0,2022-08-22,2022-08-22,2022-08-21
입항,2022,1,2993,60,2022-08-21,2022-08-21,2022-08-19
출항,2022,1,5376,230,2022-08-21,2022-08-21,2022-08-19
출항,2022,2,5173,100,2022-08-21,2022-08-21,2022-08-20
출항,2022,23,2210,150,2022-08-21,2022-08-22,2022-08-21
출항,2022,1,4456,300,2022-08-20,2022-08-20,2022-08-17
출항,2022,1,7072,140,2022-08-20,2022-08-20,2022-08-19
입항,2022,1,29063,600,2022-08-20,2022-08-21,2022-08-19
입항,2022,1,29846,300,2022-08-20,2022-08-21,2022-08-19
입항,2022,4,16445,210,2022-08-19,2022-08-19,2022-08-16
출항,2022,1,3038,150,2022-08-19,2022-08-19,2022-08-18
출항,2022,1,3887,200,2022-08-19,2022-08-19,2022-08-18
입항,2022,1,12101,700,2022-08-19,2022-08-19,2022-08-18
출항,2022,4,16445,210,2022-08-19,2022-08-20,2022-08-19
출항,2022,1,15818,270,2022-08-19,2022-08-19,2022-08-19
출항,2022,1,12101,610,2022-08-19,2022-08-20,2022-08-19
출항,2022,3,25400,500,2022-08-18,2022-08-18,2022-08-17
입항,2022,2,29684,950,2022-08-18,2022-08-18,2022-08-17
입항,2022,1,2999,110,2022-08-18,2022-08-18,2022-08-17
입항,2022,1,29684,950,2022-08-18,2022-08-18,2022-08-17
입항,2022,1,8018,260,2022-08-18,2022-08-18,2022-08-17
출항,2022,8,2498,240,2022-08-18,2022-08-18,2022-08-17
입항,2022,1,29557,460,2022-08-18,2022-08-18,2022-08-17
입항,2022,1,3910,100,2022-08-18,2022-08-18,2022-08-17
출항,2022,1,3910,80,2022-08-18,2022-08-18,2022-08-17
출항,2022,1,30873,1000,2022-08-17,2022-08-18,2022-08-16
입항,2022,2,26364,300,2022-08-17,2022-08-18,2022-08-16
입항,2022,1,44400,100,2022-08-17,2022-08-17,2022-08-16
입항,2022,1,29684,300,2022-08-17,2022-08-17,2022-08-16
입항,2022,1,154792,700,2022-08-17,2022-08-18,2022-08-16
통과,2022,1,30965,315,2022-08-17,2022-08-17,2022-08-16
통과,2022,6,16458,0,2022-08-17,2022-08-17,2022-08-16
출항,2022,3,25400,500,2022-08-17,2022-08-17,2022-08-16
입항,2022,22,2690,0,2022-08-16,2022-08-16,2022-08-12
통과,2022,1,3384,164,2022-08-16,2022-08-16,2022-08-13
출항,2022,1,5667,200,2022-08-16,2022-08-16,2022-08-15
입항,2022,1,3678,140,2022-08-16,2022-08-17,2022-08-16
출항,2022,2,7745,480,2022-08-15,2022-08-15,2022-08-09
통과,2022,1,30965,320,2022-08-15,2022-08-16,2022-08-12
입항,2022,11,2695,30,2022-08-15,2022-08-15,2022-08-12
출항,2022,1,29266,300,2022-08-15,2022-08-15,2022-08-12
입항,2022,1,2579,150,2022-08-15,2022-08-16,2022-08-12
출항,2022,1,8254,210,2022-08-15,2022-08-16,2022-08-14
출항,2022,1,29266,710,2022-08-15,2022-08-16,2022-08-14
출항,2022,1,7745,450,2022-08-14,2022-08-15,2022-08-11
출항,2022,1,11645,300,2022-08-14,2022-08-15,2022-08-12
입항,2022,1,3380,170,2022-08-14,2022-08-14,2022-08-12
통과,2022,1,19391,320,2022-08-14,2022-08-14,2022-08-12
출항,2022,1,47266,1100,2022-08-14,2022-08-14,2022-08-12
출항,2022,1,28517,500,2022-08-14,2022-08-14,2022-08-12
입항,2022,1,5435,235,2022-08-14,2022-08-14,2022-08-12
입항,2022,1,4544,120,2022-08-14,2022-08-15,2022-08-12
입항,2022,1,8254,220,2022-08-14,2022-08-14,2022-08-12
출항,2022,1,3686,100,2022-08-14,2022-08-14,2022-08-13
입항,2022,1,6028,180,2022-08-14,2022-08-14,2022-08-14
출항,2022,1,7333,50,2022-08-14,2022-08-15,2022-08-14
통과,2022,1,62863,800,2022-08-14,2022-08-15,2022-08-14
출항,2022,1,4040,50,2022-08-13,2022-08-13,2022-08-12
입항,2022,1,65830,2550,2022-08-13,2022-08-13,2022-08-12
출항,2022,3,4416,140,2022-08-13,2022-08-13,2022-08-12
출항,2022,1,4239,272,2022-08-13,2022-08-13,2022-08-12
입항,2022,1,5667,100,2022-08-13,2022-08-13,2022-08-12
출항,2022,1,30561,500,2022-08-13,2022-08-13,2022-08-12
입항,2022,1,4688,150,2022-08-13,2022-08-13,2022-08-12
출항,2022,1,24625,1200,2022-08-12,2022-08-12,2022-08-10
출항,2022,18,3595,170,2022-08-12,2022-08-13,2022-08-11
출항,2022,1,63484,1500,2022-08-12,2022-08-13,2022-08-11
출항,2022,2,21316,120,2022-08-12,2022-08-12,2022-08-11
입항,2022,1,4416,150,2022-08-12,2022-08-12,2022-08-11
출항,2022,1,20267,100,2022-08-12,2022-08-12,2022-08-11
입항,2022,1,6823,270,2022-08-12,2022-08-12,2022-08-12
출항,2022,1,48542,500,2022-08-11,2022-08-11,2022-08-06
출항,2022,2,11988,500,2022-08-11,2022-08-11,2022-08-10
입항,2022,1,8018,100,2022-08-11,2022-08-11,2022-08-10
입항,2022,1,7675,30,2022-08-11,2022-08-11,2022-08-10
출항,2022,1,29964,473,2022-08-11,2022-08-12,2022-08-11
출항,2022,22,2690,0,2022-08-11,2022-08-11,2022-08-17
출항,2022,1,16440,160,2022-08-10,2022-08-10,2022-08-08
입항,2022,1,30560,600,2022-08-10,2022-08-10,2022-08-09
입항,2022,1,7072,350,2022-08-10,2022-08-10,2022-08-10
입항,2022,1,63340,1300,2022-08-09,2022-08-10,2022-08-07
출항,2022,1,35853,600,2022-08-09,2022-08-09,2022-08-08
출항,2022,1,5060,100,2022-08-09,2022-08-09,2022-08-08
입항,2022,4,16440,160,2022-08-09,2022-08-09,2022-08-08
출항,2022,1,16232,320,2022-08-09,2022-08-09,2022-08-08
출항,2022,1,3038,50,2022-08-09,2022-08-09,2022-08-08
입항,2022,1,3910,180,2022-08-09,2022-08-10,2022-08-09
입항,2022,1,2999,0,2022-08-09,2022-08-09,2022-08-09
입항,2022,8,3376,11,2022-08-09,2022-09-09,2022-09-06
출항,2022,27,2691,1,2022-08-08,2022-08-09,2022-08-05
입항,2022,27,2691,1,2022-08-08,2022-08-08,2022-08-08
출항,2022,1,8294,200,2022-08-08,2022-08-08,2022-08-05
입항,2022,1,30027,250,2022-08-08,2022-08-08,2022-08-05
입항,2022,1,59705,700,2022-08-08,2022-08-08,2022-08-06
출항,2022,1,22424,100,2022-08-08,2022-08-08,2022-08-07
출항,2022,1,22424,300,2022-08-07,2022-08-07,2022-08-05
출항,2022,16,2700,87,2022-08-07,2022-08-07,2022-08-05
출항,2022,1,29767,500,2022-08-07,2022-08-07,2022-08-05
출항,2022,1,2579,90,2022-08-06,2022-08-06,2022-08-04
출항,2022,1,7687,250,2022-08-06,2022-08-06,2022-08-05
입항,2022,1,7002,160,2022-08-06,2022-08-06,2022-08-05
입항,2022,7,2498,77,2022-08-06,2022-08-06,2022-08-05
출항,2022,1,3834,100,2022-08-06,2022-08-06,2022-08-05
출항,2022,1,28891,720,2022-08-06,2022-08-07,2022-08-05
출항,2022,1,16589,320,2022-08-06,2022-08-06,2022-08-05
입항,2022,1,29225,690,2022-08-06,2022-08-06,2022-08-05
입항,2022,1,2498,77,2022-08-06,2022-08-06,2022-08-05
입항,2022,1,2946,38,2022-08-06,2022-08-06,2022-08-05
출항,2022,1,30501,850,2022-08-06,2022-08-06,2022-08-05
입항,2022,2,6288,100,2022-08-05,2022-08-06,2022-08-04
출항,2022,1,28891,1000,2022-08-05,2022-08-05,2022-08-04
출항,2022,1,28150,1100,2022-08-05,2022-08-05,2022-08-04
입항,2022,1,3575,100,2022-08-05,2022-08-05,2022-08-04
입항,2022,1,60166,1420,2022-08-05,2022-08-05,2022-08-04
입항,2022,1,2583,180,2022-08-05,2022-08-06,2022-08-05
출항,2022,1,4040,100,2022-08-04,2022-08-04,2022-08-01
출항,2022,1,15839,200,2022-08-04,2022-08-04,2022-08-02
입항,2022,1,29289,300,2022-08-04,2022-08-04,2022-08-02
출항,2022,5,5487,198,2022-08-04,2022-08-04,2022-08-02
입항,2022,1,11640,150,2022-08-04,2022-08-04,2022-08-02
출항,2022,1,4543,20,2022-08-04,2022-08-04,2022-08-03
출항,2022,1,52868,850,2022-08-04,2022-08-04,2022-08-03
입항,2022,1,22424,100,2022-08-04,2022-08-04,2022-08-03
입항,2022,1,29767,680,2022-08-04,2022-08-05,2022-08-04
출항,2022,1,4387,100,2022-08-03,2022-08-03,2022-08-01
입항,2022,1,2993,100,2022-08-03,2022-08-04,2022-08-01
입항,2022,1,44218,200,2022-08-03,2022-08-03,2022-08-02
출항,2022,1,9997,400,2022-08-03,2022-08-03,2022-08-02
출항,2022,1,4387,120,2022-08-03,2022-08-03,2022-08-02
입항,2022,1,28777,880,2022-08-03,2022-08-03,2022-08-02
입항,2022,1,28777,880,2022-08-03,2022-08-04,2022-08-02
출항,2022,1,3586,30,2022-08-03,2022-08-03,2022-08-02
출항,2022,1,52868,850,2022-08-02,2022-08-02,2022-07-29
입항,2022,1,28777,880,2022-08-02,2022-08-02,2022-08-01
출항,2022,1,25049,180,2022-08-01,2022-08-01,2022-07-29
출항,2022,1,4040,100,2022-08-01,2022-08-02,2022-07-29
출항,2022,1,26967,500,2022-08-01,2022-08-01,2022-07-29
입항,2022,10,3575,0,2022-08-01,2022-08-01,2022-07-29
출항,2022,1,9616,800,2022-08-01,2022-08-01,2022-07-29
입항,2022,1,25098,950,2022-07-31,2022-08-01,2022-07-28
통과,2022,1,8867,50,2022-07-31,2022-07-31,2022-07-29
입항,2022,1,2193,50,2022-07-31,2022-08-01,2022-07-31
출항,2022,1,25431,730,2022-07-30,2022-07-30,2022-07-29
통과,2022,1,27629,225,2022-07-30,2022-07-30,2022-07-28
출항,2022,1,29597,1000,2022-07-30,2022-07-30,2022-07-28
입항,2022,1,63413,500,2022-07-30,2022-07-31,2022-07-29
통과,2022,1,19391,850,2022-07-30,2022-07-30,2022-07-29
출항,2022,1,64875,0,2022-07-30,2022-07-30,2022-07-29
통과,2022,1,29267,850,2022-07-30,2022-07-30,2022-07-29
통과,2022,1,41841,100,2022-07-29,2022-07-29,2022-07-28
입항,2022,1,27376,630,2022-07-29,2022-07-29,2022-07-28
출항,2022,1,3038,150,2022-07-29,2022-07-29,2022-07-28
입항,2022,16,4972,0,2022-07-29,2022-07-29,2022-07-28
출항,2022,11,5598,1,2022-07-29,2022-07-29,2022-07-28
입항,2022,1,3765,100,2022-07-28,2022-07-28,2022-07-27
출항,2022,1,7687,150,2022-07-28,2022-07-28,2022-07-27
입항,2022,15,3377,0,2022-07-28,2022-07-28,2022-07-28
입항,2022,1,7142,145,2022-07-27,2022-07-27,2022-07-25
출항,2022,1,5667,220,2022-07-27,2022-07-27,2022-07-25
출항,2022,17,4164,170,2022-07-27,2022-07-27,2022-07-26
출항,2022,1,62929,300,2022-07-27,2022-07-27,2022-07-26
출항,2022,1,2823,150,2022-07-27,2022-07-27,2022-07-26
입항,2022,1,5273,200,2022-07-27,2022-07-27,2022-07-26
출항,2022,1,3586,180,2022-07-26,2022-07-26,2022-07-25
출항,2022,26,2691,1,2022-07-26,2022-07-27,2022-07-25
출항,2022,1,6028,200,2022-07-26,2022-07-26,2022-07-25
출항,2022,1,46796,1100,2022-07-25,2022-07-25,2022-07-22
통과,2022,1,82605,1700,2022-07-25,2022-07-25,2022-07-22
입항,2022,1,2696,120,2022-07-25,2022-07-25,2022-07-22
입항,2022,1,6028,200,2022-07-25,2022-07-25,2022-07-22
출항,2022,1,30048,845,2022-07-25,2022-07-25,2022-07-22
입항,2022,1,62863,200,2022-07-25,2022-07-26,2022-07-22
출항,2022,1,4416,100,2022-07-25,2022-07-25,2022-07-23
입항,2022,8,2497,110,2022-07-25,2022-07-24,2022-07-24
입항,2022,4,4515,30,2022-07-25,2022-07-25,2022-07-24
출항,2022,10,5060,200,2022-07-25,2022-07-25,2022-07-24
출항,2022,1,7234,390,2022-07-25,2022-07-26,2022-07-25
출항,2022,19,2403,1,2022-07-24,2022-07-25,2022-07-22
통과,2022,1,48714,685,2022-07-24,2022-07-24,2022-07-22
입항,2022,1,9800,100,2022-07-24,2022-07-22,2022-07-22
입항,2022,1,4833,275,2022-07-24,2022-07-24,2022-07-22
출항,2022,22,2403,1,2022-07-24,2022-07-24,2022-07-23
출항,2022,1,2698,125,2022-07-24,2022-07-25,2022-07-24
출항,2022,11,2997,150,2022-07-23,2022-07-23,2022-07-21
출항,2022,1,4040,50,2022-07-23,2022-07-23,2022-07-21
출항,2022,1,29429,200,2022-07-23,2022-07-24,2022-07-21
출항,2022,6,2369,80,2022-07-23,2022-07-23,2022-07-22
출항,2022,1,7072,300,2022-07-23,2022-07-23,2022-07-22
입항,2022,1,8539,150,2022-07-23,2022-07-23,2022-07-22
입항,2022,1,29767,450,2022-07-23,2022-07-24,2022-07-22
출항,2022,1,4175,210,2022-07-23,2022-07-24,2022-07-22
입항,2022,2,29681,1000,2022-07-23,2022-07-23,2022-07-22
출항,2022,1,3096,100,2022-07-23,2022-07-23,2022-07-22
출항,2022,1,7333,200,2022-07-22,2022-07-22,2022-07-21
출항,2022,1,4833,40,2022-07-22,2022-07-22,2022-07-21
출항,2022,1,29744,500,2022-07-22,2022-07-22,2022-07-21
출항,2022,1,3038,100,2022-07-22,2022-07-27,2022-07-27
입항,2022,1,25049,590,2022-07-22,2022-07-29,2022-07-29
출항,2022,1,29744,200,2022-07-21,2022-07-21,2022-07-19
입항,2022,20,2101,1,2022-07-21,2022-07-21,2022-07-19
출항,2022,2,3079,205,2022-07-21,2022-07-21,2022-07-20
입항,2022,1,30561,830,2022-07-21,2022-07-22,2022-07-20
입항,2022,1,29935,500,2022-07-21,2022-07-21,2022-07-20
출항,2022,1,58418,100,2022-07-20,2022-07-20,2022-07-19
출항,2022,1,9691,500,2022-07-20,2022-07-20,2022-07-19
입항,2022,1,15,150,2022-07-20,2022-07-21,2022-07-20
출항,2022,1,7219,530,2022-07-20,2022-07-20,2022-07-19
출항,2022,1,5422,80,2022-07-20,2022-07-20,2022-07-19
입항,2022,1,28426,500,2022-07-20,2022-07-20,2022-07-19
출항,2022,1,7240,150,2022-07-20,2022-07-20,2022-07-20
입항,2022,1,28426,500,2022-07-20,2022-07-20,2022-07-20
출항,2022,1,29597,0,2022-07-19,2022-07-19,2022-07-18
출항,2022,1,3910,150,2022-07-19,2022-07-19,2022-07-18
입항,2022,1,15192,50,2022-07-19,2022-07-19,2022-07-18
입항,2022,1,6861,250,2022-07-19,2022-07-19,2022-07-18
입항,2022,1,29681,750,2022-07-19,2022-07-19,2022-07-18
출항,2022,1,3428,200,2022-07-19,2022-07-19,2022-07-19
통과,2022,4,28891,750,2022-07-18,2022-07-18,2022-07-15
출항,2022,1,4972,100,2022-07-18,2022-07-18,2022-07-18
입항,2022,1,3575,90,2022-07-18,2022-07-18,2022-07-15
출항,2022,1,9797,250,2022-07-18,2022-07-18,2022-07-18
입항,2022,1,29681,830,2022-07-18,2022-07-18,2022-07-18
통과,2022,1,43687,800,2022-07-17,2022-07-17,2022-07-04
출항,2022,1,11580,200,2022-07-17,2022-07-17,2022-07-15
입항,2022,1,2993,100,2022-07-17,2022-07-17,2022-07-15
입항,2022,1,4159,400,2022-07-17,2022-07-17,2022-07-15
출항,2022,1,8577,150,2022-07-17,2022-07-17,2022-07-15
입항,2022,1,29256,1000,2022-07-17,2022-07-18,2022-07-16
출항,2022,1,7675,300,2022-07-17,2022-07-17,2022-07-17
출항,2022,17,4688,135,2022-07-16,2022-07-16,2022-07-15
입항,2022,2,29707,750,2022-07-16,2022-07-16,2022-07-15
출항,2022,1,4387,80,2022-07-16,2022-07-17,2022-07-15
출항,2022,1,15818,110,2022-07-16,2022-07-16,2022-07-15
출항,2022,1,3575,130,2022-07-16,2022-07-16,2022-07-15
출항,2022,1,2579,105,2022-07-15,2022-07-15,2022-07-14
입항,2022,1,8294,50,2022-07-15,2022-07-15,2022-07-14
입항,2022,1,57510,700,2022-07-15,2022-07-15,2022-07-14
입항,2022,1,2517,100,2022-07-15,2022-07-16,2022-07-15
출항,2022,1,3910,10,2022-07-15,2022-07-16,2022-07-15
출항,2022,2,16589,230,2022-07-14,2022-07-14,2022-07-13
입항,2022,1,29063,620,2022-07-14,2022-07-14,2022-07-13
통과,2022,1,27095,1090,2022-07-14,2022-07-14,2022-07-13
입항,2022,21,4862,130,2022-07-14,2022-07-14,2022-07-13
출항,2022,1,82305,200,2022-07-14,2022-07-14,2022-07-13
입항,2022,3,5720,110,2022-07-14,2022-07-14,2022-07-13
출항,2022,1,6288,300,2022-07-13,2022-07-13,2022-07-11
입항,2022,1,27095,500,2022-07-12,2022-07-12,2022-07-04
출항,2022,9,7411,320,2022-07-12,2022-07-12,2022-07-05
출항,2022,1,28063,700,2022-07-12,2022-07-12,2022-07-08
출항,2022,1,3887,60,2022-07-12,2022-07-12,2022-07-11
입항,2022,1,628121,580,2022-07-12,2022-07-12,2022-07-11
출항,2022,1,5376,200,2022-07-12,2022-07-12,2022-07-11
입항,2022,1,5197,0,2022-07-12,2022-07-12,2022-07-11
입항,2022,1,8261,190,2022-07-12,2022-07-12,2022-07-12
입항,2022,1,5083,100,2022-07-12,2022-07-12,2022-07-12
출항,2022,1,6716,10,2022-07-12,2022-07-12,2022-07-12
출항,2022,1,29884,600,2022-07-12,2022-07-13,2022-07-12
출항,2022,12,3595,120,2022-07-11,2022-07-11,2022-07-03
출항,2022,1,3887,60,2022-07-11,2022-07-11,2022-07-08
출항,2022,1,8625,150,2022-07-11,2022-07-11,2022-07-08
출항,2022,1,7243,45,2022-07-11,2022-07-11,2022-07-08
출항,2022,1,7294,190,2022-07-11,2022-07-11,2022-07-08
출항,2022,1,7699,180,2022-07-11,2022-07-11,2022-07-10
출항,2022,14,2438,1,2022-07-10,2022-07-10,2022-07-08
출항,2022,1,3038,50,2022-07-10,2022-07-10,2022-07-08
입항,2022,1,56285,1500,2022-07-10,2022-07-10,2022-07-08
출항,2022,1,17139,800,2022-07-10,2022-07-11,2022-07-08
출항,2022,1,2823,80,2022-07-10,2022-07-10,2022-07-09
출항,2022,20,3185,70,2022-07-10,2022-07-11,2022-07-09
입항,2022,1,29993,100,2022-07-09,2022-07-09,2022-07-07
출항,2022,1,4688,20,2022-07-09,2022-07-10,2022-07-08
입항,2022,5,5487,160,2022-07-09,2022-07-09,2022-07-08
입항,2022,1,7099,280,2022-07-09,2022-07-09,2022-07-08
입항,2022,1,5359,190,2022-07-09,2022-07-09,2022-07-08
출항,2022,1,7294,190,2022-07-09,2022-07-09,2022-07-08
입항,2022,11,4972,0,2022-07-09,2022-07-09,2022-07-08
출항,2022,1,6823,185,2022-07-08,2022-07-08,2022-07-06
통과,2022,1,12065,600,2022-07-08,2022-07-08,2022-07-07
입항,2022,1,2677,0,2022-07-08,2022-07-08,2022-07-07
입항,2022,1,2999,125,2022-07-08,2022-07-08,2022-07-07
출항,2022,1,54916,900,2022-07-08,2022-07-08,2022-07-07
출항,2022,1,6823,185,2022-07-08,2022-07-09,2022-07-07
통과,2022,1,3586,50,2022-07-08,2022-07-09,2022-07-08
출항,2022,1,4544,175,2022-07-08,2022-07-09,2022-07-08
통과,2022,1,54043,500,2022-07-07,2022-07-07,2022-07-05
입항,2022,1,4833,15,2022-07-07,2022-07-07,2022-07-06
입항,2022,1,50468,880,2022-07-07,2022-07-08,2022-07-07
입항,2022,1,82916,730,2022-07-06,2022-07-06,2022-07-04
입항,2022,1,8271,120,2022-07-06,2022-07-06,2022-07-04
입항,2022,1,29760,1000,2022-07-06,2022-07-06,2022-07-05
출항,2022,1,28725,500,2022-07-06,2022-07-06,2022-07-05
입항,2022,1,82916,800,2022-07-06,2022-07-06,2022-07-05
출항,2022,1,35853,450,2022-07-06,2022-07-07,2022-07-05
입항,2022,1,29225,690,2022-07-06,2022-08-06,2022-08-05
입항,2022,1,29168,120,2022-07-04,2022-07-04,2022-07-01
출항,2022,1,33042,280,2022-07-04,2022-07-04,2022-07-01
출항,2022,1,4227,320,2022-07-04,2022-07-04,2022-07-02
출항,2022,1,3887,250,2022-07-04,2022-07-05,2022-07-04
입항,2022,1,28725,960,2022-07-03,2022-07-04,2022-06-30
출항,2022,1,61724,380,2022-07-03,2022-07-03,2022-06-30
출항,2022,1,4040,50,2022-07-03,2022-07-03,2022-06-30
통과,2022,1,62856,150,2022-07-03,2022-07-03,2022-07-01
입항,2022,1,29737,300,2022-07-03,2022-07-03,2022-07-01
출항,2022,1,30456,600,2022-07-03,2022-07-03,2022-07-01
출항,2022,12,2490,85,2022-07-03,2022-07-03,2022-07-02
출항,2022,1,4126,100,2022-07-03,2022-07-03,2022-07-02
출항,2022,1,30456,300,2022-07-03,2022-07-03,2022-07-03
출항,2022,1,2999,174,2022-07-02,2022-07-02,2022-06-27
입항,2022,1,29266,20,2022-07-02,2022-07-02,2022-06-30
입항,2022,1,29785,420,2022-07-02,2022-07-02,2022-06-29
입항,2022,1,29266,200,2022-07-02,2022-07-03,2022-06-30
출항,2022,1,3404,100,2022-07-02,2022-07-02,2022-07-01
출항,2022,1,4828,130,2022-07-02,2022-07-02,2022-07-01
출항,2022,1,30873,500,2022-07-02,2022-07-02,2022-07-01
입항,2022,1,8254,200,2022-07-02,2022-07-03,2022-07-01
출항,2022,1,2583,130,2022-07-02,2022-07-02,2022-07-01
입항,2022,1,5376,10,2022-07-02,2022-07-02,2022-07-01
입항,2022,1,4227,310,2022-07-02,2022-07-02,2022-07-01
입항,2022,1,4484,65,2022-07-02,2022-07-02,2022-07-01
입항,2022,1,7687,150,2022-07-02,2022-07-02,2022-07-01
출항,2022,1,3910,100,2022-07-02,2022-07-03,2022-07-01
출항,2022,1,4972,80,2022-07-02,2022-07-03,2022-07-01
입항,2022,1,5723,270,2022-07-02,2022-07-02,2022-07-01
입항,2022,1,25400,400,2022-07-02,2022-07-03,2022-07-01
입항,2022,1,2987,125,2022-07-02,2022-07-03,2022-07-01
입항,2022,1,2490,100,2022-07-02,2022-07-03,2022-07-01
입항,2022,1,6976,0,2022-07-02,2022-07-02,2022-07-01
출항,2022,1,5273,150,2022-07-02,2022-07-02,2022-07-01
출항,2022,1,62863,680,2022-07-01,2022-07-01,2022-06-24
입항,2022,1,2999,174,2022-07-01,2022-07-01,2022-06-27
입항,2022,1,65911,1500,2022-07-01,2022-06-01,2022-06-30
출항,2022,1,6242,160,2022-07-01,2022-07-01,2022-06-30
입항,2022,1,48060,1280,2022-07-01,2022-07-01,2022-06-30
입항,2022,1,13146,425,2022-07-01,2022-07-02,2022-06-30
입항,2022,1,29266,890,2022-07-01,2022-07-02,2022-06-30
출항,2022,1,4879,90,2022-07-01,2022-07-02,2022-07-01
출항,2022,1,3765,200,2022-07-01,2022-07-01,2022-07-01
입항,2022,1,61724,0,2022-06-30,2022-06-30,2022-06-27
출항,2022,1,154449,900,2022-06-30,2022-07-01,2022-06-28
출항,2022,1,7215,150,2022-06-30,2022-06-30,2022-06-28
출항,2022,2,7373,130,2022-06-30,2022-06-30,2022-06-29
입항,2022,1,54916,140,2022-06-30,2022-06-30,2022-06-29
출항,2022,1,31534,500,2022-06-30,2022-06-30,2022-06-29
출항,2022,1,7373,130,2022-06-30,2022-06-30,2022-06-29
입항,2022,1,7271,370,2022-06-30,2022-07-01,2022-06-29
입항,2022,1,29767,500,2022-06-30,2022-06-30,2022-06-29
출항,2022,1,4159,190,2022-06-30,2022-06-30,2022-06-29
입항,2022,1,2696,100,2022-06-30,2022-06-30,2022-06-29
출항,2022,1,28891,0,2022-06-30,2022-06-30,2022-06-29
출항,2022,1,23759,750,2022-06-30,2022-07-01,2022-06-30
입항,2022,1,7072,150,2022-06-29,2022-06-29,2022-06-28
입항,2022,2,5523,40,2022-06-29,2022-06-30,2022-06-29
입항,2022,1,29785,500,2022-06-28,2022-06-28,2022-06-27
출항,2022,1,5422,250,2022-06-28,2022-06-28,2022-06-27
입항,2022,3,2946,500,2022-06-28,2022-06-28,2022-06-27
입항,2022,1,1637,70,2022-06-28,2022-06-27,2022-06-27
통과,2022,1,46982,500,2022-06-28,2022-06-29,2022-06-27
출항,2022,1,5961,130,2022-06-27,2022-06-27,2022-06-24
입항,2022,1,5422,100,2022-06-27,2022-06-27,2022-06-24
출항,2022,1,2824,1,2022-06-27,2022-06-27,2022-06-24
출항,2022,1,31534,600,2022-06-27,2022-06-27,2022-06-24
출항,2022,1,2946,300,2022-06-27,2022-06-27,2022-06-24
입항,2022,1,4060,0,2022-06-27,2022-06-27,2022-06-26
출항,2022,1,9995,400,2022-06-27,2022-06-27,2022-06-26
출항,2022,1,3595,1,2022-06-27,2022-06-27,2022-06-26
출항,2022,1,5422,100,2022-06-27,2022-06-27,2022-06-27
출항,2022,1,2990,65,2022-06-27,2022-06-28,2022-06-27
출항,2022,4,22954,500,2022-06-26,2022-06-26,2022-06-24
입항,2022,1,29553,240,2022-06-26,2022-06-26,2022-06-24
출항,2022,1,29553,310,2022-06-26,2022-06-26,2022-06-24
입항,2022,1,163465,1000,2022-06-26,2022-06-26,2022-06-24
입항,2022,1,29671,100,2022-06-26,2022-06-27,2022-06-24
입항,2022,1,8072,1,2022-06-26,2022-06-26,2022-06-24
입항,2022,1,4159,200,2022-06-26,2022-06-26,2022-06-25
출항,2022,23,2691,1,2022-06-24,2022-06-24,2022-06-22
입항,2022,1,30052,200,2022-06-22,2022-06-22,2022-06-20
입항,2022,1,26364,600,2022-06-22,2022-06-23,2022-06-20
입항,2022,1,3591,310,2022-06-22,2022-06-22,2022-06-22
통과,2022,1,30052,1000,2022-06-21,2022-06-21,2022-06-16
입항,2022,21,2676,220,2022-06-21,2022-06-21,2022-06-20
출항,2022,10,2997,200,2022-06-21,2022-06-22,2022-06-20
출항,2022,1,17021,700,2022-06-21,2022-06-21,2022-06-20
입항,2022,1,28778,1,2022-06-21,2022-06-21,2022-06-20
출항,2022,1,3910,160,2022-06-21,2022-06-21,2022-06-20
입항,2022,1,43687,600,2022-06-21,2022-06-21,2022-06-21
입항,2022,1,5457,210,2022-06-21,2022-06-21,2022-06-21
출항,2022,14,4040,100,2022-06-20,2022-06-20,2022-06-17
출항,2022,1,12370,130,2022-06-20,2022-06-20,2022-06-17
출항,2022,1,2696,100,2022-06-20,2022-06-20,2022-06-17
입항,2022,4,5487,20,2022-06-20,2022-06-21,2022-06-20
출항,2022,1,9800,300,2022-06-20,2022-06-21,2022-06-20
입항,2022,1,7072,150,2022-06-20,2022-06-27,2022-06-27
출항,2022,1,2999,0,2022-06-19,2022-06-19,2022-06-15
출항,2022,1,4126,200,2022-06-19,2022-06-19,2022-06-17
입항,2022,8,7411,310,2022-06-19,2022-06-19,2022-06-17
통과,2022,1,7260,400,2022-06-19,2022-06-19,2022-06-17
출항,2022,1,2355,100,2022-06-19,2022-06-19,2022-06-17
입항,2022,1,2981,100,2022-06-19,2022-06-20,2022-06-19
출항,2022,1,4126,430,2022-06-18,2022-06-18,2022-06-15
입항,2022,5,7424,270,2022-06-18,2022-06-18,2022-06-15
출항,2022,6,2498,120,2022-06-17,2022-06-17,2022-06-15
출항,2022,7,3404,250,2022-06-17,2022-06-17,2022-06-15
출항,2022,1,65358,100,2022-06-17,2022-06-17,2022-06-16
입항,2022,1,27627,585,2022-06-17,2022-06-17,2022-06-16
출항,2022,1,3586,80,2022-06-17,2022-06-17,2022-06-16
입항,2022,1,29151,900,2022-06-16,2022-06-16,2022-06-15
출항,2022,1,5060,200,2022-06-16,2022-06-16,2022-06-15
출항,2022,1,3038,50,2022-06-16,2022-06-16,2022-06-15
통과,2022,1,47964,980,2022-06-16,2022-06-16,2022-06-15
출항,2022,1,46885,1,2022-06-16,2022-06-16,2022-06-15
출항,2022,1,2981,50,2022-06-16,2022-06-16,2022-06-15
출항,2022,1,3187,150,2022-06-16,2022-06-16,2022-06-15
출항,2022,1,5637,123,2022-06-16,2022-06-16,2022-06-15
입항,2022,1,30108,500,2022-06-16,2022-06-17,2022-06-16
입항,2022,1,2210,88,2022-06-16,2022-06-17,2022-06-16
입항,2022,1,29460,200,2022-06-15,2022-06-15,2022-06-14
출항,2022,1,16232,360,2022-06-14,2022-06-18,2022-06-10
출항,2022,1,16589,365,2022-06-13,2022-06-16,2022-06-10
입항,2022,1,5435,240,2022-06-13,2022-06-13,2022-06-10
출항,2022,1,29575,830,2022-06-13,2022-06-13,2022-06-11
출항,2022,1,60776,720,2022-06-13,2022-06-13,2022-06-12
출항,2022,1,16589,200,2022-06-13,2022-06-13,2022-06-12
입항,2022,11,1542,50,2022-06-13,2022-06-13,2022-06-12
출항,2022,1,4765,320,2022-06-12,2022-06-12,2022-06-10
입항,2022,1,5376,205,2022-06-12,2022-06-12,2022-06-10
입항,2022,2,12110,100,2022-06-12,2022-06-12,2022-06-10
입항,2022,1,7368,200,2022-06-12,2022-06-12,2022-06-10
입항,2022,1,16589,365,2022-06-12,2022-06-12,2022-06-10
입항,2022,1,86589,700,2022-06-12,2022-06-12,2022-06-10
출항,2022,12,2676,170,2022-06-12,2022-06-12,2022-06-11
입항,2022,18,7675,0,2022-06-12,2022-06-13,2022-06-12
통과,2022,1,1995,100,2022-06-12,2022-06-19,2022-06-17
출항,2022,1,25117,600,2022-06-11,2022-06-12,2022-06-08
출항,2022,1,29462,500,2022-06-11,2022-06-11,2022-06-09
입항,2022,1,3887,100,2022-06-11,2022-06-11,2022-06-10
출항,2022,21,2193,30,2022-06-11,2022-06-11,2022-06-10
출항,2022,1,4241,110,2022-06-11,2022-06-11,2022-06-10
입항,2022,1,4765,320,2022-06-11,2022-06-11,2022-06-10
출항,2022,1,2193,20,2022-06-11,2022-06-11,2022-06-10
출항,2022,12,2700,25,2022-06-10,2022-06-10,2022-06-09
출항,2022,1,8294,100,2022-06-10,2022-06-11,2022-06-09
입항,2022,1,4812,340,2022-06-10,2022-06-10,2022-06-09
입항,2022,1,7414,100,2022-06-10,2022-06-10,2022-06-09
출항,2022,1,48887,1050,2022-06-10,2022-06-10,2022-06-09
입항,2022,13,4067,0,2022-06-10,2022-06-09,2022-06-09
출항,2022,1,30964,100,2022-06-10,2022-06-10,2022-06-09
입항,2022,1,2999,110,2022-06-10,2022-06-10,2022-06-10
출항,2022,1,3595,45,2022-06-10,2022-06-10,2022-06-10
출항,2022,8,5667,100,2022-06-10,2022-06-10,2022-06-10
입항,2022,1,30565,1000,2022-06-09,2022-06-09,2022-06-02
입항,2022,1,25117,1060,2022-06-09,2022-06-09,2022-06-03
출항,2022,1,5197,50,2022-06-09,2022-06-09,2022-06-08
출항,2022,1,8504,350,2022-06-09,2022-06-09,2022-06-08
출항,2022,1,31534,600,2022-06-09,2022-06-09,2022-06-08
출항,2022,1,1637,60,2022-06-09,2022-06-09,2022-06-08
입항,2022,1,5667,115,2022-06-09,2022-06-09,2022-06-08
출항,2022,1,5723,120,2022-06-09,2022-06-10,2022-06-09
입항,2022,3,5488,210,2022-06-09,2022-06-10,2022-06-09
출항,2022,10,2490,0,2022-06-09,2022-06-10,2022-06-09
입항,2022,3,2688,0,2022-06-08,2022-06-09,2022-06-07
출항,2022,1,33355,430,2022-06-08,2022-06-08,2022-06-07
출항,2022,13,3038,155,2022-06-08,2022-06-09,2022-06-07
입항,2022,3,5488,110,2022-06-08,2022-06-09,2022-06-07
출항,2022,1,29983,750,2022-06-08,2022-06-09,2022-06-07
입항,2022,9,2691,30,2022-06-07,2022-06-07,2022-06-07
입항,2022,1,5422,50,2022-06-06,2022-06-06,2022-06-03
출항,2022,1,29983,750,2022-06-05,2022-06-05,2022-06-03
출항,2022,1,4544,140,2022-06-05,2022-06-06,2022-06-03
출항,2022,1,2993,90,2022-06-05,2022-06-03,2022-06-03
출항,2022,1,59611,0,2022-06-05,2022-06-05,2022-06-04
입항,2022,1,2517,50,2022-06-05,2022-06-05,2022-06-05
출항,2022,1,58947,1,2022-06-04,2022-06-04,2022-06-02
출항,2022,1,2999,235,2022-06-04,2022-06-04,2022-06-02
출항,2022,2,12225,280,2022-06-04,2022-06-04,2022-06-03
입항,2022,1,28096,500,2022-06-04,2022-06-04,2022-06-03
출항,2022,1,8627,230,2022-06-04,2022-06-04,2022-06-03
입항,2022,8,2997,200,2022-06-04,2022-06-04,2022-06-03
출항,2022,1,7143,0,2022-06-04,2022-06-04,2022-06-03
출항,2022,1,8499,250,2022-06-04,2022-06-04,2022-06-03
출항,2022,7,4688,30,2022-06-04,2022-06-04,2022-06-03
입항,2022,1,30049,650,2022-06-04,2022-06-05,2022-06-03
입항,2022,17,2676,180,2022-06-04,2022-06-05,2022-06-04
입항,2022,1,28054,800,2022-06-03,2022-06-03,2022-05-31
입항,2022,1,40934,550,2022-06-03,2022-06-04,2022-06-02
입항,2022,1,30873,1300,2022-06-03,2022-06-02,2022-06-02
출항,2022,1,4091,100,2022-06-03,2022-06-03,2022-06-02
출항,2022,2,16452,250,2022-06-03,2022-06-03,2022-06-02
출항,2022,1,11757,100,2022-06-03,2022-06-03,2022-06-02
입항,2022,1,21238,10,2022-06-03,2022-06-02,2022-06-02
입항,2022,1,2993,100,2022-06-03,2022-06-04,2022-06-03
입항,2022,1,29767,500,2022-06-02,2022-06-02,2022-05-31
입항,2022,1,30964,420,2022-06-02,2022-06-02,2022-05-31
입항,2022,1,28054,800,2022-06-02,2022-06-03,2022-05-31
출항,2022,1,3595,140,2022-06-02,2022-06-02,2022-05-31
입항,2022,1,40934,500,2022-06-02,2022-06-02,2022-05-31
출항,2022,1,42897,900,2022-06-02,2022-06-02,2022-05-31
입항,2022,1,8261,200,2022-06-02,2022-06-02,2022-05-31
출항,2022,1,29807,75,2022-06-02,2022-06-03,2022-06-01
출항,2022,1,29063,300,2022-06-02,2022-06-02,2022-06-01
입항,2022,1,8627,0,2022-06-02,2022-06-02,2022-06-01
출항,2022,1,29949,1000,2022-06-02,2022-06-03,2022-06-02
입항,2022,28,4060,100,2022-06-01,2022-06-01,2022-05-31
출항,2022,1,2999,0,2022-06-01,2022-06-01,2022-05-23
입항,2022,1,8627,1200,2022-06-01,2022-06-01,2022-05-31
출항,2022,1,7240,0,2022-06-01,2022-06-01,2022-05-31
출항,2022,1,3887,450,2022-06-01,2022-06-01,2022-05-31
입항,2022,1,28054,800,2022-06-01,2022-06-01,2022-05-31
출항,2022,1,3595,140,2022-06-01,2022-06-02,2022-05-31
입항,2022,1,7143,60,2022-06-01,2022-06-01,2022-05-31
입항,2022,1,29707,1040,2022-06-01,2022-06-01,2022-05-31
출항,2022,1,20867,690,2022-06-01,2022-06-01,2022-05-31
입항,2022,1,7143,60,2022-06-01,2022-06-01,2022-05-31
입항,2022,1,30964,80,2022-06-01,2022-06-01,2022-05-31
입항,2022,1,8499,150,2022-06-01,2022-06-02,2022-06-02
입항,2022,1,2999,100,2022-05-31,2022-05-31,2022-05-30
출항,2022,1,44230,0,2022-05-31,2022-05-31,2022-05-30
출항,2022,1,154792,600,2022-05-31,2022-05-31,2022-05-30
통과,2022,1,86589,900,2022-05-31,2022-05-31,2022-05-30
출항,2022,1,8294,10,2022-05-31,2022-05-31,2022-05-30
출항,2022,1,29455,0,2022-05-31,2022-05-31,2022-05-31
입항,2022,1,4126,100,2022-05-31,2022-05-31,2022-05-31
출항,2022,1,12337,75,2022-05-30,2022-05-31,2022-05-28
입항,2022,1,7240,150,2022-05-30,2022-05-30,2022-05-29
입항,2022,17,2101,1,2022-05-30,2022-05-30,2022-05-29
입항,2022,20,2691,1,2022-05-30,2022-05-30,2022-05-30
출항,2022,7,7411,320,2022-05-29,2022-05-29,2022-05-23
출항,2022,1,12044,100,2022-05-29,2022-05-29,2022-05-24
출항,2022,2,4902,135,2022-05-29,2022-05-29,2022-05-27
입항,2022,1,29649,770,2022-05-29,2022-05-29,2022-05-27
출항,2022,1,8072,100,2022-05-29,2022-05-29,2022-05-27
입항,2022,5,2517,200,2022-05-29,2022-05-29,2022-05-27
출항,2022,1,4833,100,2022-05-29,2022-05-29,2022-05-29
출항,2022,1,26328,0,2022-05-29,2022-05-29,2022-05-29
출항,2022,19,2691,1,2022-05-28,2022-05-29,2022-05-27
출항,2022,1,5060,100,2022-05-28,2022-05-28,2022-05-27
출항,2022,1,4828,0,2022-05-28,2022-05-28,2022-05-27
출항,2022,1,8277,10,2022-05-28,2022-05-28,2022-05-27
입항,2022,3,4301,300,2022-05-28,2022-05-28,2022-05-27
입항,2022,1,4833,200,2022-05-28,2022-05-28,2022-05-27
출항,2022,1,2999,190,2022-05-27,2022-05-27,2022-05-19
출항,2022,16,3185,120,2022-05-27,2022-05-27,2022-05-25
출항,2022,1,2579,50,2022-05-27,2022-05-27,2022-05-26
입항,2022,1,7064,165,2022-05-27,2022-05-28,2022-05-27
출항,2022,1,2999,190,2022-05-26,2022-05-26,2022-05-19
출항,2022,1,29807,150,2022-05-26,2022-05-26,2022-05-24
입항,2022,1,16084,260,2022-05-26,2022-05-27,2022-05-24
출항,2022,1,29472,700,2022-05-26,2022-05-26,2022-05-24
입항,2022,1,12008,450,2022-05-26,2022-05-26,2022-05-25
입항,2022,1,29578,300,2022-05-26,2022-05-26,2022-05-25
출항,2022,1,29472,770,2022-05-26,2022-05-26,2022-05-25
출항,2022,1,7301,100,2022-05-26,2022-05-26,2022-05-25
출항,2022,2,29807,150,2022-05-25,2022-05-26,2022-05-24
출항,2022,2,29807,150,2022-05-25,2022-05-26,2022-05-24
출항,2022,1,2583,145,2022-05-25,2022-05-26,2022-05-25
출항,2022,2,29557,500,2022-05-24,2022-05-24,2022-05-19
입항,2022,1,29472,700,2022-05-24,2022-05-24,2022-05-23
출항,2022,1,2993,100,2022-05-24,2022-05-24,2022-05-23
입항,2022,1,18760,1100,2022-05-24,2022-05-24,2022-05-23
입항,2022,1,3910,40,2022-05-24,2022-05-24,2022-05-23
입항,2022,1,57249,800,2022-05-24,2022-05-24,2022-05-23
통과,2022,1,47347,1125,2022-05-23,2022-05-23,2022-05-20
출항,2022,1,29965,1200,2022-05-23,2022-05-23,2022-05-20
출항,2022,1,6976,50,2022-05-23,2022-05-23,2022-05-20
출항,2022,1,7912,130,2022-05-23,2022-05-24,2022-05-23
출항,2022,1,60855,100,2022-05-22,2022-05-22,2022-05-20
입항,2022,5,2498,100,2022-05-22,2022-05-22,2022-05-20
출항,2022,1,30945,550,2022-05-22,2022-05-22,2022-05-20
출항,2022,1,3384,180,2022-05-22,2022-05-22,2022-05-20
출항,2022,1,3910,100,2022-05-22,2022-05-22,2022-05-20
출항,2022,1,52868,985,2022-05-22,2022-05-22,2022-05-20
출항,2022,1,4060,135,2022-05-22,2022-05-23,2022-05-20
출항,2022,1,8254,300,2022-05-22,2022-05-23,2022-05-20
출항,2022,1,8455,150,2022-05-22,2022-05-22,2022-05-20
출항,2022,1,5422,100,2022-05-22,2022-05-22,2022-05-20
출항,2022,1,11645,0,2022-05-22,2022-05-22,2022-05-20
출항,2022,1,2498,0,2022-05-22,2022-05-22,2022-05-21
출항,2022,1,25184,0,2022-05-22,2022-05-22,2022-05-21
입항,2022,1,5422,150,2022-05-22,2022-05-22,2022-05-21
입항,2022,1,80934,400,2022-05-21,2022-05-21,2022-05-19
입항,2022,2,29557,300,2022-05-21,2022-05-21,2022-05-19
출항,2022,1,60855,600,2022-05-21,2022-05-21,2022-05-19
입항,2022,1,2698,60,2022-05-21,2022-05-21,2022-05-19
출항,2022,1,30945,550,2022-05-21,2022-05-22,2022-05-19
출항,2022,11,2193,80,2022-05-21,2022-05-21,2022-05-20
출항,2022,1,8072,150,2022-05-21,2022-05-21,2022-05-20
통과,2022,1,4060,150,2022-05-21,2022-05-21,2022-05-20
입항,2022,1,29557,250,2022-05-21,2022-05-21,2022-05-20
출항,2022,1,8455,150,2022-05-20,2022-05-20,2022-05-19
출항,2022,1,7687,200,2022-05-20,2022-05-20,2022-05-19
입항,2022,15,2101,1,2022-05-20,2022-05-20,2022-05-19
입항,2022,1,4060,100,2022-05-20,2022-05-21,2022-05-20
입항,2022,1,29557,600,2022-05-20,2022-05-20,2022-05-20
출항,2022,1,26364,175,2022-05-19,2022-05-20,2022-05-17
출항,2022,22,2497,50,2022-05-19,2022-05-19,2022-05-17
입항,2022,1,18734,80,2022-05-19,2022-05-20,2022-05-17
출항,2022,8,3887,250,2022-05-19,2022-05-19,2022-05-18
출항,2022,1,5074,100,2022-05-19,2022-05-19,2022-05-18
출항,2022,1,4833,0,2022-05-19,2022-05-19,2022-05-18
출항,2022,1,41662,1,2022-05-18,2022-05-18,2022-05-13
출항,2022,1,5667,250,2022-05-18,2022-05-18,2022-05-17
출항,2022,1,3834,100,2022-05-18,2022-05-18,2022-05-17
입항,2022,1,2997,60,2022-05-18,2022-05-18,2022-05-17
입항,2022,1,27976,600,2022-05-18,2022-05-19,2022-05-17
출항,2022,15,1411,50,2022-05-18,2022-05-19,2022-05-18
출항,2022,1,4040,100,2022-05-17,2022-05-17,2022-05-16
입항,2022,1,6823,0,2022-05-17,2022-05-17,2022-05-16
출항,2022,1,30241,1012,2022-05-17,2022-05-18,2022-05-16
입항,2022,1,4543,23,2022-05-17,2022-05-17,2022-05-17
입항,2022,1,5598,110,2022-05-17,2022-05-18,2022-05-17
입항,2022,1,4248,100,2022-05-17,2022-05-18,2022-05-17
입항,2022,10,5598,1,2022-05-17,2022-05-18,2022-05-17
출항,2022,1,60776,1500,2022-05-17,2022-05-18,2022-05-17
출항,2022,2,22866,1000,2022-05-16,2022-05-16,2022-05-12
출항,2022,1,6288,270,2022-05-16,2022-05-16,2022-05-13
출항,2022,1,2652,40,2022-05-16,2022-05-16,2022-05-16
출항,2022,2,7745,300,2022-05-15,2022-05-15,2022-05-11
출항,2022,1,11977,300,2022-05-15,2022-05-15,2022-05-13
출항,2022,1,2993,100,2022-05-15,2022-05-15,2022-05-13
출항,2022,1,5197,0,2022-05-15,2022-05-15,2022-05-14
입항,2022,1,7745,300,2022-05-14,2022-05-14,2022-05-10
출항,2022,1,30560,700,2022-05-14,2022-05-14,2022-05-12
입항,2022,1,8259,150,2022-05-14,2022-05-14,2022-05-13
입항,2022,1,2993,100,2022-05-14,2022-05-14,2022-05-13
출항,2022,9,5422,200,2022-05-14,2022-05-14,2022-05-13
출항,2022,11,4060,100,2022-05-14,2022-05-15,2022-05-13
출항,2022,2,29980,200,2022-05-14,2022-05-15,2022-05-13
입항,2022,1,29151,1050,2022-05-14,2022-05-14,2022-05-13
입항,2022,1,4688,220,2022-05-13,2022-05-13,2022-05-11
입항,2022,1,29462,1000,2022-05-13,2022-05-13,2022-05-11
출항,2022,4,2369,125,2022-05-13,2022-05-13,2022-05-11
입항,2022,1,2999,90,2022-05-13,2022-05-13,2022-05-12
입항,2022,1,8535,525,2022-05-13,2022-05-13,2022-05-12
출항,2022,1,8455,130,2022-05-13,2022-05-13,2022-05-12
출항,2022,1,24168,300,2022-05-12,2022-05-12,2022-05-10
통과,2022,2,122239,200,2022-05-12,2022-05-12,2022-05-11
출항,2022,1,9800,400,2022-05-12,2022-05-12,2022-05-11
입항,2022,1,7411,0,2022-05-12,2022-05-12,2022-05-11
출항,2022,5,2028,59,2022-05-11,2022-05-11,2022-05-09
입항,2022,1,3678,0.2,2022-05-11,2022-05-11,2022-05-09
출항,2022,1,29707,1050,2022-05-11,2022-05-11,2022-05-10
출항,2022,1,2993,160,2022-05-11,2022-05-11,2022-05-10
입항,2022,1,49855,0,2022-05-11,2022-05-11,2022-05-10
출항,2022,3,5487,200,2022-05-10,2022-05-10,2022-05-06
입항,2022,1,29214,550,2022-05-10,2022-05-11,2022-05-09
통과,2022,1,29636,460,2022-05-10,2022-05-10,2022-05-09
출항,2022,1,2517,60,2022-05-10,2022-05-10,2022-05-09
출항,2022,1,33355,100,2022-05-10,2022-05-10,2022-05-09
입항,2022,1,4972,150,2022-05-10,2022-05-10,2022-05-10
입항,2022,1,5457,210,2022-05-10,2022-05-10,2022-05-10
입항,2022,1,29707,850,2022-05-09,2022-05-09,2022-05-04
출항,2022,1,33355,55,2022-05-09,2022-05-09,2022-05-06
입항,2022,1,29707,1000,2022-05-09,2022-05-10,2022-05-06
입항,2022,1,4543,160,2022-05-09,2022-05-09,2022-05-06
출항,2022,1,152727,0,2022-05-09,2022-05-10,2022-05-06
입항,2022,2,29684,670,2022-05-09,2022-05-10,2022-05-08
입항,2022,1,49855,0,2022-05-09,2022-05-09,2022-05-08
입항,2022,1,29767,560,2022-05-09,2022-05-09,2022-05-08
출항,2022,1,42897,1100,2022-05-09,2022-05-10,2022-05-09
출항,2022,1,3887,100,2022-05-09,2022-05-10,2022-05-09
입항,2022,1,29684,850,2022-05-09,2022-05-10,2022-05-09
통과,2022,1,29636,460,2022-05-08,2022-05-08,2022-05-06
입항,2022,1,6194,200,2022-05-08,2022-05-08,2022-05-06
출항,2022,1,5002,150,2022-05-08,2022-05-08,2022-05-06
입항,2022,1,4873,150,2022-05-08,2022-06-08,2022-05-06
입항,2022,1,8499,230,2022-05-08,2022-05-06,2022-05-06
입항,2022,1,30241,100,2022-05-08,2022-05-08,2022-05-06
입항,2022,1,30964,1100,2022-05-08,2022-05-09,2022-05-07
출항,2022,12,2101,1,2022-05-08,2022-05-08,2022-05-08
출항,2022,1,62397,800,2022-05-08,2022-05-09,2022-05-08
출항,2022,7,5546,500,2022-05-07,2022-05-08,2022-05-04
출항,2022,17,2691,1,2022-05-07,2022-05-07,2022-05-06
입항,2022,1,4543,1,2022-05-07,2022-05-08,2022-05-06
출항,2022,10,4040,75,2022-05-07,2022-05-08,2022-05-06
입항,2022,1,35853,600,2022-05-07,2022-05-08,2022-05-06
입항,2022,1,62397,100,2022-05-07,2022-05-07,2022-05-06
출항,2022,3,35853,600,2022-05-07,2022-05-08,2022-05-06
출항,2022,1,29627,500,2022-05-07,2022-05-07,2022-05-06
통과,2022,1,19391,700,2022-05-07,2022-05-07,2022-05-06
출항,2022,1,47287,1600,2022-05-07,2022-05-07,2022-05-06
입항,2022,1,30964,100,2022-05-07,2022-05-07,2022-05-06
입항,2022,1,60121,800,2022-05-07,2022-05-07,2022-05-06
출항,2022,1,26900,250,2022-05-07,2022-05-08,2022-05-06
출항,2022,1,5311,300,2022-05-07,2022-05-07,2022-05-06
입항,2022,1,7215,300,2022-05-07,2022-05-07,2022-05-06
입항,2022,1,29479,400,2022-05-07,2022-05-08,2022-05-06
입항,2022,1,7215,350,2022-05-07,2022-05-07,2022-05-06
출항,2022,1,29987,700,2022-05-06,2022-05-07,2022-05-03
출항,2022,1,47287,1600,2022-05-06,2022-05-06,2022-05-04
입항,2022,1,8499,260,2022-05-06,2022-05-06,2022-05-04
출항,2022,1,30152,760,2022-05-06,2022-05-06,2022-05-04
출항,2022,1,9997,330,2022-05-06,2022-05-13,2022-05-13
출항,2022,1,20058,400,2022-05-05,2022-05-06,2022-05-03
입항,2022,11,2438,1,2022-05-05,2022-05-05,2022-05-04
입항,2022,11,2438,1,2022-05-05,2022-05-05,2022-05-04
입항,2022,1,4387,1,2022-05-05,2022-05-05,2022-05-04
출항,2022,1,4060,70,2022-05-05,2022-05-05,2022-05-04
출항,2022,1,11917,210,2022-05-05,2022-05-05,2022-05-04
입항,2022,1,30456,500,2022-05-05,2022-05-06,2022-05-04
입항,2022,1,26900,0,2022-05-05,2022-05-05,2022-05-04
입항,2022,1,33355,202,2022-05-05,2022-05-05,2022-05-04
출항,2022,1,7687,100,2022-05-05,2022-05-05,2022-05-05
입항,2022,1,33355,500,2022-05-04,2022-05-05,2022-04-29
출항,2022,1,8506,300,2022-05-04,2022-05-04,2022-05-03
출항,2022,1,30152,760,2022-05-04,2022-05-05,2022-05-03
입항,2022,1,9129,1,2022-05-04,2022-05-04,2022-05-03
출항,2022,1,2579,90,2022-05-04,2022-05-04,2022-05-03
출항,2022,1,2696,70,2022-05-04,2022-05-04,2022-05-03
입항,2022,1,9896,55,2022-05-03,2022-05-03,2022-04-28
입항,2022,1,28517,500,2022-05-03,2022-05-03,2022-05-02
출항,2022,12,3185,90,2022-05-03,2022-05-03,2022-05-01
출항,2022,1,3185,300,2022-05-03,2022-05-03,2022-05-02
출항,2022,3,2249,160,2022-05-03,2022-05-03,2022-05-02
출항,2022,1,7414,100,2022-05-03,2022-05-03,2022-05-02
출항,2022,1,7675,60,2022-05-03,2022-05-03,2022-05-02
출항,2022,9,5598,1,2022-05-03,2022-05-03,2022-05-02
출항,2022,12,2403,1,2022-05-03,2022-05-03,2022-05-02
입항,2022,1,22988,0,2022-05-03,2022-05-03,2022-05-02
출항,2022,1,28747,860,2022-05-03,2022-05-04,2022-05-03
입항,2022,1,28054,800,2022-05-03,2022-05-03,2022-05-31
출항,2022,1,30259,300,2022-05-02,2022-05-03,2022-04-29
출항,2022,1,5961,80,2022-05-02,2022-05-02,2022-04-29
출항,2022,1,19391,163,2022-05-02,2022-05-02,2022-04-29
출항,2022,3,8686,150,2022-05-02,2022-05-02,2022-04-29
입항,2022,1,9896,250,2022-05-02,2022-05-02,2022-04-29
입항,2022,1,2579,90,2022-05-02,2022-05-02,2022-04-29
출항,2022,1,30149,100,2022-05-02,2022-05-02,2022-05-01
입항,2022,1,29266,365,2022-05-02,2022-05-03,2022-05-02
입항,2022,1,42897,1400,2022-05-02,2022-05-03,2022-05-02
입항,2022,1,29841,820,2022-05-01,2022-05-01,2022-04-26
출항,2022,1,3319,210,2022-05-01,2022-05-01,2022-04-29
출항,2022,2,6288,270,2022-05-01,2022-05-01,2022-04-29
출항,2022,1,3834,100,2022-05-01,2022-05-01,2022-04-29
출항,2022,1,29940,240,2022-05-01,2022-05-01,2022-04-29
출항,2022,3,2688,100,2022-05-01,2022-05-01,2022-04-29
입항,2022,1,2993,70,2022-05-01,2022-05-01,2022-04-29
입항,2022,1,7002,90,2022-05-01,2022-05-02,2022-04-29
통과,2022,1,29970,200,2022-05-01,2022-05-01,2022-04-29
출항,2022,1,4067,0,2022-05-01,2022-05-01,2022-04-30
입항,2022,1,4688,0,2022-05-01,2022-05-01,2022-04-30
입항,2022,1,29391,0,2022-05-01,2022-05-01,2022-04-30
입항,2022,1,5961,100,2022-05-01,2022-05-01,2022-04-30
통과,2022,1,36468,800,2022-04-30,2022-04-30,2022-04-26
출항,2022,1,3038,50,2022-04-30,2022-04-30,2022-04-28
입항,2022,1,3686,140,2022-04-30,2022-04-30,2022-04-28
출항,2022,1,3079,200,2022-04-30,2022-04-30,2022-04-29
통과,2022,3,8686,150,2022-04-30,2022-04-30,2022-04-29
출항,2022,1,8294,80,2022-04-30,2022-04-30,2022-04-29
입항,2022,1,29391,600,2022-04-30,2022-04-30,2022-04-29
출항,2022,1,3079,200,2022-04-30,2022-04-30,2022-04-29
출항,2022,1,30472,800,2022-04-30,2022-05-01,2022-04-30
출항,2022,1,4387,70,2022-04-29,2022-04-29,2022-04-28
입항,2022,1,6976,400,2022-04-28,2022-04-28,2022-04-22
통과,2022,2,16589,500,2022-04-28,2022-04-28,2022-04-26
출항,2022,1,30472,800,2022-04-28,2022-04-29,2022-04-26
입항,2022,1,6961,475,2022-04-28,2022-04-28,2022-04-27
출항,2022,1,7215,180,2022-04-28,2022-04-29,2022-04-27
입항,2022,15,2163,20,2022-04-28,2022-04-28,2022-04-27
입항,2022,1,7675,180,2022-04-28,2022-04-28,2022-04-27
입항,2022,1,3910,170,2022-04-28,2022-04-28,2022-04-27
통과,2022,1,28891,22,2022-04-27,2022-04-26,2022-04-26
출항,2022,1,28891,1,2022-04-27,2022-04-27,2022-04-26
출항,2022,6,2997,50,2022-04-27,2022-04-28,2022-04-26
출항,2022,1,3887,100,2022-04-27,2022-04-27,2022-04-26
출항,2022,1,4091,95,2022-04-27,2022-04-27,2022-04-26
출항,2022,4,610,35,2022-04-27,2022-04-28,2022-04-26
입항,2022,1,42058,100,2022-04-27,2022-04-27,2022-04-26
입항,2022,1,4387,70,2022-04-27,2022-04-27,2022-04-26
입항,2022,1,2824,1500,2022-04-27,2022-04-27,2022-04-27
출항,2022,1,8263,450,2022-04-26,2022-04-26,2022-04-25
입항,2022,1,30873,500,2022-04-26,2022-04-27,2022-04-26
입항,2022,2,1956,26,2022-04-25,2022-04-25,2022-04-22
출항,2022,2,8060,365,2022-04-25,2022-04-26,2022-04-22
입항,2022,1,3910,170,2022-04-25,2022-04-25,2022-04-22
출항,2022,1,4416,150,2022-04-25,2022-04-25,2022-04-25
출항,2022,7,2328,75,2022-04-25,2022-04-25,2022-04-25
입항,2022,1,30873,500,2022-04-25,2022-04-25,2022-04-25
입항,2022,1,5422,90,2022-04-25,2022-04-25,2022-04-25
출항,2022,1,2690,190,2022-04-24,2022-04-24,2022-04-19
입항,2022,1,29983,380,2022-04-24,2022-04-24,2022-04-21
출항,2022,1,25400,500,2022-04-24,2022-04-24,2022-04-22
입항,2022,13,2690,190,2022-04-24,2022-04-24,2022-04-22
입항,2022,1,5758,475,2022-04-24,2022-04-24,2022-04-22
입항,2022,1,4833,9.4,2022-04-24,2022-04-24,2022-04-24
입항,2022,1,2690,190,2022-04-23,2022-04-23,2022-04-19
출항,2022,1,22635,1000,2022-04-23,2022-04-23,2022-04-20
출항,2022,1,4060,140,2022-04-23,2022-04-24,2022-04-21
입항,2022,1,44069,250,2022-04-23,2022-04-23,2022-04-21
출항,2022,1,28891,930,2022-04-23,2022-04-24,2022-04-21
출항,2022,1,7072,13,2022-04-23,2022-04-23,2022-04-22
입항,2022,1,5328,300,2022-04-23,2022-04-23,2022-04-22
입항,2022,15,2691,1,2022-04-23,2022-04-23,2022-04-22
입항,2022,1,29983,380,2022-04-23,2022-04-23,2022-04-22
입항,2022,8,5376,50,2022-04-23,2022-04-23,2022-04-22
입항,2022,14,3910,0,2022-04-23,2022-04-23,2022-04-22
입항,2022,1,5002,100,2022-04-23,2022-04-23,2022-04-23
출항,2022,3,5487,190,2022-04-23,2022-04-24,2022-04-23
출항,2022,1,29476,930,2022-04-22,2022-04-22,2022-04-19
출항,2022,1,19968,200,2022-04-22,2022-04-22,2022-04-19
출항,2022,1,25357,510,2022-04-22,2022-04-22,2022-04-21
출항,2022,4,2028,48,2022-04-22,2022-04-22,2022-04-21
출항,2022,1,12129,150,2022-04-22,2022-04-23,2022-04-21
입항,2022,1,30472,800,2022-04-22,2022-04-22,2022-04-21
입항,2022,1,16589,100,2022-04-22,2022-04-23,2022-04-21
출항,2022,1,7240,50,2022-04-22,2022-04-22,2022-04-21
출항,2022,8,7333,0,2022-04-22,2022-04-22,2022-04-21
입항,2022,1,16589,100,2022-04-22,2022-04-22,2022-04-22
출항,2022,1,11749,800,2022-04-21,2022-04-22,2022-04-18
출항,2022,1,30237,600,2022-04-21,2022-04-21,2022-04-19
통과,2022,1,60784,100,2022-04-21,2022-04-21,2022-04-20
출항,2022,1,29557,165,2022-04-21,2022-04-21,2022-04-20
출항,2022,1,30237,600,2022-04-21,2022-04-22,2022-04-20
출항,2022,1,4387,100,2022-04-21,2022-04-21,2022-04-20
출항,2022,1,7675,80,2022-04-21,2022-04-21,2022-04-20
입항,2022,1,12101,100,2022-04-21,2022-04-21,2022-04-20
출항,2022,1,2993,110,2022-04-20,2022-04-20,2022-04-19
출항,2022,1,5376,290,2022-04-20,2022-04-20,2022-04-19
입항,2022,2,11298,280,2022-04-20,2022-04-20,2022-04-19
출항,2022,5,28517,600,2022-04-20,2022-04-20,2022-04-19
출항,2022,1,4067,1200,2022-04-20,2022-04-19,2022-04-19
입항,2022,1,28844,500,2022-04-20,2022-04-21,2022-04-20
출항,2022,15,2682,90,2022-04-20,2022-04-20,2022-04-20
입항,2022,2,4812,100,2022-04-19,2022-04-19,2022-04-14
출항,2022,1,30873,1100,2022-04-19,2022-04-20,2022-04-18
출항,2022,1,29703,900,2022-04-19,2022-04-19,2022-04-18
출항,2022,1,29375,0,2022-04-19,2022-04-19,2022-04-18
입항,2022,2,4562,130,2022-04-19,2022-04-19,2022-04-18
출항,2022,1,29304,620,2022-04-19,2022-04-19,2022-04-18
출항,2022,1,8504,390,2022-04-19,2022-04-19,2022-04-18
입항,2022,1,4067,0,2022-04-19,2022-04-19,2022-04-18
입항,2022,1,11290,0,2022-04-19,2022-04-19,2022-04-18
출항,2022,1,4688,120,2022-04-19,2022-04-20,2022-04-19
입항,2022,1,29806,800,2022-04-19,2022-04-20,2022-04-19
입항,2022,1,2688,125,2022-04-18,2022-04-18,2022-04-15
출항,2022,2,22988,800,2022-04-18,2022-04-18,2022-04-15
입항,2022,2,2688,15,2022-04-18,2022-04-18,2022-04-16
입항,2022,1,7206,160,2022-04-18,2022-04-18,2022-04-16
입항,2022,1,29304,620,2022-04-18,2022-04-18,2022-04-17
입항,2022,1,4067,0,2022-04-18,2022-04-18,2022-04-17
출항,2022,3,2369,0,2022-04-18,2022-04-18,2022-04-17
출항,2022,2,2688,0,2022-04-18,2022-04-18,2022-04-17
입항,2022,1,28534,750,2022-04-18,2022-04-18,2022-04-17
입항,2022,1,3887,150,2022-04-18,2022-04-18,2022-04-18
입항,2022,1,7206,160,2022-04-18,2022-04-26,2022-04-18
출항,2022,7,2695,100,2022-04-17,2022-04-17,2022-04-09
출항,2022,1,7064,186,2022-04-17,2022-04-17,2022-04-15
입항,2022,1,29651,750,2022-04-17,2022-04-17,2022-04-15
입항,2022,5,3595,35,2022-04-17,2022-04-17,2022-04-15
출항,2022,1,11568,190,2022-04-17,2022-04-17,2022-04-15
출항,2022,1,62809,850,2022-04-17,2022-04-18,2022-04-15
입항,2022,1,2106,95,2022-04-17,2022-04-17,2022-04-15
입항,2022,1,29557,200,2022-04-17,2022-04-17,2022-04-15
입항,2022,1,5435,220,2022-04-17,2022-04-17,2022-04-15
출항,2022,6,3376,0,2022-04-16,2022-04-16,2022-04-14
출항,2022,1,4040,155,2022-04-16,2022-04-16,2022-04-14
출항,2022,7,2193,110,2022-04-16,2022-04-16,2022-04-15
입항,2022,1,29455,450,2022-04-16,2022-04-16,2022-04-15
입항,2022,1,5649,100,2022-04-16,2022-04-16,2022-04-15
입항,2022,1,28054,400,2022-04-16,2022-04-16,2022-04-15
입항,2022,1,7687,200,2022-04-16,2022-04-16,2022-04-15
입항,2022,9,8539,0,2022-04-16,2022-04-16,2022-04-15
입항,2022,5,2369,125,2022-04-16,2022-04-16,2022-04-15
입항,2022,1,2517,75,2022-04-16,2022-04-16,2022-04-15
입항,2022,1,29806,840,2022-04-16,2022-04-17,2022-04-15
입항,2022,1,4416,0,2022-04-16,2022-04-16,2022-04-15
통과,2022,1,44389,100,2022-04-15,2022-04-22,2022-04-22
출항,2022,1,154449,600,2022-04-14,2022-04-14,2022-04-11
출항,2022,1,4067,135,2022-04-14,2022-04-14,2022-04-13
출항,2022,1,3910,80,2022-04-14,2022-04-14,2022-04-13
출항,2022,1,8261,0,2022-04-13,2022-04-13,2022-04-12
출항,2022,1,2579,15,2022-04-13,2022-04-13,2022-04-12
출항,2022,4,2362,0,2022-04-12,2022-04-12,2022-04-10
입항,2022,1,7411,200,2022-04-12,2022-04-12,2022-04-11
출항,2022,1,5197,120,2022-04-12,2022-04-12,2022-04-11
출항,2022,1,6823,30,2022-04-12,2022-04-12,2022-04-11
입항,2022,1,8550,380,2022-04-12,2022-04-13,2022-04-11
출항,2022,1,3575,160,2022-04-12,2022-04-12,2022-04-11
입항,2022,1,11987,220,2022-04-12,2022-04-12,2022-04-11
입항,2022,1,61630,900,2022-04-12,2022-04-12,2022-04-11
출항,2022,1,8072,0,2022-04-12,2022-04-12,2022-04-11
입항,2022,1,2101,0,2022-04-12,2022-04-12,2022-04-11
입항,2022,12,7675,350,2022-04-12,2022-04-12,2022-04-11
입항,2022,1,2676,70,2022-04-12,2022-04-13,2022-04-12
출항,2022,1,2993,30,2022-04-11,2022-04-11,2022-04-08
입항,2022,1,34128,700,2022-04-11,2022-04-11,2022-04-08
통과,2022,1,30310,1200,2022-04-11,2022-04-11,2022-04-08
출항,2022,1,46746,850,2022-04-11,2022-04-11,2022-04-08
입항,2022,1,2579,25,2022-04-11,2022-04-12,2022-04-08
출항,2022,1,8072,150,2022-04-11,2022-04-11,2022-04-08
통과,2022,1,30068,650,2022-04-11,2022-04-11,2022-04-10
출항,2022,1,2812,200,2022-04-11,2022-04-11,2022-04-10
출항,2022,1,29553,500,2022-04-11,2022-04-12,2022-04-11
출항,2022,1,7675,130,2022-04-11,2022-04-12,2022-04-11
출항,2022,2,15192,200,2022-04-10,2022-04-10,2022-04-08
통과,2022,2,6153,60,2022-04-10,2022-04-10,2022-04-08
입항,2022,1,29553,500,2022-04-10,2022-04-10,2022-04-08
출항,2022,1,8271,200,2022-04-10,2022-04-10,2022-04-08
출항,2022,1,3187,225,2022-04-10,2022-04-10,2022-04-08
출항,2022,1,64245,500,2022-04-10,2022-04-11,2022-04-08
입항,2022,1,7675,30,2022-04-10,2022-04-10,2022-04-08
출항,2022,1,3575,160,2022-04-10,2022-04-10,2022-04-08
출항,2022,1,5083,110,2022-04-10,2022-04-10,2022-04-08
출항,2022,3,2691,50,2022-04-10,2022-04-10,2022-04-08
입항,2022,2,21316,50,2022-04-10,2022-04-11,2022-04-08
출항,2022,1,2652,100,2022-04-10,2022-04-10,2022-04-09
출항,2022,5,8944,180,2022-04-10,2022-04-11,2022-04-10
출항,2022,1,57237,500,2022-04-10,2022-04-11,2022-04-10
입항,2022,5,7411,340,2022-04-09,2022-04-09,2022-04-04
출항,2022,1,4543,25,2022-04-09,2022-04-09,2022-04-07
입항,2022,7,2163,90,2022-04-09,2022-04-09,2022-04-07
입항,2022,1,12091,350,2022-04-09,2022-04-09,2022-04-08
출항,2022,1,5331,120,2022-04-09,2022-04-10,2022-04-08
입항,2022,1,29760,700,2022-04-09,2022-04-09,2022-04-08
입항,2022,2,2812,500,2022-04-09,2022-04-09,2022-04-08
입항,2022,1,3240,1,2022-04-09,2022-04-09,2022-04-09
출항,2022,3,4301,130,2022-04-08,2022-04-08,2022-04-07
출항,2022,1,11757,100,2022-04-08,2022-04-08,2022-04-07
입항,2022,1,43974,200,2022-04-08,2022-04-08,2022-04-07
통과,2022,1,11615,500,2022-04-08,2022-04-08,2022-04-07
입항,2022,1,4544,260,2022-04-08,2022-04-09,2022-04-07
출항,2022,1,28891,0,2022-04-08,2022-04-08,2022-04-07
출항,2022,3,7424,270,2022-04-07,2022-04-07,2022-04-06
출항,2022,1,5667,300,2022-04-07,2022-04-07,2022-04-06
출항,2022,1,48714,800,2022-04-07,2022-04-07,2022-04-06
출항,2022,1,4387,10,2022-04-07,2022-04-07,2022-04-06
출항,2022,1,28891,0,2022-04-07,2022-04-07,2022-04-06
입항,2022,1,4828,0,2022-04-07,2022-04-07,2022-04-06
출항,2022,1,44155,1200,2022-04-07,2022-04-08,2022-04-06
출항,2022,8,3038,50,2022-04-06,2022-04-07,2022-04-04
통과,2022,1,20334,100,2022-04-06,2022-04-06,2022-04-05
출항,2022,8,3185,90,2022-04-06,2022-04-06,2022-04-05
출항,2022,1,65552,1500,2022-04-06,2022-04-07,2022-04-05
출항,2022,1,4758,250,2022-04-06,2022-04-10,2022-04-05
출항,2022,1,28891,650,2022-04-06,2022-04-06,2022-04-05
출항,2022,1,65552,1500,2022-04-06,2022-04-07,2022-04-06
출항,2022,1,29562,600,2022-04-06,2022-05-06,2022-05-04
입항,2022,1,11640,300,2022-04-05,2022-04-06,2022-03-31
입항,2022,1,5201,300,2022-04-05,2022-04-05,2022-04-04
입항,2022,3,2028,70,2022-04-05,2022-04-05,2022-04-04
출항,2022,1,8072,13400,2022-04-05,2022-04-05,2022-04-04
출항,2022,1,8331,320,2022-04-05,2022-04-05,2022-04-04
입항,2022,1,3384,180,2022-04-05,2022-04-05,2022-04-05
입항,2022,1,22988,200,2022-04-05,2022-04-06,2022-04-05
출항,2022,4,4488,200,2022-04-04,2022-04-04,2022-04-01
출항,2022,1,6976,270,2022-04-04,2022-04-04,2022-04-01
출항,2022,6,5598,1,2022-04-04,2022-04-05,2022-04-01
출항,2022,1,5331,180,2022-04-04,2022-04-04,2022-04-03
출항,2022,1,8279,200,2022-04-04,2022-04-03,2022-04-03
통과,2022,1,5988,50,2022-04-04,2022-04-04,2022-04-04
입항,2022,1,7699,0,2022-04-04,2022-04-04,2022-04-04
출항,2022,1,2579,100,2022-04-04,2022-04-05,2022-04-04
출항,2022,1,2490,30,2022-04-04,2022-04-05,2022-04-04
출항,2022,1,8539,1200,2022-04-03,2022-04-03,2022-04-01
출항,2022,1,5060,200,2022-04-03,2022-04-03,2022-04-01
입항,2022,1,2579,100,2022-04-03,2022-04-03,2022-04-01
입항,2022,1,8577,100,2022-04-03,2022-04-03,2022-04-01
출항,2022,9,2101,1,2022-04-03,2022-04-04,2022-04-01
입항,2022,1,8279,200,2022-04-03,2022-04-03,2022-04-01
입항,2022,3,4060,0,2022-04-03,2022-04-03,2022-04-02
출항,2022,1,7143,1,2022-04-03,2022-04-03,2022-04-02
출항,2022,1,28891,0,2022-04-03,2022-04-03,2022-04-02
출항,2022,1,2579,100,2022-04-03,2022-04-04,2022-04-03
입항,2022,1,28517,500,2022-04-03,2022-05-03,2022-05-02
출항,2022,1,29168,600,2022-04-02,2022-04-03,2022-03-31
출항,2022,1,29256,465,2022-04-02,2022-04-03,2022-03-31
입항,2022,1,31534,700,2022-04-02,2022-04-02,2022-03-31
입항,2022,1,40954,250,2022-04-02,2022-04-03,2022-03-31
출항,2022,1,4067,100,2022-04-02,2022-04-03,2022-04-01
출항,2022,1,47236,1530,2022-04-02,2022-04-02,2022-04-01
출항,2022,1,3910,180,2022-04-02,2022-04-03,2022-04-01
입항,2022,1,4688,150,2022-04-02,2022-04-02,2022-04-01
출항,2022,1,2993,20,2022-04-02,2022-04-03,2022-04-01
입항,2022,1,7215,310,2022-04-02,2022-04-02,2022-04-01
입항,2022,1,5074,120,2022-04-01,2022-04-01,2022-03-31
출항,2022,1,11573,750,2022-03-31,2022-04-01,2022-03-29
입항,2022,1,5025,100,2022-03-31,2022-03-31,2022-03-30
출항,2022,1,20151,800,2022-03-31,2022-03-31,2022-03-30
출항,2022,1,29646,570,2022-03-31,2022-03-31,2022-03-30
출항,2022,1,20151,450,2022-03-31,2022-03-31,2022-03-30
출항,2022,1,8263,320,2022-03-31,2022-03-31,2022-03-30
출항,2022,1,4812,0,2022-03-31,2022-03-31,2022-03-30
입항,2022,1,4960,170,2022-03-30,2022-03-30,2022-03-27
입항,2022,1,29410,500,2022-03-30,2022-03-30,2022-03-29
출항,2022,1,11918,180,2022-03-30,2022-03-31,2022-03-29
입항,2022,1,29705,500,2022-03-30,2022-03-30,2022-03-29
입항,2022,1,4812,0,2022-03-30,2022-03-30,2022-03-29
출항,2022,1,2579,150,2022-03-30,2022-03-31,2022-03-29
출항,2022,1,64573,800,2022-03-30,2022-03-31,2022-03-29
입항,2022,1,29410,500,2022-03-30,2022-03-30,2022-03-29
출항,2022,1,4812,100,2022-03-30,2022-03-31,2022-03-30
출항,2022,1,4758,200,2022-03-29,2022-03-29,2022-03-28
출항,2022,1,28245,100,2022-03-29,2022-03-29,2022-03-28
출항,2022,1,27976,200,2022-03-29,2022-03-29,2022-03-28
출항,2022,1,4261,230,2022-03-29,2022-03-29,2022-03-28
입항,2022,1,12225,130,2022-03-29,2022-03-30,2022-03-28
출항,2022,7,4040,60,2022-03-29,2022-03-30,2022-03-28
출항,2022,1,4261,215,2022-03-29,2022-03-29,2022-03-29
입항,2022,1,7143,200,2022-03-29,2022-03-30,2022-03-29
통과,2022,1,6288,120,2022-03-28,2022-03-28,2022-03-25
입항,2022,1,29841,850,2022-03-28,2022-03-28,2022-03-25
입항,2022,1,4261,215,2022-03-28,2022-03-28,2022-03-25
입항,2022,1,64573,600,2022-03-28,2022-03-29,2022-03-25
입항,2022,1,22987,100,2022-03-28,2022-03-29,2022-03-25
출항,2022,1,5347,400,2022-03-28,2022-03-28,2022-03-27
입항,2022,1,3834,1,2022-03-28,2022-03-28,2022-03-27
입항,2022,1,3887,230,2022-03-28,2022-03-28,2022-03-27
입항,2022,10,2193,50,2022-03-28,2022-03-28,2022-03-28
출항,2022,1,3575,200,2022-03-28,2022-03-28,2022-03-28
통과,2022,1,27547,700,2022-03-28,2022-03-29,2022-03-28
입항,2022,1,2652,100,2022-03-28,2022-03-28,2022-03-28
입항,2022,1,6861,120,2022-03-28,2022-03-29,2022-03-28
통과,2022,1,46250,910,2022-03-27,2022-03-27,2022-03-22
출항,2022,1,47129,1950,2022-03-27,2022-03-27,2022-03-25
입항,2022,1,61630,750,2022-03-27,2022-03-27,2022-03-25
출항,2022,1,3038,100,2022-03-27,2022-03-27,2022-03-25
출항,2022,1,8271,280,2022-03-27,2022-03-27,2022-03-26
출항,2022,1,5422,30,2022-03-27,2022-03-27,2022-03-26
출항,2022,1,2652,200,2022-03-27,2022-03-27,2022-03-27
출항,2022,1,27547,700,2022-03-27,2022-03-28,2022-03-27
통과,2022,1,32379,600,2022-03-25,2022-03-26,2022-03-24
입항,2022,2,2369,5,2022-03-25,2022-03-25,2022-03-24
출항,2022,1,12802,750,2022-03-25,2022-03-25,2022-03-24
입항,2022,1,61241,800,2022-03-25,2022-03-25,2022-03-24
출항,2022,1,2059,105,2022-03-25,2022-03-25,2022-03-24
출항,2022,11,2691,1,2022-03-25,2022-03-25,2022-03-24
입항,2022,1,2696,85,2022-03-25,2022-03-25,2022-03-24
출항,2022,2,5518,360,2022-03-24,2022-03-25,2022-03-16
입항,2022,1,26364,1200,2022-03-24,2022-03-25,2022-03-21
출항,2022,1,31229,350,2022-03-24,2022-03-24,2022-03-21
출항,2022,1,31229,800,2022-03-24,2022-03-24,2022-03-22
출항,2022,1,7228,300,2022-03-24,2022-03-23,2022-03-22
출항,2022,1,6194,300,2022-03-24,2022-03-25,2022-03-23
출항,2022,7,2101,1,2022-03-24,2022-03-25,2022-03-23
출항,2022,1,10549,100,2022-03-24,2022-03-24,2022-03-23
입항,2022,1,7675,160,2022-03-24,2022-03-24,2022-03-23
출항,2022,1,8539,50,2022-03-24,2022-03-24,2022-03-23
입항,2022,1,4387,1,2022-03-24,2022-03-24,2022-03-23
입항,2022,11,2682,120,2022-03-24,2022-03-24,2022-03-24
출항,2022,1,16589,150,2022-03-23,2022-03-23,2022-03-21
출항,2022,1,17208,660,2022-03-23,2022-03-23,2022-03-22
출항,2022,1,2101,105,2022-03-23,2022-03-23,2022-03-22
출항,2022,1,6288,300,2022-03-23,2022-03-24,2022-03-22
출항,2022,1,17208,560,2022-03-23,2022-03-23,2022-03-22
입항,2022,1,29578,270,2022-03-23,2022-03-23,2022-03-22
출항,2022,6,2761,105,2022-03-23,2022-03-24,2022-03-22
출항,2022,1,9800,300,2022-03-23,2022-03-23,2022-03-22
입항,2022,1,57301,500,2022-03-23,2022-03-23,2022-03-22
출항,2022,1,17915,500,2022-03-23,2022-03-23,2022-03-22
입항,2022,1,30053,500,2022-03-23,2022-03-23,2022-03-22
출항,2022,1,62427,0,2022-03-23,2022-03-23,2022-03-22
입항,2022,1,7675,0,2022-03-23,2022-03-23,2022-03-22
입항,2022,1,4060,150,2022-03-23,2022-03-24,2022-03-23
출항,2022,1,6288,300,2022-03-23,2022-03-23,2022-03-23
입항,2022,1,6194,80,2022-03-23,2022-03-24,2022-03-23
출항,2022,1,30873,400,2022-03-22,2022-03-23,2022-03-21
출항,2022,1,17413,300,2022-03-22,2022-03-22,2022-03-21
출항,2022,1,17413,300,2022-03-22,2022-03-22,2022-03-21
입항,2022,1,29804,600,2022-03-22,2022-03-22,2022-03-21
출항,2022,1,7333,50,2022-03-22,2022-03-22,2022-03-21
입항,2022,1,4956,50,2022-03-22,2022-03-22,2022-03-21
입항,2022,2,11749,300,2022-03-22,2022-03-21,2022-03-21
출항,2022,1,2999,0,2022-03-22,2022-03-22,2022-03-21
출항,2022,1,163257,500,2022-03-21,2022-03-21,2022-03-15
출항,2022,1,13201,100,2022-03-21,2022-03-21,2022-03-18
입항,2022,1,7368,350,2022-03-21,2022-03-21,2022-03-18
출항,2022,1,59164,350,2022-03-21,2022-03-22,2022-03-18
입항,2022,1,29684,500,2022-03-21,2022-03-21,2022-03-18
출항,2022,1,29410,590,2022-03-21,2022-03-21,2022-03-18
출항,2022,1,29578,500,2022-03-21,2022-03-21,2022-03-18
출항,2022,1,29744,0,2022-03-21,2022-03-21,2022-03-18
출항,2022,1,4241,105,2022-03-21,2022-03-21,2022-03-20
출항,2022,2,3435,10000,2022-03-21,2022-03-21,2022-03-20
출항,2022,1,2981,40,2022-03-21,2022-03-21,2022-03-20
입항,2022,1,21213,0,2022-03-21,2022-03-21,2022-03-20
입항,2022,2,11749,0,2022-03-21,2022-03-21,2022-03-20
출항,2022,1,29744,200,2022-03-21,2022-03-22,2022-03-21
출항,2022,1,59164,700,2022-03-21,2022-03-22,2022-03-21
출항,2022,1,13201,100,2022-03-21,2022-03-22,2022-03-21
출항,2022,1,2981,60,2022-03-21,2022-03-22,2022-03-21
출항,2022,1,23124,100,2022-03-20,2022-03-20,2022-03-18
입항,2022,1,28458,300,2022-03-20,2022-03-20,2022-03-18
출항,2022,1,7217,250,2022-03-20,2022-03-21,2022-03-18
입항,2022,1,4067,100,2022-03-20,2022-03-20,2022-03-19
입항,2022,1,20145,10,2022-03-20,2022-03-20,2022-03-19
입항,2022,7,4067,0,2022-03-20,2022-03-20,2022-03-19
입항,2022,9,4862,100,2022-03-20,2022-03-20,2022-03-19
출항,2022,1,29744,0,2022-03-20,2022-03-20,2022-03-19
입항,2022,1,22987,210,2022-03-19,2022-03-20,2022-03-16
입항,2022,1,16177,150,2022-03-19,2022-03-20,2022-03-17
입항,2022,1,30031,0,2022-03-19,2022-03-19,2022-03-18
입항,2022,1,8294,0,2022-03-19,2022-03-19,2022-03-19
입항,2022,1,4164,200,2022-03-19,2022-03-19,2022-03-19
출항,2022,1,17413,300,2022-03-18,2022-03-18,2022-03-10
입항,2022,1,2355,200,2022-03-18,2022-03-19,2022-03-16
입항,2022,1,8625,200,2022-03-17,2022-03-17,2022-03-15
출항,2022,1,5328,250,2022-03-17,2022-03-17,2022-03-15
출항,2022,1,29507,350,2022-03-17,2022-03-17,2022-03-15
입항,2022,1,30112,700,2022-03-17,2022-03-17,2022-03-15
출항,2022,1,3575,100,2022-03-17,2022-03-17,2022-03-16
입항,2022,1,3834,110,2022-03-17,2022-03-17,2022-03-16
입항,2022,1,22988,150,2022-03-17,2022-03-17,2022-03-16
출항,2022,1,3575,0,2022-03-17,2022-03-17,2022-03-16
출항,2022,1,23124,100,2022-03-17,2022-03-17,2022-03-16
출항,2022,1,11986,370,2022-03-16,2022-03-16,2022-03-11
출항,2022,1,29403,200,2022-03-16,2022-03-16,2022-03-14
출항,2022,1,8407,250,2022-03-16,2022-03-16,2022-03-15
출항,2022,1,2993,100,2022-03-16,2022-03-16,2022-03-15
입항,2022,1,7411,410,2022-03-16,2022-03-16,2022-03-15
입항,2022,1,7234,50,2022-03-16,2022-03-16,2022-03-15
출항,2022,2,10380,30,2022-03-16,2022-03-16,2022-03-15
입항,2022,1,7745,360,2022-03-16,2022-03-16,2022-03-15
입항,2022,1,8254,170,2022-03-16,2022-03-16,2022-03-15
입항,2022,1,26967,500,2022-03-16,2022-03-16,2022-03-15
입항,2022,1,43797,700,2022-03-16,2022-03-16,2022-03-15
출항,2022,1,4376,0,2022-03-16,2022-03-16,2022-03-15
입항,2022,1,3575,0,2022-03-16,2022-03-16,2022-03-15
출항,2022,1,4175,230,2022-03-16,2022-03-22,2022-03-21
입항,2022,1,29124,900,2022-03-15,2022-03-14,2022-03-10
출항,2022,1,5376,240,2022-03-15,2022-03-15,2022-03-11
출항,2022,1,47379,850,2022-03-15,2022-03-15,2022-03-14
입항,2022,1,4376,0,2022-03-15,2022-03-15,2022-03-14
입항,2022,1,7675,100,2022-03-15,2022-03-15,2022-03-14
출항,2022,1,29553,430,2022-03-15,2022-03-15,2022-03-14
출항,2022,1,3376,250,2022-03-15,2022-03-15,2022-03-14
입항,2022,1,8455,250,2022-03-15,2022-03-15,2022-03-14
입항,2022,3,2362,130,2022-03-15,2022-03-15,2022-03-15
입항,2022,1,7251,200,2022-03-15,2022-03-16,2022-03-15
통과,2022,1,6961,372,2022-03-14,2022-03-14,2022-03-11
출항,2022,6,5376,240,2022-03-14,2022-03-14,2022-03-11
출항,2022,1,2579,100,2022-03-14,2022-03-14,2022-03-14
입항,2022,2,8944,260,2022-03-14,2022-03-15,2022-03-14
입항,2022,10,2497,100,2022-03-14,2022-03-21,2022-03-20
출항,2022,1,16572,415,2022-03-13,2022-03-14,2022-03-10
출항,2022,1,3376,250,2022-03-13,2022-03-13,2022-03-10
입항,2022,1,29403,500,2022-03-13,2022-03-14,2022-03-11
출항,2022,1,9999,350,2022-03-13,2022-03-14,2022-03-11
출항,2022,2,16572,450,2022-03-13,2022-03-13,2022-03-11
출항,2022,1,25916,950,2022-03-13,2022-03-13,2022-03-11
입항,2022,1,4060,150,2022-03-13,2022-03-13,2022-03-12
통과,2022,1,12105,300,2022-03-12,2022-03-12,2022-03-10
입항,2022,1,65830,100,2022-03-12,2022-03-13,2022-03-10
입항,2022,1,29403,500,2022-03-12,2022-03-12,2022-03-11
출항,2022,1,4040,60,2022-03-12,2022-03-13,2022-03-11
출항,2022,1,4564,400,2022-03-12,2022-03-12,2022-03-11
입항,2022,1,11290,300,2022-03-12,2022-03-12,2022-03-11
출항,2022,1,11752,330,2022-03-12,2022-03-11,2022-03-11
입항,2022,1,5667,290,2022-03-12,2022-03-12,2022-03-11
출항,2022,1,7687,100,2022-03-12,2022-03-12,2022-03-11
출항,2022,1,3575,100,2022-03-12,2022-03-12,2022-03-11
출항,2022,1,81817,600,2022-03-12,2022-03-12,2022-03-11
통과,2022,1,100244,2800,2022-03-11,2022-03-11,2022-02-21
입항,2022,1,29736,480,2022-03-11,2022-03-11,2022-03-08
입항,2022,1,4235,265,2022-03-11,2022-03-12,2022-03-10
출항,2022,1,25916,950,2022-03-11,2022-03-12,2022-03-11
출항,2022,1,8944,40,2022-03-11,2022-03-11,2022-03-11
출항,2022,1,16685,500,2022-03-10,2022-03-10,2022-03-06
출항,2022,1,2625,100,2022-03-10,2022-03-10,2022-03-08
출항,2022,1,12091,200,2022-03-10,2022-03-10,2022-03-08
입항,2022,1,48887,1200,2022-03-10,2022-03-11,2022-03-08
입항,2022,1,31534,800,2022-03-10,2022-03-10,2022-03-08
입항,2022,1,5422,190,2022-03-10,2022-03-10,2022-03-08
입항,2022,1,7414,75,2022-03-10,2022-03-10,2022-03-08
입항,2022,1,4060,0,2022-03-10,2022-03-10,2022-03-09
입항,2022,1,48887,1200,2022-03-10,2022-03-11,2022-03-10
입항,2022,1,22446,200,2022-03-09,2022-03-09,2022-03-07
출항,2022,1,29998,100,2022-03-09,2022-03-09,2022-03-08
입항,2022,1,16589,10,2022-03-09,2022-03-10,2022-03-08
출항,2022,1,4091,200,2022-03-09,2022-03-09,2022-03-08
입항,2022,8,7675,30,2022-03-09,2022-03-10,2022-03-09
출항,2022,1,3428,200,2022-03-08,2022-03-08,2022-03-06
출항,2022,1,4543,100,2022-03-08,2022-03-08,2022-03-07
출항,2022,1,29998,100,2022-03-08,2022-03-08,2022-03-07
출항,2022,1,63338,0,2022-03-08,2022-03-08,2022-03-07
입항,2022,1,8562,400,2022-03-07,2022-03-07,2022-03-05
통과,2022,1,46250,1475,2022-03-07,2022-03-07,2022-03-06
출항,2022,1,5961,430,2022-03-07,2022-03-07,2022-03-06
출항,2022,1,3686,1,2022-03-07,2022-03-07,2022-03-06
입항,2022,3,4387,30,2022-03-07,2022-03-08,2022-03-07
출항,2022,1,8504,350,2022-03-06,2022-03-06,2022-03-03
출항,2022,1,5945,180,2022-03-06,2022-03-06,2022-03-04
출항,2022,1,29999,1000,2022-03-06,2022-03-07,2022-03-04
출항,2022,1,154449,500,2022-03-06,2022-03-07,2022-03-04
입항,2022,1,25400,500,2022-03-06,2022-03-06,2022-03-05
입항,2022,1,2999,130,2022-03-06,2022-03-06,2022-03-05
출항,2022,1,4178,130,2022-03-06,2022-03-06,2022-03-05
통과,2022,1,46250,1475,2022-03-05,2022-03-05,2022-03-02
출항,2022,1,4040,50,2022-03-05,2022-03-05,2022-03-03
출항,2022,1,2210,60,2022-03-05,2022-03-05,2022-03-04
입항,2022,1,3595,20,2022-03-04,2022-03-04,2022-03-03
출항,2022,7,2690,1,2022-03-04,2022-03-04,2022-03-02
출항,2022,1,3038,100,2022-03-04,2022-03-04,2022-03-02
출항,2022,7,2690,3,2022-03-04,2022-03-04,2022-03-03
출항,2022,1,5060,200,2022-03-04,2022-03-04,2022-03-03
입항,2022,1,29168,90,2022-03-04,2022-03-04,2022-03-03
출항,2022,1,46876,1175,2022-03-04,2022-03-04,2022-03-03
출항,2022,1,5074,170,2022-03-04,2022-03-04,2022-03-03
출항,2022,1,3887,200,2022-03-04,2022-03-04,2022-03-03
입항,2022,1,5945,0,2022-03-04,2022-03-04,2022-03-03
출항,2022,1,3887,200,2022-03-04,2022-03-04,2022-03-03
입항,2022,1,4164,1,2022-03-04,2022-03-04,2022-03-03
입항,2022,1,7675,340,2022-03-04,2022-03-05,2022-03-04
출항,2022,1,8256,120,2022-03-03,2022-03-03,2022-03-02
출항,2022,1,14750,900,2022-03-03,2022-03-03,2022-03-02
출항,2022,6,2101,1,2022-03-03,2022-03-03,2022-03-02
입항,2022,1,29649,200,2022-03-03,2022-03-03,2022-03-02
출항,2022,1,30965,350,2022-03-03,2022-03-02,2022-03-02
입항,2022,1,8072,200,2022-03-03,2022-03-03,2022-03-02
출항,2022,1,4060,15,2022-03-03,2022-03-03,2022-03-02
출항,2022,1,2101,50,2022-03-03,2022-03-03,2022-03-02
출항,2022,7,2690,1,2022-03-03,2022-03-03,2022-03-02
입항,2022,1,7301,180,2022-03-03,2022-03-03,2022-03-02
출항,2022,1,3910,150,2022-03-03,2022-03-03,2022-03-11
출항,2022,4,8525,220,2022-03-02,2022-03-03,2022-02-28
출항,2022,5,5546,250,2022-03-02,2022-03-02,2022-02-28
출항,2022,8,2682,100,2022-03-02,2022-03-02,2022-02-28
출항,2022,2,2999,190,2022-03-02,2022-03-02,2022-02-28
출항,2022,1,30948,0,2022-03-02,2022-03-02,2022-02-28
출항,2022,1,4159,170,2022-03-02,2022-03-02,2022-03-01
입항,2022,1,30259,600,2022-03-02,2022-03-02,2022-03-01
출항,2022,1,8525,220,2022-03-02,2022-03-03,2022-03-01
출항,2022,1,4060,225,2022-03-02,2022-03-02,2022-03-02
출항,2022,1,4862,150,2022-03-02,2022-03-02,2022-03-02
통과,2022,1,122239,800,2022-03-02,2022-03-03,2022-03-02
입항,2022,1,5667,300,2022-03-02,2022-03-02,2022-03-02
출항,2022,6,2690,11,2022-03-01,2022-03-01,2022-02-25
입항,2022,1,40763,420,2022-03-01,2022-03-01,2022-02-28
출항,2022,1,2101,50,2022-03-01,2022-03-01,2022-02-28
출항,2022,1,8499,12000,2022-03-01,2022-03-01,2022-02-28
출항,2022,1,8072,190,2022-03-01,2022-03-02,2022-02-28
출항,2022,1,16179,470,2022-03-01,2022-03-01,2022-02-28
출항,2022,1,52868,1020,2022-03-01,2022-03-01,2022-02-28
출항,2022,1,160705,100,2022-03-01,2022-03-01,2022-02-28
입항,2022,10,2691,1,2022-03-01,2022-03-01,2022-02-28
입항,2022,1,28054,900,2022-03-01,2022-03-01,2022-02-28
출항,2022,1,8294,230,2022-03-01,2022-03-02,2022-02-28
입항,2022,1,30112,490,2022-03-01,2022-03-01,2022-02-28
입항,2022,1,30027,350,2022-03-01,2022-03-01,2022-02-28
입항,2022,1,30259,637,2022-03-01,2022-03-02,2022-02-28
통과,2022,1,122239,800,2022-02-28,2022-02-28,2022-02-21
출항,2022,1,16386,200,2022-02-28,2022-02-28,2022-02-25
출항,2022,1,4060,135,2022-02-28,2022-02-28,2022-02-25
입항,2022,1,8625,230,2022-02-28,2022-03-01,2022-02-28
입항,2022,2,7387,300,2022-02-27,2022-02-27,2022-02-25
출항,2022,1,7240,50,2022-02-27,2022-02-27,2022-02-25
출항,2022,1,2059,105,2022-02-27,2022-02-27,2022-02-25
통과,2022,1,4688,180,2022-02-27,2022-02-27,2022-02-25
입항,2022,1,23676,200,2022-02-27,2022-02-27,2022-02-25
출항,2022,1,8261,330,2022-02-27,2022-02-27,2022-02-25
입항,2022,1,4417,120,2022-02-27,2022-02-27,2022-02-25
출항,2022,1,8261,250,2022-02-27,2022-02-27,2022-02-26
출항,2022,1,42897,1,2022-02-27,2022-02-27,2022-02-26
통과,2022,1,17018,565,2022-02-26,2022-02-25,2022-02-25
출항,2022,1,17018,560,2022-02-26,2022-02-26,2022-02-25
출항,2022,1,3834,120,2022-02-26,2022-02-26,2022-02-25
입항,2022,1,8045,605,2022-02-26,2022-02-26,2022-02-25
입항,2022,1,7240,30,2022-02-26,2022-02-26,2022-02-25
입항,2022,1,4960,50,2022-02-26,2022-02-26,2022-02-25
입항,2022,1,7234,283,2022-02-26,2022-02-26,2022-02-25
입항,2022,4,4060,135,2022-02-26,2022-02-26,2022-02-26
입항,2022,1,8295,335,2022-02-25,2022-02-25,2022-02-24
입항,2022,1,4048,150,2022-02-25,2022-02-26,2022-02-24
입항,2022,1,29557,500,2022-02-25,2022-02-25,2022-02-24
입항,2022,1,29557,450,2022-02-25,2022-02-25,2022-02-24
출항,2022,1,8504,80,2022-02-25,2022-02-25,2022-02-24
출항,2022,1,4972,175,2022-02-25,2022-02-25,2022-02-24
입항,2022,1,3910,100,2022-02-25,2022-02-25,2022-02-24
출항,2022,1,29460,0,2022-02-25,2022-02-25,2022-02-25
입항,2022,1,4544,180,2022-02-25,2022-02-26,2022-02-25
출항,2022,1,3535,130,2022-02-25,2022-02-25,2022-02-25
출항,2022,1,4543,25,2022-02-25,2022-02-26,2022-02-25
출항,2022,1,42897,1450,2022-02-25,2022-02-26,2022-02-25
통과,2022,1,120525,2050,2022-02-24,2022-02-25,2022-02-07
출항,2022,2,28891,1000,2022-02-24,2022-02-24,2022-02-21
입항,2022,1,2355,110,2022-02-24,2022-02-24,2022-02-23
출항,2022,1,4828,140,2022-02-24,2022-02-25,2022-02-23
출항,2022,1,25400,600,2022-02-24,2022-02-24,2022-02-23
입항,2022,1,50695,0,2022-02-24,2022-02-24,2022-02-23
출항,2022,2,28891,1100,2022-02-24,2022-02-24,2022-02-24
입항,2022,1,4828,140,2022-02-24,2022-02-24,2022-02-24
입항,2022,1,3535,130,2022-02-24,2022-02-25,2022-02-24
입항,2022,1,4543,25,2022-02-24,2022-02-25,2022-02-24
출항,2022,1,8072,200,2022-02-23,2022-02-23,2022-02-21
출항,2022,1,29513,870,2022-02-23,2022-02-22,2022-02-22
출항,2022,1,8473,13000,2022-02-23,2022-02-23,2022-02-22
입항,2022,6,7675,300,2022-02-23,2022-02-23,2022-02-22
출항,2022,1,29279,630,2022-02-23,2022-02-23,2022-02-22
입항,2022,1,3376,300,2022-02-23,2022-02-23,2022-02-22
출항,2022,1,5376,250,2022-02-23,2022-02-23,2022-02-22
입항,2022,1,7675,300,2022-02-23,2022-02-23,2022-02-22
입항,2022,1,2490,1,2022-02-23,2022-02-22,2022-02-22
입항,2022,1,2579,130,2022-02-23,2022-02-24,2022-02-23
출항,2022,1,61237,1000,2022-02-23,2022-02-24,2022-02-23
입항,2022,1,5720,300,2022-02-22,2022-02-22,2022-02-21
입항,2022,1,29460,400,2022-02-22,2022-02-23,2022-02-21
출항,2022,1,3038,60,2022-02-22,2022-02-22,2022-02-21
출항,2022,1,4387,125,2022-02-22,2022-02-22,2022-02-21
출항,2022,8,4060,80,2022-02-22,2022-02-22,2022-02-21
입항,2022,1,40996,85,2022-02-22,2022-02-22,2022-02-21
출항,2022,1,2823,70,2022-02-22,2022-02-22,2022-02-21
출항,2022,1,7098,0,2022-02-22,2022-02-22,2022-02-21
입항,2022,1,22402,0,2022-02-22,2022-02-22,2022-02-21
입항,2022,1,8295,0,2022-02-22,2022-02-21,2022-02-21
출항,2022,1,25400,600,2022-02-22,2022-02-23,2022-02-22
입항,2022,1,5720,300,2022-02-21,2022-02-21,2022-02-18
출항,2022,1,5422,166,2022-02-21,2022-02-21,2022-02-18
출항,2022,2,28891,1,2022-02-21,2022-02-21,2022-02-20
출항,2022,1,5359,0,2022-02-21,2022-02-21,2022-02-20
출항,2022,1,3910,150,2022-02-21,2022-02-21,2022-02-21
입항,2022,5,2438,1,2022-02-20,2022-02-20,2022-02-11
출항,2022,1,16084,100,2022-02-20,2022-02-20,2022-02-15
출항,2022,1,63513,1210,2022-02-20,2022-02-20,2022-02-17
출항,2022,1,28517,500,2022-02-20,2022-02-20,2022-02-18
출항,2022,2,21315,250,2022-02-20,2022-02-20,2022-02-18
출항,2022,1,4060,160,2022-02-20,2022-02-20,2022-02-18
입항,2022,1,3910,155,2022-02-20,2022-02-20,2022-02-18
입항,2022,1,4060,160,2022-02-20,2022-02-20,2022-02-18
출항,2022,2,28517,500,2022-02-20,2022-02-21,2022-02-18
출항,2022,1,4040,150,2022-02-20,2022-02-20,2022-02-18
입항,2022,1,4060,100,2022-02-20,2022-02-20,2022-02-18
출항,2022,4,3686,150,2022-02-20,2022-02-20,2022-02-18
입항,2022,1,7675,100,2022-02-20,2022-02-20,2022-02-19
출항,2022,1,12862,785,2022-02-19,2022-02-20,2022-02-17
입항,2022,2,8686,200,2022-02-19,2022-02-19,2022-02-18
출항,2022,1,3910,150,2022-02-19,2022-02-19,2022-02-18
출항,2022,1,4890,160,2022-02-19,2022-02-19,2022-02-18
출항,2022,1,7675,300,2022-02-19,2022-02-19,2022-02-18
출항,2022,4,2210,70,2022-02-19,2022-02-19,2022-02-18
입항,2022,2,28096,600,2022-02-19,2022-02-19,2022-02-18
입항,2022,1,8995,500,2022-02-19,2022-02-19,2022-02-18
입항,2022,1,4387,0,2022-02-19,2022-02-19,2022-02-18
출항,2022,1,29462,500,2022-02-18,2022-02-18,2022-02-17
입항,2022,1,4890,228,2022-02-18,2022-02-18,2022-02-17
통과,2022,1,4314,0,2022-02-18,2022-02-18,2022-02-18
출항,2022,1,4175,1,2022-02-17,2022-02-17,2022-02-16
입항,2022,2,2498,65,2022-02-17,2022-02-17,2022-02-16
입항,2022,1,6944,220,2022-02-16,2022-02-17,2022-02-08
입항,2022,1,3271,200,2022-02-16,2022-02-16,2022-02-15
입항,2022,7,2497,110,2022-02-16,2022-02-16,2022-02-15
입항,2022,1,4126,220,2022-02-16,2022-02-16,2022-02-15
출항,2022,1,6489,500,2022-02-16,2022-02-16,2022-02-15
출항,2022,1,17208,620,2022-02-16,2022-02-16,2022-02-15
출항,2022,1,28458,900,2022-02-16,2022-02-16,2022-02-15
출항,2022,4,5546,200,2022-02-16,2022-02-16,2022-02-15
출항,2022,1,8294,380,2022-02-16,2022-02-16,2022-02-15
출항,2022,3,7072,0,2022-02-16,2022-02-16,2022-02-15
출항,2022,1,2993,100,2022-02-16,2022-02-16,2022-02-16
입항,2022,4,5546,200,2022-02-15,2022-02-15,2022-02-14
출항,2022,1,6194,100,2022-02-15,2022-02-15,2022-02-14
입항,2022,1,29875,400,2022-02-15,2022-02-15,2022-02-14
입항,2022,1,5392,210,2022-02-15,2022-02-15,2022-02-15
입항,2022,6,4159,110,2022-02-15,2022-02-16,2022-02-15
출항,2022,1,61237,500,2022-02-15,2022-02-23,2022-02-22
출항,2022,3,3038,150,2022-02-14,2022-02-14,2022-02-11
출항,2022,1,1637,65,2022-02-14,2022-02-14,2022-02-11
입항,2022,1,8944,60,2022-02-14,2022-02-14,2022-02-11
입항,2022,1,4175,215,2022-02-14,2022-02-15,2022-02-11
입항,2022,1,6489,500,2022-02-14,2022-02-15,2022-02-14
입항,2022,1,8944,60,2022-02-14,2022-02-15,2022-02-14
입항,2022,1,29130,400,2022-02-13,2022-02-14,2022-02-11
출항,2022,1,48419,1300,2022-02-13,2022-02-13,2022-02-11
입항,2022,1,84448,0,2022-02-13,2022-02-13,2022-02-11
입항,2022,1,9800,0,2022-02-13,2022-02-13,2022-02-12
입항,2022,2,19984,190,2022-02-12,2022-02-12,2022-02-11
출항,2022,1,16084,600,2022-02-12,2022-02-12,2022-02-11
입항,2022,1,29593,598,2022-02-12,2022-02-12,2022-02-11
입항,2022,1,3115,40,2022-02-12,2022-02-12,2022-02-11
입항,2022,1,29188,500,2022-02-12,2022-02-12,2022-02-11
입항,2022,1,2517,70,2022-02-12,2022-02-12,2022-02-11
입항,2022,1,4235,240,2022-02-11,2022-02-11,2022-02-10
출항,2022,1,5060,200,2022-02-11,2022-02-11,2022-02-10
출항,2022,1,4543,160,2022-02-11,2022-02-11,2022-02-10
출항,2022,1,5074,160,2022-02-11,2022-02-11,2022-02-10
출항,2022,1,3887,100,2022-02-11,2022-02-12,2022-02-11
입항,2022,2,21326,550,2022-02-10,2022-02-11,2022-01-27
통과,2022,1,100244,2500,2022-02-10,2022-02-11,2022-02-07
입항,2022,1,29266,300,2022-02-10,2022-02-10,2022-02-08
통과,2022,1,29905,600,2022-02-10,2022-02-10,2022-02-09
출항,2022,1,38975,1000,2022-02-10,2022-02-10,2022-02-09
출항,2022,1,28777,600,2022-02-10,2022-02-11,2022-02-10
출항,2022,1,4159,500,2022-02-10,2022-02-10,2022-02-10
입항,2022,1,7687,140,2022-02-10,2022-02-10,2022-02-10
입항,2022,1,11962,200,2022-02-09,2022-02-09,2022-02-08
입항,2022,1,8072,500,2022-02-09,2022-02-09,2022-02-08
입항,2022,1,26897,800,2022-02-09,2022-02-09,2022-02-08
출항,2022,1,50468,900,2022-02-09,2022-02-09,2022-02-08
출항,2022,1,30087,0,2022-02-09,2022-02-09,2022-02-08
입항,2022,1,11653,250,2022-02-09,2022-02-09,2022-02-09
출항,2022,1,43987,900,2022-02-08,2022-02-09,2022-02-04
출항,2022,1,4688,150,2022-02-08,2022-02-08,2022-02-07
통과,2022,1,6976,20,2022-02-08,2022-02-08,2022-02-07
입항,2022,1,4688,4000,2022-02-08,2022-02-08,2022-02-07
출항,2022,1,28891,10020,2022-02-08,2022-02-08,2022-02-07
출항,2022,1,29644,180,2022-02-08,2022-02-08,2022-02-07
입항,2022,1,13893,770,2022-02-08,2022-02-08,2022-02-07
입항,2022,1,29593,500,2022-02-08,2022-02-08,2022-02-08
출항,2022,1,30068,360,2022-02-07,2022-02-07,2022-02-01
통과,2022,1,2999,215,2022-02-07,2022-02-07,2022-02-03
입항,2022,1,28517,500,2022-02-07,2022-02-07,2022-02-03
출항,2022,1,28891,850,2022-02-07,2022-02-07,2022-02-04
입항,2022,1,8294,350,2022-02-07,2022-02-07,2022-02-04
입항,2022,1,8294,0,2022-02-07,2022-02-07,2022-02-06
입항,2022,1,2823,100,2022-02-07,2022-02-08,2022-02-07
입항,2022,1,8294,350,2022-02-07,2022-02-08,2022-02-07
출항,2022,1,29597,650,2022-02-07,2022-02-08,2022-02-07
통과,2022,1,86628,0,2022-02-06,2022-02-06,2022-01-28
출항,2022,1,29597,200,2022-02-06,2022-02-07,2022-02-02
출항,2022,1,28160,500,2022-02-06,2022-02-06,2022-02-02
출항,2022,2,35853,500,2022-02-06,2022-02-06,2022-02-03
출항,2022,1,15711,600,2022-02-06,2022-02-06,2022-02-04
입항,2022,1,42010,1000,2022-02-06,2022-02-06,2022-02-05
출항,2022,1,29597,700,2022-02-06,2022-02-07,2022-02-05
출항,2022,1,8255,0,2022-02-06,2022-02-06,2022-02-06
통과,2022,1,86628,0,2022-02-05,2022-02-05,2022-01-28
입항,2022,1,63338,0,2022-02-05,2022-02-05,2022-02-03
출항,2022,1,27725,300,2022-02-05,2022-02-05,2022-02-04
출항,2022,1,5025,1000,2022-02-05,2022-02-05,2022-02-04
입항,2022,1,2696,90,2022-02-05,2022-02-05,2022-02-04
입항,2022,1,7675,160,2022-02-05,2022-02-05,2022-02-04
입항,2022,5,2101,1,2022-02-05,2022-02-05,2022-02-04
입항,2022,1,2696,0,2022-02-05,2022-02-05,2022-02-04
출항,2022,1,80688,1100,2022-02-04,2022-02-04,2022-02-02
통과,2022,1,18702,1000,2022-02-04,2022-02-04,2022-02-03
출항,2022,1,5988,120,2022-02-04,2022-02-04,2022-02-03
출항,2022,1,3834,200,2022-02-04,2022-02-04,2022-02-03
출항,2022,1,9800,400,2022-02-04,2022-02-04,2022-02-03
출항,2022,1,14034,150,2022-02-04,2022-02-05,2022-02-03
입항,2022,1,7143,0,2022-02-04,2022-02-04,2022-02-03
출항,2022,1,5988,120,2022-02-04,2022-02-05,2022-02-04
출항,2022,1,9800,250,2022-02-03,2022-02-03,2022-01-28
입항,2022,1,30087,900,2022-02-03,2022-02-03,2022-02-02
통과,2022,1,29903,0,2022-02-03,2022-02-03,2022-02-02
입항,2022,1,7219,320,2022-02-03,2022-02-04,2022-02-03
입항,2022,1,5315,226,2022-02-03,2022-02-04,2022-02-03
입항,2022,1,2999,60,2022-02-03,2022-02-04,2022-02-03
출항,2022,1,13753,400,2022-02-03,2022-02-04,2022-02-03
통과,2022,1,18760,980,2022-02-02,2022-02-02,2022-01-28
출항,2022,1,28160,520,2022-02-02,2022-02-02,2022-01-28
출항,2022,1,5422,90,2022-02-02,2022-02-02,2022-01-31
출항,2022,1,8499,300,2022-02-02,2022-02-02,2022-01-31
출항,2022,1,3380,150,2022-02-02,2022-02-02,2022-02-01
출항,2022,1,4387,30,2022-02-02,2022-02-03,2022-02-01
입항,2022,1,18034,300,2022-02-01,2022-02-01,2022-01-30
입항,2022,1,4159,300,2022-02-01,2022-02-02,2022-01-31
입항,2022,1,10380,300,2022-01-31,2022-01-31,2022-01-28
통과,2022,1,2583,120,2022-01-31,2022-01-31,2022-01-28
출항,2022,1,8611,35,2022-01-31,2022-01-31,2022-01-28
출항,2022,1,3038,100,2022-01-31,2022-01-31,2022-01-28
입항,2022,1,5085,90,2022-01-31,2022-01-31,2022-01-28
출항,2022,1,3887,100,2022-01-31,2022-01-31,2022-01-30
통과,2022,1,28095,0,2022-01-31,2022-01-31,2022-01-30
출항,2022,1,4224,265,2022-01-30,2022-01-30,2022-01-27
입항,2022,1,2579,165,2022-01-30,2022-01-31,2022-01-28
출항,2022,1,4387,40,2022-01-30,2022-01-30,2022-01-28
출항,2022,1,29974,300,2022-01-30,2022-01-30,2022-01-28
출항,2022,1,4812,7000,2022-01-30,2022-01-30,2022-01-28
입항,2022,1,29304,50,2022-01-30,2022-01-30,2022-01-28
입항,2022,1,28985,1100,2022-01-30,2022-01-30,2022-01-28
출항,2022,1,3887,200,2022-01-30,2022-01-30,2022-01-28
출항,2022,1,4758,500,2022-01-30,2022-01-31,2022-01-28
입항,2022,1,2682,130,2022-01-30,2022-01-31,2022-01-28
출항,2022,1,48249,0,2022-01-30,2022-01-30,2022-01-29
입항,2022,1,29814,300,2022-01-30,2022-01-30,2022-01-29
출항,2022,1,5667,0,2022-01-29,2022-01-29,2022-01-25
출항,2022,1,27725,700,2022-01-29,2022-01-29,2022-01-27
출항,2022,1,2028,58,2022-01-29,2022-01-29,2022-01-27
입항,2022,1,2993,40,2022-01-29,2022-01-29,2022-01-28
출항,2022,1,28160,200,2022-01-29,2022-01-29,2022-01-28
입항,2022,1,29447,450,2022-01-29,2022-01-29,2022-01-28
출항,2022,1,29141,720,2022-01-29,2022-01-30,2022-01-28
출항,2022,1,11939,270,2022-01-29,2022-01-29,2022-01-28
출항,2022,1,27725,800,2022-01-29,2022-01-29,2022-01-28
입항,2022,1,28231,800,2022-01-29,2022-01-29,2022-01-28
출항,2022,1,20058,700,2022-01-29,2022-01-29,2022-01-28
입항,2022,1,7699,0,2022-01-29,2022-01-29,2022-01-28
입항,2022,1,1974,70,2022-01-29,2022-01-29,2022-01-29
통과,2022,1,8448,280,2022-01-28,2022-01-29,2022-01-06
출항,2022,1,16572,200,2022-01-28,2022-01-28,2022-01-20
출항,2022,1,30873,1195,2022-01-28,2022-01-28,2022-01-24
입항,2022,1,29814,500,2022-01-28,2022-01-28,2022-01-27
출항,2022,2,8525,220,2022-01-28,2022-01-28,2022-01-26
입항,2022,1,6976,100,2022-01-28,2022-01-28,2022-01-26
출항,2022,1,29636,0,2022-01-28,2022-01-28,2022-01-27
입항,2022,1,20517,30,2022-01-28,2022-01-29,2022-01-27
입항,2022,1,5435,100,2022-01-28,2022-01-29,2022-01-28
출항,2022,1,65552,0,2022-01-28,2022-01-29,2022-01-28
입항,2022,1,29814,300,2022-01-28,2022-01-29,2022-01-28
입항,2022,1,16413,300,2022-01-28,2022-02-05,2022-02-04
입항,2022,1,4960,80,2022-01-27,2022-01-27,2022-01-26
입항,2022,1,4879,145,2022-01-27,2022-01-27,2022-01-26
출항,2022,1,29636,600,2022-01-27,2022-01-27,2022-01-26
출항,2022,1,26364,900,2022-01-27,2022-01-28,2022-01-26
입항,2022,1,4879,150,2022-01-27,2022-01-27,2022-01-27
입항,2022,1,2657,100,2022-01-27,2022-01-28,2022-01-27
입항,2022,1,3792,35,2022-01-27,2022-01-28,2022-01-27
출항,2022,3,4862,100,2022-01-26,2022-01-26,2022-01-25
출항,2022,1,16222,70,2022-01-26,2022-01-26,2022-01-25
입항,2022,1,6317,1,2022-01-26,2022-01-26,2022-01-25
입항,2022,1,7250,300,2022-01-26,2022-01-26,2022-01-25
출항,2022,1,29733,500,2022-01-26,2022-01-26,2022-01-25
출항,2022,1,27725,300,2022-01-26,2022-01-26,2022-01-25
출항,2022,1,4552,50,2022-01-26,2022-01-26,2022-01-25
출항,2022,1,4564,150,2022-01-26,2022-01-26,2022-01-25
출항,2022,1,27357,500,2022-01-26,2022-01-26,2022-01-25
입항,2022,1,65552,0,2022-01-26,2022-01-26,2022-01-25
출항,2022,1,2028,64,2022-01-26,2022-01-27,2022-01-25
입항,2022,1,11709,0,2022-01-26,2022-01-26,2022-01-26
입항,2022,1,30873,1100,2022-01-26,2022-01-27,2022-01-26
출항,2022,1,12091,200,2022-01-26,2022-01-26,2022-01-26
출항,2022,1,7675,330,2022-01-26,2022-01-27,2022-01-26
입항,2022,4,4543,25,2022-01-26,2022-01-26,2022-01-26
출항,2022,1,2498,110,2022-01-25,2022-01-25,2022-01-24
입항,2022,1,81409,300,2022-01-25,2022-01-25,2022-01-24
출항,2022,2,2695,182,2022-01-25,2022-01-25,2022-01-24
출항,2022,1,11534,830,2022-01-25,2022-01-25,2022-01-24
입항,2022,1,81324,500,2022-01-25,2022-01-25,2022-01-24
입항,2022,1,7675,320,2022-01-25,2022-01-25,2022-01-24
출항,2022,1,29000,900,2022-01-25,2022-01-25,2022-01-24
출항,2022,4,3765,170,2022-01-25,2022-01-25,2022-01-25
출항,2022,1,3595,170,2022-01-25,2022-01-26,2022-01-25
출항,2022,1,4060,120,2022-01-25,2022-01-25,2022-01-25
출항,2022,1,5422,120,2022-01-25,2022-01-26,2022-01-25
출항,2022,1,30237,1100,2022-01-24,2022-01-25,2022-01-21
출항,2022,1,2695,0,2022-01-24,2022-01-24,2022-01-21
출항,2022,1,157039,1,2022-01-24,2022-01-24,2022-01-21
출항,2022,1,27725,700,2022-01-24,2022-01-24,2022-01-21
입항,2022,1,43687,500,2022-01-24,2022-01-24,2022-01-21
입항,2022,1,3575,98,2022-01-24,2022-01-24,2022-01-21
입항,2022,1,5315,80,2022-01-24,2022-01-24,2022-01-21
출항,2022,2,3185,53,2022-01-24,2022-01-24,2022-01-22
출항,2022,1,3595,250,2022-01-24,2022-01-24,2022-01-23
입항,2022,1,5315,80,2022-01-24,2022-01-25,2022-01-24
출항,2022,1,4972,80,2022-01-24,2022-01-25,2022-01-24
출항,2022,1,41612,760,2022-01-23,2022-01-23,2022-01-20
입항,2022,1,4812,0,2022-01-23,2022-01-23,2022-01-21
출항,2022,1,30945,900,2022-01-23,2022-01-24,2022-01-21
출항,2022,1,2497,110,2022-01-23,2022-01-23,2022-01-21
출항,2022,1,11534,820,2022-01-23,2022-01-23,2022-01-21
출항,2022,1,29000,700,2022-01-23,2022-01-23,2022-01-21
출항,2022,1,28778,500,2022-01-23,2022-01-23,2022-01-21
출항,2022,1,8504,60,2022-01-23,2022-01-23,2022-01-21
출항,2022,1,5422,200,2022-01-23,2022-01-23,2022-01-22
출항,2022,1,28778,500,2022-01-23,2022-01-23,2022-01-22
입항,2022,1,3901,140,2022-01-23,2022-01-23,2022-01-23
출항,2022,1,7234,50,2022-01-23,2022-01-23,2022-01-23
출항,2022,1,56373,140,2022-01-22,2022-01-22,2022-01-21
출항,2022,1,157039,350,2022-01-22,2022-01-23,2022-01-21
출항,2022,1,30027,240,2022-01-22,2022-01-22,2022-01-21
입항,2022,1,11634,200,2022-01-22,2022-01-23,2022-01-21
입항,2022,3,2682,100,2022-01-22,2022-01-22,2022-01-21
출항,2022,1,11570,450,2022-01-22,2022-01-22,2022-01-21
입항,2022,1,29733,500,2022-01-22,2022-01-23,2022-01-21
출항,2022,1,8455,100,2022-01-22,2022-01-22,2022-01-21
출항,2022,1,19968,450,2022-01-22,2022-01-22,2022-01-21
출항,2022,1,19968,450,2022-01-22,2022-01-22,2022-01-21
출항,2022,1,5680,400,2022-01-22,2022-01-23,2022-01-22
출항,2022,1,47287,500,2022-01-21,2022-01-21,2022-01-19
입항,2022,1,2993,80,2022-01-21,2022-01-21,2022-01-20
출항,2022,1,12162,310,2022-01-21,2022-01-21,2022-01-20
입항,2022,1,8072,135,2022-01-21,2022-01-21,2022-01-21
입항,2022,1,5083,40,2022-01-21,2022-01-22,2022-01-21
출항,2022,2,12162,270,2022-01-20,2022-01-20,2022-01-19
출항,2022,1,5074,200,2022-01-20,2022-01-20,2022-01-19
출항,2022,1,157039,250,2022-01-19,2022-01-19,2022-01-17
출항,2022,1,12183,720,2022-01-19,2022-01-20,2022-01-18
출항,2022,1,22814,720,2022-01-19,2022-01-19,2022-01-18
입항,2022,1,5422,100,2022-01-19,2022-01-19,2022-01-18
출항,2022,1,19968,450,2022-01-19,2022-01-19,2022-01-18
출항,2022,1,4067,90,2022-01-19,2022-01-19,2022-01-19
입항,2022,1,4159,100,2022-01-19,2022-01-20,2022-01-19
출항,2022,3,84565,500,2022-01-18,2022-01-18,2022-01-10
입항,2022,1,22987,200,2022-01-18,2022-01-18,2022-01-14
출항,2022,1,12101,590,2022-01-18,2022-01-18,2022-01-16
출항,2022,1,25117,1000,2022-01-18,2022-01-17,2022-01-17
입항,2022,1,8277,150,2022-01-18,2022-01-18,2022-01-17
입항,2022,1,2579,30,2022-01-18,2022-01-17,2022-01-17
입항,2022,1,5002,110,2022-01-18,2022-01-19,2022-01-18
통과,2022,1,18703,500,2022-01-17,2022-01-17,2022-01-14
출항,2022,1,42172,500,2022-01-17,2022-01-17,2022-01-14
입항,2022,1,39307,800,2022-01-17,2022-01-17,2022-01-14
출항,2022,1,39044,192,2022-01-17,2022-01-18,2022-01-17
출항,2022,1,4417,100,2022-01-17,2022-01-18,2022-01-17
출항,2022,1,2106,80,2022-01-17,2022-01-18,2022-01-17
입항,2022,1,8686,150,2022-01-16,2022-01-16,2022-01-13
출항,2022,1,4301,200,2022-01-16,2022-01-16,2022-01-14
출항,2022,1,11290,130,2022-01-16,2022-01-16,2022-01-14
출항,2022,1,23702,500,2022-01-16,2022-01-17,2022-01-14
출항,2022,1,2696,100,2022-01-16,2022-01-16,2022-01-14
출항,2022,1,42172,400,2022-01-16,2022-01-16,2022-01-15
출항,2022,1,30302,1070,2022-01-16,2022-01-16,2022-01-14
출항,2022,1,2993,30,2022-01-16,2022-01-16,2022-01-16
출항,2022,2,2403,0,2022-01-15,2022-01-16,2022-01-08
통과,2022,1,30053,330,2022-01-15,2022-01-15,2022-01-09
입항,2022,1,4758,50,2022-01-15,2022-01-15,2022-01-14
입항,2022,1,7064,185,2022-01-15,2022-01-15,2022-01-14
출항,2022,1,82870,500,2022-01-15,2022-01-15,2022-01-14
출항,2022,2,5546,170,2022-01-15,2022-01-15,2022-01-14
입항,2022,1,7675,100,2022-01-15,2022-01-15,2022-01-14
출항,2022,1,2490,60,2022-01-15,2022-01-15,2022-01-14
출항,2022,1,2517,100,2022-01-15,2022-01-15,2022-01-14
입항,2022,1,29707,650,2022-01-14,2022-01-14,2022-01-13
입항,2022,1,84624,500,2022-01-14,2022-01-14,2022-01-13
입항,2022,1,8944,55,2022-01-14,2022-01-14,2022-01-13
출항,2022,2,5546,200,2022-01-13,2022-01-13,2022-01-12
출항,2022,1,4040,100,2022-01-13,2022-01-13,2022-01-12
입항,2022,1,4067,175,2022-01-13,2022-01-13,2022-01-12
입항,2022,1,2193,100,2022-01-12,2022-01-12,2022-01-12
출항,2022,1,8504,330,2022-01-11,2022-01-12,2022-01-09
출항,2022,1,28777,100,2022-01-11,2022-01-11,2022-01-10
출항,2022,1,29737,500,2022-01-11,2022-01-11,2022-01-10
입항,2022,1,628121,400,2022-01-11,2022-01-11,2022-01-10
입항,2022,1,5025,0,2022-01-11,2022-01-11,2022-01-10
출항,2022,1,4060,60,2022-01-11,2022-01-11,2022-01-10
입항,2022,1,6961,110,2022-01-11,2022-01-11,2022-01-10
통과,2022,1,25071,100,2022-01-11,2022-01-11,2022-01-10
입항,2022,1,3887,100,2022-01-11,2022-01-11,2022-01-10
출항,2022,1,4126,130,2022-01-11,2022-01-11,2022-01-11
출항,2022,1,30945,50,2022-01-10,2022-01-10,2022-01-06
입항,2022,1,4060,85,2022-01-10,2022-01-10,2022-01-07
입항,2022,1,5546,200,2022-01-10,2022-01-10,2022-01-08
출항,2022,2,2403,0,2022-01-10,2022-01-10,2022-01-09
출항,2022,1,3910,150,2022-01-10,2022-01-09,2022-01-09
출항,2022,1,46851,1650,2022-01-10,2022-01-11,2022-01-10
입항,2022,1,5422,48,2022-01-10,2022-01-10,2022-01-10
입항,2022,1,5315,100,2022-01-10,2022-01-10,2022-01-10
입항,2022,1,25071,500,2022-01-09,2022-01-10,2022-01-06
출항,2022,1,44025,1000,2022-01-09,2022-01-09,2022-01-07
출항,2022,1,29575,575,2022-01-09,2022-01-09,2022-01-07
입항,2022,1,2163,60,2022-01-09,2022-01-09,2022-01-08
출항,2022,1,8539,140,2022-01-08,2022-01-08,2022-01-05
출항,2022,1,8295,200,2022-01-08,2022-01-08,2022-01-05
통과,2022,1,43718,976,2022-01-08,2022-01-08,2022-01-06
출항,2022,1,27969,300,2022-01-08,2022-01-08,2022-01-06
출항,2022,1,7699,145,2022-01-08,2022-01-09,2022-01-07
입항,2022,1,2193,90,2022-01-08,2022-01-08,2022-01-07
통과,2022,1,44025,1000,2022-01-07,2022-01-07,2022-01-01
출항,2022,1,29525,750,2022-01-07,2022-01-07,2022-01-06
출항,2022,1,5060,200,2022-01-07,2022-01-07,2022-01-06
출항,2022,1,2579,110,2022-01-07,2022-01-07,2022-01-07
출항,2022,1,3319,150,2022-01-07,2022-01-08,2022-01-07
출항,2022,1,5371,270,2022-01-07,2022-02-08,2022-02-07
입항,2022,1,3376,160,2022-01-06,2022-01-06,2022-01-04
출항,2022,1,8278,185,2022-01-06,2022-01-06,2022-01-05
입항,2022,1,19899,100,2022-01-06,2022-01-07,2022-01-05
출항,2022,1,4833,100,2022-01-06,2022-01-06,2022-01-05
출항,2022,1,5551,228,2022-01-06,2022-01-06,2022-01-05
출항,2022,1,2362,100,2022-01-06,2022-01-06,2022-01-05
출항,2022,1,28131,1350,2022-01-05,2022-01-05,2021-12-31
출항,2022,1,84565,1000,2022-01-05,2022-01-06,2022-01-03
출항,2022,1,11918,700,2022-01-05,2022-01-05,2022-01-04
출항,2022,1,5422,300,2022-01-05,2022-01-05,2022-01-04
입항,2022,1,4828,100,2022-01-05,2022-01-05,2022-01-04
출항,2022,1,5422,160,2022-01-05,2022-01-05,2022-01-04
출항,2022,1,7463,300,2022-01-05,2022-01-05,2022-01-04
출항,2022,1,11918,700,2022-01-05,2022-01-05,2022-01-04
출항,2022,1,11918,400,2022-01-05,2022-01-05,2022-01-04
출항,2022,1,7463,50,2022-01-05,2022-01-06,2022-01-05
출항,2022,1,12162,200,2022-01-05,2022-01-06,2022-01-05
입항,2022,1,7301,330,2022-01-04,2022-01-05,2022-01-03
출항,2022,1,60379,1000,2022-01-04,2022-01-04,2022-01-03
출항,2022,1,4159,200,2022-01-04,2022-01-04,2022-01-03
통과,2022,1,2946,100,2022-01-04,2022-01-04,2022-01-03
출항,2022,1,2946,135,2022-01-04,2022-01-04,2022-01-03
출항,2022,1,2993,90,2022-01-04,2022-01-04,2022-01-04
출항,2022,1,7301,330,2022-01-04,2022-01-05,2022-01-04
출항,2022,1,4159,300,2022-01-04,2022-01-05,2022-01-04
출항,2022,1,4159,200,2022-01-04,2022-01-05,2022-01-04
출항,2022,1,29636,885,2022-01-03,2022-01-03,2022-01-01
입항,2022,1,8581,200,2022-01-03,2022-01-03,2022-01-03
출항,2022,1,6441,120,2022-01-03,2022-01-04,2022-01-03
출항,2022,1,4568,50,2022-01-02,2022-01-02,2021-12-31
입항,2022,1,3595,40,2022-01-02,2022-01-02,2021-12-31
입항,2022,6,8295,200,2022-01-02,2022-01-02,2022-01-02
출항,2022,1,6583,105,2022-01-02,2022-01-03,2022-01-02
